inchikey2D	inchi	molecularFormula	rank	score	name	smiles	xlogp	PubMedIds	links	tanimotoSimilarity	dbflags
CKFFRANXAULWHQ	InChI=1S/C12H20BN3O3/c1-15-2-4-16(5-3-15)6-7-19-12-8-11(13(17)18)9-14-10-12/h8-10,17-18H,2-7H2,1H3	C12H20BN3O3	1	-386.8358713715139	null	B(C1=CC(=CN=C1)OCCN2CCN(CC2)C)(O)O	-0.320228249		PubChem:(82892319)	0.3891625615763547	2
QUEIXBFMJFCEAV	InChI=1S/C12H20BN3O3/c1-11(2)12(3,4)19-13(18-11)9-7-15-10(16-8-9)14-5-6-17/h7-8,17H,5-6H2,1-4H3,(H,14,15,16)	C12H20BN3O3	2	-501.8484282701098	2-(2-Hydroxyethylamino)pyrimidine-5-boronic acid pinacol ester	B1(OC(C(O1)(C)C)(C)C)C2=CN=C(N=C2)NCCO	1.03298879		PubChem:(46739652)	0.2361111111111111	2
GGYKPHJMIOVDLW	InChI=1S/C12H20BN3O3/c1-11(2)12(3,4)19-13(18-11)8-7-15-9(6-14)16-10(8)17-5/h7H,6,14H2,1-5H3	C12H20BN3O3	3	-506.2758253904373	null	B1(OC(C(O1)(C)C)(C)C)C2=CN=C(N=C2OC)CN	0.740847945		PubChem:(67266165)	0.22790697674418606	2
SLXDVMISZICXJR	InChI=1S/C12H20BN3O3/c1-11(2)12(3,4)19-13(18-11)9-8-16(15-14-9)10-6-5-7-17-10/h8,10H,5-7H2,1-4H3	C12H20BN3O3	4	-520.1636886426948	null	B1(OC(C(O1)(C)C)(C)C)C2=CN(N=N2)C3CCCO3	1.83401418		PubChem:(133662281)	0.2112676056338028	2
CBACZCQOYFWCOQ	InChI=1S/C12H20BN3O3/c1-11(2)12(3,4)19-13(18-11)9-6-15-16(7-9)8-10(17)14-5/h6-7H,8H2,1-5H3,(H,14,17)	C12H20BN3O3	5	-522.563900092597	null	B1(OC(C(O1)(C)C)(C)C)C2=CN(N=C2)CC(=O)NC	0.92347002		PubChem:(71108589)	0.2328767123287671	2
JZLIBMJAXDJTTD	InChI=1S/C12H20BN3O3/c1-11(2)12(3,4)19-13(18-11)9-7-14-16(8-9)10(17)15(5)6/h7-8H,1-6H3	C12H20BN3O3	6	-523.9273322846406	null	B1(OC(C(O1)(C)C)(C)C)C2=CN(N=C2)C(=O)N(C)C	1.35877407		PubChem:(53431583)	0.20465116279069767	2
MFIIECQCFYGEKS	InChI=1S/C12H20BN3O3/c1-11(2)12(3,4)19-13(18-11)8-7-16(6)10(17)9(14-5)15-8/h7H,1-6H3,(H,14,15)	C12H20BN3O3	7	-524.1443001651385	null	B1(OC(C(O1)(C)C)(C)C)C2=CN(C(=O)C(=N2)NC)C	0.934090734		PubChem:(90806893)	0.2102803738317757	2
UPFGPCGHWQURHZ	InChI=1S/C12H20BN3O3/c1-11(2)12(3,4)19-13(18-11)8-7-15-10(17-6)16-9(8)14-5/h7H,1-6H3,(H,14,15,16)	C12H20BN3O3	8	-524.1795748832881	null	B1(OC(C(O1)(C)C)(C)C)C2=CN=C(N=C2NC)OC	1.86768746		PubChem:(72221415)	0.1990521327014218	2
VHDYVKQYFGCJRR	InChI=1S/C12H20BN3O3/c1-11(2)12(3,4)19-13(18-11)10-7-16(15-14-10)9-5-6-17-8-9/h7,9H,5-6,8H2,1-4H3	C12H20BN3O3	9	-525.0032807477423	null	B1(OC(C(O1)(C)C)(C)C)C2=CN(N=N2)C3CCOC3	1.24226081		PubChem:(130138589)	0.22535211267605634	2
DAGHBZRNAHMUGA	InChI=1S/C12H20BN3O3/c1-11(2)12(3,4)19-13(18-11)8-6-9(17-5)10(16-14)15-7-8/h6-7H,14H2,1-5H3,(H,15,16)	C12H20BN3O3	10	-528.8266256205923	null	B1(OC(C(O1)(C)C)(C)C)C2=CC(=C(N=C2)NN)OC	1.54646087		PubChem:(131389896)	0.22624434389140272	2
XMQLTZFPSQIPNQ	InChI=1S/C12H20BN3O3/c1-7-8(16-10(17-6)9(14)15-7)13-18-11(2,3)12(4,5)19-13/h1-6H3,(H2,14,15)	C12H20BN3O3	11	-529.547287402879	3-methoxy-6-methyl-5-(4,4,5,5-tetramethyl-1,3,2-dioxaborolan-2-yl)pyrazin-2-amine	B1(OC(C(O1)(C)C)(C)C)C2=C(N=C(C(=N2)OC)N)C	1.97479761		PubChem:(59137433)	0.1875	2
POZMTDBIARATTJ	InChI=1S/C12H20BN3O3/c1-11(2)12(3,4)19-13(18-11)9-7-15-16(8-9)6-5-10(14)17/h7-8H,5-6H2,1-4H3,(H2,14,17)	C12H20BN3O3	12	-530.4180313801879	4-(4,4,5,5-Tetramethyl-1,3,2-dioxaborolan-2-yl)-1H-pyrazole-1-propanamide	B1(OC(C(O1)(C)C)(C)C)C2=CN(N=C2)CCC(=O)N	0.748118281		PubChem:(57345811)	0.2237442922374429	2
SCEIASRRQCPXPG	InChI=1S/C12H20BN3O3/c1-6-14-10(17)16-8-9(7-15-16)13-18-11(2,3)12(4,5)19-13/h7-8H,6H2,1-5H3,(H,14,17)	C12H20BN3O3	13	-542.6781558640099	null	B1(OC(C(O1)(C)C)(C)C)C2=CN(N=C2)C(=O)NCC	1.52037919		PubChem:(134686818)	0.20361990950226244	2
FYPUZCUNRHUQBR	InChI=1S/C12H20BN3O3/c1-3-5-6-10-18-13(7-4-2)19-15-12(17)16-9-8-14-11-16/h4,8-9,11H,2-3,5-7,10H2,1H3,(H,15,17)	C12H20BN3O3	14	-542.8623395623484	null	B(CC=C)(OCCCCC)ONC(=O)N1C=CN=C1	2.66400003		PubChem:(87207393)	0.22580645161290322	2
RUEXDODPVGOJSG	InChI=1S/C12H20BN3O3/c1-11(2)12(3,4)19-13(18-11)8-7-15-10(14-5)16-9(8)17-6/h7H,1-6H3,(H,14,15,16)	C12H20BN3O3	15	-545.7354529166919	null	B1(OC(C(O1)(C)C)(C)C)C2=CN=C(N=C2OC)NC	1.86768746		PubChem:(59612914)	0.1926605504587156	2
FKPVOPJJAYRZME	InChI=1S/C12H20BN3O3/c1-6-17-10-9(14)15-7-8(16-10)13-18-11(2,3)12(4,5)19-13/h7H,6H2,1-5H3,(H2,14,15)	C12H20BN3O3	16	-551.3988264857264	{\\rtf1\\ansi\\ansicpg1252\\deff0\\deflang1033{\\fonttbl{\\f0\\fnil\\fcharset0 MS Sans Serif;}}\\viewkind4\\uc1\\pard\\f0\\fs17 5-Amino-6-ethoxypyrazine-2-boronic acid pinacol ester\\par}	B1(OC(C(O1)(C)C)(C)C)C2=CN=C(C(=N2)OCC)N	1.77520013		PubChem:(53398627)	0.19815668202764977	2
SMPSBIKHJQBPNK	InChI=1S/C12H20BN3O3/c1-2-11(13(18)19)6-4-3-5-7-15-12(17)16-9-8-14-10-16/h2,8-11,18-19H,1,3-7H2,(H,15,17)	C12H20BN3O3	17	-558.8033151555363	null	B(C(CCCCCNC(=O)N1C=CN=C1)C=C)(O)O	1.52987218		PubChem:(66926941)	0.24663677130044842	2
YWJWRQKUVIYHGW	InChI=1S/C12H20BN3O3/c1-8(17)14-10-9(7-16(6)15-10)13-18-11(2,3)12(4,5)19-13/h7H,1-6H3,(H,14,15,17)	C12H20BN3O3	18	-559.8151554213196	null	B1(OC(C(O1)(C)C)(C)C)C2=CN(N=C2NC(=O)C)C	1.45477629		PubChem:(90289133)	0.20444444444444446	2
XJSYBVQSHZVDJQ	InChI=1S/C12H20BN3O3/c1-6-17-9-8(7-15-10(14)16-9)13-18-11(2,3)12(4,5)19-13/h7H,6H2,1-5H3,(H2,14,15,16)	C12H20BN3O3	19	-561.4315610993136	null	B1(OC(C(O1)(C)C)(C)C)C2=CN=C(N=C2OCC)N	1.84164751		PubChem:(131507397)	0.19282511210762332	2
JUSGCMJXDYNDDK	InChI=1S/C12H20BN3O3/c1-5-9(2)12(14-15-13-3)6-7-16(11(12)18)8-10(17)19-4/h9H,3,5-8H2,1-2,4H3	C12H20BN3O3	20	-653.0521927629242	null	B(=C)N=NC1(CCN(C1=O)CC(=O)OC)C(C)CC	2.10135651		PubChem:(89382854)	0.24812030075187969	2
