{
  "molecularFormula" : "C8H7NS2",
  "root" : "C8H7NS2",
  "annotations" : {
    "recalibration" : {
      "merged" : "1.0000015607939066x + -2.593909651871229E-4"
    },
    "nodeBoost" : 0.0,
    "numberOfUnconsideredCandidates" : 0,
    "lowestConsideredCandidateScore" : 46.057697200561506,
    "statistics" : {
      "explainedIntensity" : 0.9425724685233788,
      "explainedIntensityOfExplainablePeaks" : 0.9920176476413832,
      "ratioOfExplainedPeaks" : 0.6363636363636364
    },
    "precursorIonType" : "[M + H]+"
  },
  "fragments" : [ {
    "id" : 0,
    "molecularFormula" : "C8H7NS2",
    "massDeviation" : "-0.04766840210402765 ppm (-8.676090544668114E-6 m/z)",
    "recalibratedMassDeviation" : "0.08797291162620019 ppm (1.6011886629030414E-5 m/z)",
    "score" : 6.995904215004659,
    "scores" : {
      "Chemical Prior" : 1.0,
      "MS-Isotopes" : 7.6088093799083545,
      "Mass Deviation" : -0.0034672524695955787,
      "CarbohydrogenCompound" : 0.0,
      "motif-search" : 0.0,
      "MS2-Isotopes" : 0.0,
      "PhosphorScorer" : 0.0,
      "BeautificationScorer" : -0.0,
      "IntrinsicallyChargedScorer" : 0.0,
      "StrangeElementRootScorer" : -1.6094379124341003
    },
    "molecularFormula" : "C8H7NS2",
    "relativeIntensity" : 1.0,
    "ion" : "[M + H]+",
    "mz" : 182.009259,
    "recalibratedMass" : 182.00928368797716,
    "peaks" : [ {
      "intensity" : 8903372.091086,
      "ce" : "35 eV",
      "spectrum" : 0,
      "mz" : 182.008967
    } ],
    "isotopes" : {
      "score" : 7.6088093799083545,
      "mz" : [ 182.009259, 183.01188541770293, 184.00508351472686, 185.008429 ],
      "relInt" : [ 0.9999999999999999, 0.08822377253503266, 0.08395640318825881, 0.018453100683785785 ]
    }
  }, {
    "id" : 1,
    "molecularFormula" : "C7H4NS2",
    "massDeviation" : "-3.2672352818400325 ppm (-5.455800905451724E-4 m/z)",
    "recalibratedMassDeviation" : "-3.2598178909509055 ppm (-5.443414997330365E-4 m/z)",
    "score" : 3.373418675697192,
    "scores" : {
      "TreeSizeScorer" : -0.5,
      "StrangeElementFragmentScorer" : -0.4054652081081694,
      "StrangeElementSmallFragmentScorer" : 0.0,
      "Common Fragments" : 0.0,
      "Mass Deviation" : -0.2414466210030695,
      "CarbohydrogenFragment" : 0.0,
      "MS2-Isotopes" : 0.0,
      "FragmentSizeScorer" : 0.3301475300000001,
      "PhosphorScorer" : 0.0,
      "ClippedPeakIsNoiseScorer" : 4.1901829748084305
    },
    "molecularFormula" : "C7H4NS2",
    "relativeIntensity" : 0.7321537080592664,
    "ion" : "[M + H]+",
    "mz" : 166.985247,
    "recalibratedMass" : 166.9852482385908,
    "peaks" : [ {
      "intensity" : 6518636.89072,
      "ce" : "35 eV",
      "spectrum" : 0,
      "mz" : 166.985247
    } ]
  }, {
    "id" : 2,
    "molecularFormula" : "C8H7NS",
    "massDeviation" : "-2.763829542430457 ppm (-4.146760905427982E-4 m/z)",
    "recalibratedMassDeviation" : "-2.9318852930885426 ppm (-4.3989056064219767E-4 m/z)",
    "score" : 1.0739097198356495,
    "scores" : {
      "TreeSizeScorer" : -0.5,
      "StrangeElementFragmentScorer" : -0.4054652081081694,
      "StrangeElementSmallFragmentScorer" : 0.0,
      "Common Fragments" : 1.391100725401066,
      "Mass Deviation" : -0.19126490430355947,
      "CarbohydrogenFragment" : 0.0,
      "MS2-Isotopes" : 0.0,
      "FragmentSizeScorer" : 0.4996321800000001,
      "PhosphorScorer" : 0.0,
      "ClippedPeakIsNoiseScorer" : 0.27990692684631213
    },
    "molecularFormula" : "C8H7NS",
    "relativeIntensity" : 0.004047769907997198,
    "ion" : "[M + H]+",
    "mz" : 150.036782,
    "recalibratedMass" : 150.0367567855299,
    "peaks" : [ {
      "intensity" : 36038.80163,
      "ce" : "35 eV",
      "spectrum" : 0,
      "mz" : 150.036782
    } ]
  }, {
    "id" : 3,
    "molecularFormula" : "C8H6NS",
    "massDeviation" : "1.7402976020484522 ppm (2.5935590946346565E-4 m/z)",
    "recalibratedMassDeviation" : "1.5605589605302794 ppm (2.325694842397752E-4 m/z)",
    "score" : 0.07012206911699409,
    "scores" : {
      "TreeSizeScorer" : -0.5,
      "StrangeElementFragmentScorer" : -0.4054652081081694,
      "StrangeElementSmallFragmentScorer" : 0.0,
      "Common Fragments" : 0.5630258789646732,
      "Mass Deviation" : -0.09714229173950974,
      "CarbohydrogenFragment" : 0.0,
      "MS2-Isotopes" : 0.0,
      "FragmentSizeScorer" : 0.50970369,
      "PhosphorScorer" : 0.0,
      "ClippedPeakIsNoiseScorer" : 0.0
    },
    "molecularFormula" : "C8H6NS",
    "relativeIntensity" : 9.147499438054578E-4,
    "ion" : "[M + H]+",
    "mz" : 149.029631,
    "recalibratedMass" : 149.02960421357477,
    "peaks" : [ {
      "intensity" : 8144.35912,
      "ce" : "35 eV",
      "spectrum" : 0,
      "mz" : 149.029631
    } ]
  }, {
    "id" : 4,
    "molecularFormula" : "C5H2NS2",
    "massDeviation" : "2.8621859028621026 ppm (4.034839094799736E-4 m/z)",
    "recalibratedMassDeviation" : "2.5829439234269613 ppm (3.641189134953038E-4 m/z)",
    "score" : -0.4711976971284002,
    "scores" : {
      "TreeSizeScorer" : -0.5,
      "StrangeElementFragmentScorer" : -0.4054652081081694,
      "StrangeElementSmallFragmentScorer" : 0.0,
      "Common Fragments" : 0.0,
      "Mass Deviation" : -0.15602702902023075,
      "CarbohydrogenFragment" : 0.0,
      "MS2-Isotopes" : 0.0,
      "FragmentSizeScorer" : 0.5902945399999999,
      "PhosphorScorer" : 0.0,
      "ClippedPeakIsNoiseScorer" : 0.0
    },
    "molecularFormula" : "C5H2NS2",
    "relativeIntensity" : 0.0018982719521428509,
    "ion" : "[M + H]+",
    "mz" : 140.970546,
    "recalibratedMass" : 140.97050663500403,
    "peaks" : [ {
      "intensity" : 16901.02152,
      "ce" : "35 eV",
      "spectrum" : 0,
      "mz" : 140.970546
    } ]
  }, {
    "id" : 5,
    "molecularFormula" : "C6H3S2",
    "massDeviation" : "-0.0896453023166229 ppm (-1.2548090523978317E-5 m/z)",
    "recalibratedMassDeviation" : "-0.3819766063171745 ppm (-5.346711438392049E-5 m/z)",
    "score" : 0.7659334157911777,
    "scores" : {
      "TreeSizeScorer" : -0.5,
      "StrangeElementFragmentScorer" : -0.4054652081081694,
      "StrangeElementSmallFragmentScorer" : 0.0,
      "Common Fragments" : 0.0,
      "Mass Deviation" : -0.021558475014486204,
      "CarbohydrogenFragment" : 0.0,
      "MS2-Isotopes" : 0.0,
      "FragmentSizeScorer" : 0.6002511899999998,
      "PhosphorScorer" : 0.0,
      "ClippedPeakIsNoiseScorer" : 1.0927059089138333
    },
    "molecularFormula" : "C6H3S2",
    "relativeIntensity" : 0.026023890801326496,
    "ion" : "[M + H]+",
    "mz" : 139.974881,
    "recalibratedMass" : 139.97484008097615,
    "peaks" : [ {
      "intensity" : 231700.383062,
      "ce" : "35 eV",
      "spectrum" : 0,
      "mz" : 139.974881
    } ]
  }, {
    "id" : 6,
    "molecularFormula" : "C7H5NS",
    "massDeviation" : "1.4879084481402747 ppm (2.0238790946791596E-4 m/z)",
    "recalibratedMassDeviation" : "1.1417212039784357 ppm (1.5529886127296777E-4 m/z)",
    "score" : 0.687504024936979,
    "scores" : {
      "TreeSizeScorer" : -0.5,
      "StrangeElementFragmentScorer" : -0.4054652081081694,
      "StrangeElementSmallFragmentScorer" : 0.0,
      "Common Fragments" : 0.4963641538618968,
      "Mass Deviation" : -0.06389134810656592,
      "CarbohydrogenFragment" : 0.0,
      "MS2-Isotopes" : 0.0,
      "FragmentSizeScorer" : 0.6397825100000001,
      "PhosphorScorer" : 0.0,
      "ClippedPeakIsNoiseScorer" : 0.5207139172898175
    },
    "molecularFormula" : "C7H5NS",
    "relativeIntensity" : 0.007254434388366856,
    "ion" : "[M + H]+",
    "mz" : 136.021749,
    "recalibratedMass" : 136.0217019109518,
    "peaks" : [ {
      "intensity" : 64588.92867,
      "ce" : "35 eV",
      "spectrum" : 0,
      "mz" : 136.021749
    } ]
  }, {
    "id" : 7,
    "molecularFormula" : "C7H4NS",
    "massDeviation" : "1.5585051584068175 ppm (2.104199094787873E-4 m/z)",
    "recalibratedMassDeviation" : "1.19808320919579 ppm (1.6175786663552572E-4 m/z)",
    "score" : 1.3374881346668255,
    "scores" : {
      "TreeSizeScorer" : -0.5,
      "StrangeElementFragmentScorer" : -0.4054652081081694,
      "StrangeElementSmallFragmentScorer" : 0.0,
      "Common Fragments" : 0.0,
      "Mass Deviation" : -0.06663326414427424,
      "CarbohydrogenFragment" : 0.0,
      "MS2-Isotopes" : 0.0,
      "FragmentSizeScorer" : 0.64986068,
      "PhosphorScorer" : 0.0,
      "ClippedPeakIsNoiseScorer" : 1.659725926919269
    },
    "molecularFormula" : "C7H4NS",
    "relativeIntensity" : 0.07634944352832101,
    "ion" : "[M + H]+",
    "mz" : 135.013932,
    "recalibratedMass" : 135.01388333795717,
    "peaks" : [ {
      "intensity" : 679767.50468,
      "ce" : "35 eV",
      "spectrum" : 0,
      "mz" : 135.013932
    } ]
  }, {
    "id" : 8,
    "molecularFormula" : "C7H3NS",
    "massDeviation" : "-2.101017114297335 ppm (-2.8154809052693963E-4 m/z)",
    "recalibratedMassDeviation" : "-2.475896497113766 ppm (-3.3178390839339045E-4 m/z)",
    "score" : -0.3015850491598678,
    "scores" : {
      "TreeSizeScorer" : -0.5,
      "StrangeElementFragmentScorer" : -0.4054652081081694,
      "StrangeElementSmallFragmentScorer" : 0.0,
      "Common Fragments" : 0.0,
      "Mass Deviation" : -0.14128482508201418,
      "CarbohydrogenFragment" : 0.0,
      "MS2-Isotopes" : 0.0,
      "FragmentSizeScorer" : 0.6599438499999999,
      "PhosphorScorer" : 0.0,
      "ClippedPeakIsNoiseScorer" : 0.08522113403031589
    },
    "molecularFormula" : "C7H3NS",
    "relativeIntensity" : 0.002485684996941484,
    "ion" : "[M + H]+",
    "mz" : 134.005615,
    "recalibratedMass" : 134.00556476418214,
    "peaks" : [ {
      "intensity" : 22130.978429,
      "ce" : "35 eV",
      "spectrum" : 0,
      "mz" : 134.005615
    } ]
  }, {
    "id" : 9,
    "molecularFormula" : "C6H4NS",
    "massDeviation" : "-0.5574998291234238 ppm (-6.858009052734815E-5 m/z)",
    "recalibratedMassDeviation" : "-1.1053421052579693 ppm (-1.3597209569127244E-4 m/z)",
    "score" : 1.7323237705800736,
    "scores" : {
      "TreeSizeScorer" : -0.5,
      "StrangeElementFragmentScorer" : -0.4054652081081694,
      "StrangeElementSmallFragmentScorer" : 0.0,
      "Common Fragments" : 0.0,
      "Mass Deviation" : -0.05572759475858751,
      "CarbohydrogenFragment" : 0.0,
      "MS2-Isotopes" : 0.0,
      "FragmentSizeScorer" : 0.76986347,
      "PhosphorScorer" : 0.0,
      "ClippedPeakIsNoiseScorer" : 1.9236531034468303
    },
    "molecularFormula" : "C6H4NS",
    "relativeIntensity" : 0.11686863664394831,
    "ion" : "[M + H]+",
    "mz" : 123.013653,
    "recalibratedMass" : 123.01358560799484,
    "peaks" : [ {
      "intensity" : 1040524.957819,
      "ce" : "35 eV",
      "spectrum" : 0,
      "mz" : 123.013653
    } ]
  }, {
    "id" : 10,
    "molecularFormula" : "C6H3NS",
    "massDeviation" : "2.3560437680090853 ppm (2.874519094717698E-4 m/z)",
    "recalibratedMassDeviation" : "1.7907910007410786 ppm (2.1848745284103188E-4 m/z)",
    "score" : 0.2282034053972209,
    "scores" : {
      "TreeSizeScorer" : -0.5,
      "StrangeElementFragmentScorer" : -0.4054652081081694,
      "StrangeElementSmallFragmentScorer" : 0.0,
      "Common Fragments" : 0.0,
      "Mass Deviation" : -0.09100934459805642,
      "CarbohydrogenFragment" : 0.0,
      "MS2-Isotopes" : 0.0,
      "FragmentSizeScorer" : 0.7799381599999999,
      "PhosphorScorer" : 0.0,
      "ClippedPeakIsNoiseScorer" : 0.44473979810344677
    },
    "molecularFormula" : "C6H3NS",
    "relativeIntensity" : 0.006050164356034403,
    "ion" : "[M + H]+",
    "mz" : 122.006184,
    "recalibratedMass" : 122.00611503554337,
    "peaks" : [ {
      "intensity" : 53866.864474,
      "ce" : "35 eV",
      "spectrum" : 0,
      "mz" : 122.006184
    } ]
  }, {
    "id" : 11,
    "molecularFormula" : "C6H4S",
    "massDeviation" : "2.590748555833209 ppm (2.8241990946753504E-4 m/z)",
    "recalibratedMassDeviation" : "1.7720488920952042 ppm (1.9317253958206493E-4 m/z)",
    "score" : 3.922394206460737,
    "scores" : {
      "TreeSizeScorer" : -0.5,
      "StrangeElementFragmentScorer" : 0.693147,
      "StrangeElementSmallFragmentScorer" : 0.0,
      "Common Fragments" : 0.9025292970003989,
      "Mass Deviation" : -0.08006650060756078,
      "CarbohydrogenFragment" : 0.0,
      "MS2-Isotopes" : 0.0,
      "FragmentSizeScorer" : 0.9098907,
      "PhosphorScorer" : 0.0,
      "ClippedPeakIsNoiseScorer" : 1.996893710067899
    },
    "molecularFormula" : "C6H4S",
    "relativeIntensity" : 0.13035770468225275,
    "ion" : "[M + H]+",
    "mz" : 109.01093,
    "recalibratedMass" : 109.01084075263012,
    "peaks" : [ {
      "intensity" : 1160623.149726,
      "ce" : "35 eV",
      "spectrum" : 0,
      "mz" : 109.01093
    } ]
  }, {
    "id" : 12,
    "molecularFormula" : "C6H3S",
    "massDeviation" : "2.4207818868057434 ppm (2.614519094663592E-4 m/z)",
    "recalibratedMassDeviation" : "1.579877507667623 ppm (1.706314996852143E-4 m/z)",
    "score" : 2.0266461086672036,
    "scores" : {
      "TreeSizeScorer" : -0.5,
      "StrangeElementFragmentScorer" : 0.693147,
      "StrangeElementSmallFragmentScorer" : 0.0,
      "Common Fragments" : 0.0,
      "Mass Deviation" : -0.07041133708254582,
      "CarbohydrogenFragment" : 0.0,
      "MS2-Isotopes" : 0.0,
      "FragmentSizeScorer" : 0.91996916,
      "PhosphorScorer" : 0.0,
      "ClippedPeakIsNoiseScorer" : 0.9839412857497496
    },
    "molecularFormula" : "C6H3S",
    "relativeIntensity" : 0.020686997480134958,
    "ion" : "[M + H]+",
    "mz" : 108.003084,
    "recalibratedMass" : 108.00299317959022,
    "peaks" : [ {
      "intensity" : 184184.036013,
      "ce" : "35 eV",
      "spectrum" : 0,
      "mz" : 108.003084
    } ]
  }, {
    "id" : 13,
    "molecularFormula" : "C7H4N",
    "massDeviation" : "-0.13179226314419 ppm (-1.3580090538312106E-5 m/z)",
    "recalibratedMassDeviation" : "-1.0883406659863986 ppm (-1.1214429656547509E-4 m/z)",
    "score" : 1.3066061189813127,
    "scores" : {
      "TreeSizeScorer" : -0.5,
      "StrangeElementFragmentScorer" : 0.0,
      "StrangeElementSmallFragmentScorer" : 0.0,
      "Common Fragments" : 0.0,
      "Mass Deviation" : -0.04574625352514242,
      "CarbohydrogenFragment" : 0.0,
      "MS2-Isotopes" : 0.0,
      "FragmentSizeScorer" : 0.96958363,
      "PhosphorScorer" : 0.0,
      "ClippedPeakIsNoiseScorer" : 0.8827687425064552
    },
    "molecularFormula" : "C7H4N",
    "relativeIntensity" : 0.016610265579944022,
    "ion" : "[M + H]+",
    "mz" : 103.041637,
    "recalibratedMass" : 103.04153843579397,
    "peaks" : [ {
      "intensity" : 147887.37499,
      "ce" : "35 eV",
      "spectrum" : 0,
      "mz" : 103.041637
    } ]
  }, {
    "id" : 14,
    "molecularFormula" : "C5H3S",
    "massDeviation" : "2.4525459330779715 ppm (2.3545190946094863E-4 m/z)",
    "recalibratedMassDeviation" : "1.3114381824167847 ppm (1.2590193222195012E-4 m/z)",
    "score" : 1.7275722150769393,
    "scores" : {
      "TreeSizeScorer" : -0.5,
      "StrangeElementFragmentScorer" : 0.0,
      "StrangeElementSmallFragmentScorer" : 0.0,
      "Common Fragments" : 0.0,
      "Mass Deviation" : -0.051497999335451954,
      "CarbohydrogenFragment" : 0.0,
      "MS2-Isotopes" : 0.0,
      "FragmentSizeScorer" : 1.03996942,
      "PhosphorScorer" : 0.0,
      "ClippedPeakIsNoiseScorer" : 1.239100794412391
    },
    "molecularFormula" : "C5H3S",
    "relativeIntensity" : 0.035051237661115696,
    "ion" : "[M + H]+",
    "mz" : 96.003058,
    "recalibratedMass" : 96.00294845002276,
    "peaks" : [ {
      "intensity" : 312074.21115,
      "ce" : "35 eV",
      "spectrum" : 0,
      "mz" : 96.003058
    } ]
  }, {
    "id" : 15,
    "molecularFormula" : "C5H2S",
    "massDeviation" : "0.5840715670036553 ppm (5.548390946330528E-5 m/z)",
    "recalibratedMassDeviation" : "-0.5857086151169221 ppm (-5.5639355849734784E-5 m/z)",
    "score" : 0.5276054480383199,
    "scores" : {
      "TreeSizeScorer" : -0.5,
      "StrangeElementFragmentScorer" : 0.0,
      "StrangeElementSmallFragmentScorer" : 0.0,
      "Common Fragments" : 0.0,
      "Mass Deviation" : -0.022444021961680185,
      "CarbohydrogenFragment" : 0.0,
      "MS2-Isotopes" : 0.0,
      "FragmentSizeScorer" : 1.05004947,
      "PhosphorScorer" : 0.0,
      "ClippedPeakIsNoiseScorer" : 0.0
    },
    "molecularFormula" : "C5H2S",
    "relativeIntensity" : 0.0016778937676834539,
    "ion" : "[M + H]+",
    "mz" : 94.995053,
    "recalibratedMass" : 94.99494187673469,
    "peaks" : [ {
      "intensity" : 14938.912543,
      "ce" : "35 eV",
      "spectrum" : 0,
      "mz" : 94.995053
    } ]
  }, {
    "id" : 16,
    "molecularFormula" : "C7H6",
    "massDeviation" : "0.2784703505291967 ppm (2.5355909471613813E-5 m/z)",
    "recalibratedMassDeviation" : "-1.0094888529184467 ppm (-9.191813401798754E-5 m/z)",
    "score" : 0.5521115984668282,
    "scores" : {
      "TreeSizeScorer" : -0.5,
      "StrangeElementFragmentScorer" : 0.0,
      "StrangeElementSmallFragmentScorer" : 0.0,
      "Common Fragments" : 0.0,
      "Mass Deviation" : -0.037345881533171914,
      "CarbohydrogenFragment" : 0.0,
      "MS2-Isotopes" : 0.0,
      "FragmentSizeScorer" : 1.08945748,
      "PhosphorScorer" : 0.0,
      "ClippedPeakIsNoiseScorer" : 0.0
    },
    "molecularFormula" : "C7H6",
    "relativeIntensity" : 9.590548714176525E-4,
    "ion" : "[M + H]+",
    "mz" : 91.054252,
    "recalibratedMass" : 91.05413472595652,
    "peaks" : [ {
      "intensity" : 8538.822376,
      "ce" : "35 eV",
      "spectrum" : 0,
      "mz" : 91.054252
    } ]
  }, {
    "id" : 17,
    "molecularFormula" : "C6H4N",
    "massDeviation" : "0.1034681206434713 ppm (9.419909460461895E-6 m/z)",
    "recalibratedMassDeviation" : "-1.184885321022544 ppm (-1.0787378755594546E-4 m/z)",
    "score" : 2.033941901256097,
    "scores" : {
      "TreeSizeScorer" : -0.5,
      "StrangeElementFragmentScorer" : 0.0,
      "StrangeElementSmallFragmentScorer" : 0.0,
      "Common Fragments" : 0.0,
      "Mass Deviation" : -0.04396709929573361,
      "CarbohydrogenFragment" : 0.0,
      "MS2-Isotopes" : 0.0,
      "FragmentSizeScorer" : 1.0895834,
      "PhosphorScorer" : 0.0,
      "ClippedPeakIsNoiseScorer" : 1.4883256005518306
    },
    "molecularFormula" : "C6H4N",
    "relativeIntensity" : 0.05640001399669117,
    "ion" : "[M + H]+",
    "mz" : 91.04166,
    "recalibratedMass" : 91.04154270630298,
    "peaks" : [ {
      "intensity" : 502150.310555,
      "ce" : "35 eV",
      "spectrum" : 0,
      "mz" : 91.04166
    } ]
  }, {
    "id" : 18,
    "molecularFormula" : "C4H3S",
    "massDeviation" : "2.267203314015366 ppm (1.9045190946087587E-4 m/z)",
    "recalibratedMassDeviation" : "0.7401214293162545 ppm (6.217233510596998E-5 m/z)",
    "score" : 1.3463472559134084,
    "scores" : {
      "TreeSizeScorer" : -0.5,
      "StrangeElementFragmentScorer" : 0.0,
      "StrangeElementSmallFragmentScorer" : 0.0,
      "Common Fragments" : 0.36072971104059537,
      "Mass Deviation" : -0.02511185890308903,
      "CarbohydrogenFragment" : 0.0,
      "MS2-Isotopes" : 0.0,
      "FragmentSizeScorer" : 1.15996987,
      "PhosphorScorer" : 0.0,
      "ClippedPeakIsNoiseScorer" : 0.3507595337759019
    },
    "molecularFormula" : "C4H3S",
    "relativeIntensity" : 0.004817396960073395,
    "ion" : "[M + H]+",
    "mz" : 84.003013,
    "recalibratedMass" : 84.00288472042564,
    "peaks" : [ {
      "intensity" : 42891.077646,
      "ce" : "35 eV",
      "spectrum" : 0,
      "mz" : 84.003013
    } ]
  }, {
    "id" : 19,
    "molecularFormula" : "C4HS",
    "massDeviation" : "-1.128032496459993 ppm (-9.248409052986517E-5 m/z)",
    "recalibratedMassDeviation" : "-2.7310459131849547 ppm (-2.23910120837445E-4 m/z)",
    "score" : 0.8567270029970806,
    "scores" : {
      "TreeSizeScorer" : -0.5,
      "StrangeElementFragmentScorer" : 0.0,
      "StrangeElementSmallFragmentScorer" : 0.0,
      "Common Fragments" : 0.0,
      "Mass Deviation" : -0.09336712577959505,
      "CarbohydrogenFragment" : 0.0,
      "MS2-Isotopes" : 0.0,
      "FragmentSizeScorer" : 1.1801292,
      "PhosphorScorer" : 0.0,
      "ClippedPeakIsNoiseScorer" : 0.26996492877667555
    },
    "molecularFormula" : "C4HS",
    "relativeIntensity" : 0.003949503300463638,
    "ion" : "[M + H]+",
    "mz" : 81.98708,
    "recalibratedMass" : 81.9869485739697,
    "peaks" : [ {
      "intensity" : 35163.897459,
      "ce" : "35 eV",
      "spectrum" : 0,
      "mz" : 81.98708
    } ]
  }, {
    "id" : 20,
    "molecularFormula" : "C6H3",
    "massDeviation" : "3.412448500407402 ppm (2.594519094714087E-4 m/z)",
    "recalibratedMassDeviation" : "1.5615983683105261 ppm (1.1872968296700037E-4 m/z)",
    "score" : 0.6911942743329125,
    "scores" : {
      "TreeSizeScorer" : -0.5,
      "StrangeElementFragmentScorer" : 0.0,
      "StrangeElementSmallFragmentScorer" : 0.0,
      "Common Fragments" : 0.0,
      "Mass Deviation" : -0.04849561566708746,
      "CarbohydrogenFragment" : 0.0,
      "MS2-Isotopes" : 0.0,
      "FragmentSizeScorer" : 1.23968989,
      "PhosphorScorer" : 0.0,
      "ClippedPeakIsNoiseScorer" : 0.0
    },
    "molecularFormula" : "C6H3",
    "relativeIntensity" : 7.628094921248639E-4,
    "ion" : "[M + H]+",
    "mz" : 76.031011,
    "recalibratedMass" : 76.0308702777735,
    "peaks" : [ {
      "intensity" : 6791.576743,
      "ce" : "35 eV",
      "spectrum" : 0,
      "mz" : 76.031011
    } ]
  }, {
    "id" : 21,
    "molecularFormula" : "C3H2S",
    "massDeviation" : "0.6688341344004005 ppm (4.7483909469292485E-5 m/z)",
    "recalibratedMassDeviation" : "-1.4240237986069322 ppm (-1.0109842207839392E-4 m/z)",
    "score" : 1.9420461002548006,
    "scores" : {
      "TreeSizeScorer" : -0.5,
      "StrangeElementFragmentScorer" : 0.693147,
      "StrangeElementSmallFragmentScorer" : 0.5,
      "Common Fragments" : 0.0,
      "Mass Deviation" : -0.04115044974519918,
      "CarbohydrogenFragment" : 0.0,
      "MS2-Isotopes" : 0.0,
      "FragmentSizeScorer" : 1.29004955,
      "PhosphorScorer" : 0.0,
      "ClippedPeakIsNoiseScorer" : 0.0
    },
    "molecularFormula" : "C3H2S",
    "relativeIntensity" : 7.028680155090188E-4,
    "ion" : "[M + H]+",
    "mz" : 70.995045,
    "recalibratedMass" : 70.99489641766846,
    "peaks" : [ {
      "intensity" : 6257.895473,
      "ce" : "35 eV",
      "spectrum" : 0,
      "mz" : 70.995045
    } ]
  }, {
    "id" : 22,
    "molecularFormula" : "C3HS",
    "massDeviation" : "1.3504729291252853 ppm (9.451590946696342E-5 m/z)",
    "recalibratedMassDeviation" : "-0.7949942554880467 ppm (-5.5639355849734784E-5 m/z)",
    "score" : 1.2776833080383199,
    "scores" : {
      "TreeSizeScorer" : -0.5,
      "StrangeElementFragmentScorer" : 0.0,
      "StrangeElementSmallFragmentScorer" : 0.5,
      "Common Fragments" : 0.0,
      "Mass Deviation" : -0.022444021961680185,
      "CarbohydrogenFragment" : 0.0,
      "MS2-Isotopes" : 0.0,
      "FragmentSizeScorer" : 1.30012733,
      "PhosphorScorer" : 0.0,
      "ClippedPeakIsNoiseScorer" : 0.0
    },
    "molecularFormula" : "C3HS",
    "relativeIntensity" : 0.0015914354308729896,
    "ion" : "[M + H]+",
    "mz" : 69.987267,
    "recalibratedMass" : 69.98711684473469,
    "peaks" : [ {
      "intensity" : 14169.1418,
      "ce" : "35 eV",
      "spectrum" : 0,
      "mz" : 69.987267
    } ]
  }, {
    "id" : 23,
    "molecularFormula" : "C3S",
    "massDeviation" : "3.2117902833171623 ppm (2.2154790946160574E-4 m/z)",
    "recalibratedMassDeviation" : "1.0121836050228912 ppm (6.981983524667612E-5 m/z)",
    "score" : 2.491724649159094,
    "scores" : {
      "TreeSizeScorer" : -0.5,
      "StrangeElementFragmentScorer" : 0.693147,
      "StrangeElementSmallFragmentScorer" : 0.5,
      "Common Fragments" : 0.0,
      "Mass Deviation" : -0.0282435480831795,
      "CarbohydrogenFragment" : 0.0,
      "MS2-Isotopes" : 0.0,
      "FragmentSizeScorer" : 1.31020431,
      "PhosphorScorer" : 0.0,
      "ClippedPeakIsNoiseScorer" : 0.5166168872422736
    },
    "molecularFormula" : "C3S",
    "relativeIntensity" : 0.007184219184104428,
    "ion" : "[M + H]+",
    "mz" : 68.979569,
    "recalibratedMass" : 68.97941727192578,
    "peaks" : [ {
      "intensity" : 63963.77658,
      "ce" : "35 eV",
      "spectrum" : 0,
      "mz" : 68.979569
    } ]
  }, {
    "id" : 24,
    "molecularFormula" : "C5H4",
    "massDeviation" : "2.11289401361999 ppm (1.3741990946414262E-4 m/z)",
    "recalibratedMassDeviation" : "-0.314567672348768 ppm (-2.0459027211927605E-5 m/z)",
    "score" : 2.442043156200598,
    "scores" : {
      "TreeSizeScorer" : -0.5,
      "StrangeElementFragmentScorer" : 0.0,
      "StrangeElementSmallFragmentScorer" : 0.0,
      "Common Fragments" : 0.0,
      "Mass Deviation" : -0.008195318698733271,
      "CarbohydrogenFragment" : 0.2844658243772884,
      "MS2-Isotopes" : 0.0,
      "FragmentSizeScorer" : 1.3496128600000001,
      "PhosphorScorer" : 0.0,
      "ClippedPeakIsNoiseScorer" : 1.3161597905220432
    },
    "molecularFormula" : "C5H4",
    "relativeIntensity" : 0.040780544455343806,
    "ion" : "[M + H]+",
    "mz" : 65.038714,
    "recalibratedMass" : 65.03855612106332,
    "peaks" : [ {
      "intensity" : 363084.361363,
      "ce" : "35 eV",
      "spectrum" : 0,
      "mz" : 65.038714
    } ]
  }, {
    "id" : 25,
    "molecularFormula" : "C4H2N",
    "massDeviation" : "0.6840937267929474 ppm (4.44839094626559E-5 m/z)",
    "recalibratedMassDeviation" : "-1.7441484611314033 ppm (-1.1341480092141865E-4 m/z)",
    "score" : 0.8034634157360091,
    "scores" : {
      "TreeSizeScorer" : -0.5,
      "StrangeElementFragmentScorer" : 0.0,
      "StrangeElementSmallFragmentScorer" : 0.0,
      "Common Fragments" : 0.0,
      "Mass Deviation" : -0.04627613426399092,
      "CarbohydrogenFragment" : 0.0,
      "MS2-Isotopes" : 0.0,
      "FragmentSizeScorer" : 1.34973955,
      "PhosphorScorer" : 0.0,
      "ClippedPeakIsNoiseScorer" : 0.0
    },
    "molecularFormula" : "C4H2N",
    "relativeIntensity" : 7.415270569911339E-4,
    "ion" : "[M + H]+",
    "mz" : 65.026045,
    "recalibratedMass" : 65.02588710128961,
    "peaks" : [ {
      "intensity" : 6602.091304,
      "ce" : "35 eV",
      "spectrum" : 0,
      "mz" : 65.026045
    } ]
  }, {
    "id" : 26,
    "molecularFormula" : "C5H3",
    "massDeviation" : "3.5365992608993193 ppm (2.264519094694606E-4 m/z)",
    "recalibratedMassDeviation" : "1.046372763899954 ppm (6.700010457905137E-5 m/z)",
    "score" : 1.1204858669101918,
    "scores" : {
      "TreeSizeScorer" : -0.5,
      "StrangeElementFragmentScorer" : 0.0,
      "StrangeElementSmallFragmentScorer" : 0.0,
      "Common Fragments" : 0.0,
      "Mass Deviation" : -0.027087758925723612,
      "CarbohydrogenFragment" : 0.0,
      "MS2-Isotopes" : 0.0,
      "FragmentSizeScorer" : 1.35969022,
      "PhosphorScorer" : 0.0,
      "ClippedPeakIsNoiseScorer" : 0.2878834058359153
    },
    "molecularFormula" : "C5H3",
    "relativeIntensity" : 0.0041282647058859135,
    "ion" : "[M + H]+",
    "mz" : 64.030978,
    "recalibratedMass" : 64.03081854819511,
    "peaks" : [ {
      "intensity" : 36755.476767,
      "ce" : "35 eV",
      "spectrum" : 0,
      "mz" : 64.030978
    } ]
  }, {
    "id" : 27,
    "molecularFormula" : "C5H2",
    "massDeviation" : "2.879640741693191 ppm (1.814839094649301E-4 m/z)",
    "recalibratedMassDeviation" : "0.3246282218444194 ppm (2.0459027211927605E-5 m/z)",
    "score" : 1.1720148300319575,
    "scores" : {
      "TreeSizeScorer" : -0.5,
      "StrangeElementFragmentScorer" : 0.0,
      "StrangeElementSmallFragmentScorer" : 0.0,
      "Common Fragments" : 0.0,
      "Mass Deviation" : -0.008195318698733271,
      "CarbohydrogenFragment" : 0.0,
      "MS2-Isotopes" : 0.0,
      "FragmentSizeScorer" : 1.3697689199999998,
      "PhosphorScorer" : 0.0,
      "ClippedPeakIsNoiseScorer" : 0.310441228730691
    },
    "molecularFormula" : "C5H2",
    "relativeIntensity" : 0.004364114661444029,
    "ion" : "[M + H]+",
    "mz" : 63.023108,
    "recalibratedMass" : 63.02294697511775,
    "peaks" : [ {
      "intensity" : 38855.336679,
      "ce" : "35 eV",
      "spectrum" : 0,
      "mz" : 63.023108
    } ]
  }, {
    "id" : 28,
    "molecularFormula" : "C2HS",
    "massDeviation" : "6.044678084753153 ppm (3.5051590946721944E-4 m/z)",
    "recalibratedMassDeviation" : "3.132260811146045 ppm (1.8163151683836531E-4 m/z)",
    "score" : 2.0381591269810846,
    "scores" : {
      "TreeSizeScorer" : -0.5,
      "StrangeElementFragmentScorer" : 0.693147,
      "StrangeElementSmallFragmentScorer" : 0.5,
      "Common Fragments" : 0.0,
      "Mass Deviation" : -0.07511264301891564,
      "CarbohydrogenFragment" : 0.0,
      "MS2-Isotopes" : 0.0,
      "FragmentSizeScorer" : 1.42012477,
      "PhosphorScorer" : 0.0,
      "ClippedPeakIsNoiseScorer" : 0.0
    },
    "molecularFormula" : "C2HS",
    "relativeIntensity" : 7.344707483973484E-4,
    "ion" : "[M + H]+",
    "mz" : 57.987523,
    "recalibratedMass" : 57.987354115607374,
    "peaks" : [ {
      "intensity" : 6539.266363,
      "ce" : "35 eV",
      "spectrum" : 0,
      "mz" : 57.987523
    } ]
  } ],
  "losses" : [ {
    "source" : 0,
    "target" : 1,
    "molecularFormula" : "CH3",
    "score" : 0.9584510243376776,
    "scores" : {
      "StrangeElementLossScorer" : 0.0,
      "LossSizeScorer" : -0.4947496431265179,
      "Loss RDBE" : 0.0,
      "Free Radical" : -0.09373397349900595,
      "PureCarbonNitrogenLossScorer" : 0.0,
      "CommonLossEdgeScorer" : 1.5469346409632014,
      "MS2-Isotopes" : 0.0,
      "PhosphorScorer" : 0.0,
      "AdductSwitchLossScorer" : 0.0,
      "MultimereLossScorer" : 0.0
    }
  }, {
    "source" : 0,
    "target" : 2,
    "molecularFormula" : "S",
    "score" : -0.35975761694067243,
    "scores" : {
      "StrangeElementLossScorer" : 0.6931471805599453,
      "LossSizeScorer" : 1.010551829254914,
      "Loss RDBE" : 0.0,
      "Free Radical" : -0.09373397349900595,
      "PureCarbonNitrogenLossScorer" : 0.0,
      "CommonLossEdgeScorer" : -1.9697226532565257,
      "MS2-Isotopes" : 0.0,
      "PhosphorScorer" : 0.0,
      "AdductSwitchLossScorer" : 0.0,
      "MultimereLossScorer" : 0.0
    }
  }, {
    "source" : 2,
    "target" : 3,
    "molecularFormula" : "H",
    "score" : -2.7964662835860103,
    "scores" : {
      "StrangeElementLossScorer" : 0.0,
      "LossSizeScorer" : -20.834490973137157,
      "Loss RDBE" : 0.0,
      "Free Radical" : -0.09373397349900595,
      "PureCarbonNitrogenLossScorer" : 0.0,
      "CommonLossEdgeScorer" : 18.131758663050153,
      "MS2-Isotopes" : 0.0,
      "PhosphorScorer" : 0.0,
      "AdductSwitchLossScorer" : 0.0,
      "MultimereLossScorer" : 0.0
    }
  }, {
    "source" : 1,
    "target" : 4,
    "molecularFormula" : "C2H2",
    "score" : 0.9973348750421339,
    "scores" : {
      "StrangeElementLossScorer" : 0.0,
      "LossSizeScorer" : 0.7806931157424906,
      "Loss RDBE" : 0.0,
      "Free Radical" : 0.011626542158820332,
      "PureCarbonNitrogenLossScorer" : 0.0,
      "CommonLossEdgeScorer" : 0.20501521714082305,
      "MS2-Isotopes" : 0.0,
      "PhosphorScorer" : 0.0,
      "AdductSwitchLossScorer" : 0.0,
      "MultimereLossScorer" : 0.0
    }
  }, {
    "source" : 1,
    "target" : 5,
    "molecularFormula" : "CHN",
    "score" : 0.22787718591625616,
    "scores" : {
      "StrangeElementLossScorer" : 0.0,
      "LossSizeScorer" : 0.8326949700728541,
      "Loss RDBE" : 0.0,
      "Free Radical" : 0.011626542158820332,
      "PureCarbonNitrogenLossScorer" : 0.0,
      "CommonLossEdgeScorer" : -0.6164443263154182,
      "MS2-Isotopes" : 0.0,
      "PhosphorScorer" : 0.0,
      "AdductSwitchLossScorer" : 0.0,
      "MultimereLossScorer" : 0.0
    }
  }, {
    "source" : 0,
    "target" : 6,
    "molecularFormula" : "CH2S",
    "score" : -1.598826759605436,
    "scores" : {
      "StrangeElementLossScorer" : 0.0,
      "LossSizeScorer" : 1.0843513241721787,
      "Loss RDBE" : 0.0,
      "Free Radical" : 0.011626542158820332,
      "PureCarbonNitrogenLossScorer" : 0.0,
      "CommonLossEdgeScorer" : -2.694804625936435,
      "MS2-Isotopes" : 0.0,
      "PhosphorScorer" : 0.0,
      "AdductSwitchLossScorer" : 0.0,
      "MultimereLossScorer" : 0.0
    }
  }, {
    "source" : 2,
    "target" : 7,
    "molecularFormula" : "CH3",
    "score" : 0.9582033782961001,
    "scores" : {
      "StrangeElementLossScorer" : 0.0,
      "LossSizeScorer" : -0.4949972891680954,
      "Loss RDBE" : 0.0,
      "Free Radical" : -0.09373397349900595,
      "PureCarbonNitrogenLossScorer" : 0.0,
      "CommonLossEdgeScorer" : 1.5469346409632014,
      "MS2-Isotopes" : 0.0,
      "PhosphorScorer" : 0.0,
      "AdductSwitchLossScorer" : 0.0,
      "MultimereLossScorer" : 0.0
    }
  }, {
    "source" : 3,
    "target" : 8,
    "molecularFormula" : "CH3",
    "score" : 0.9584518767536003,
    "scores" : {
      "StrangeElementLossScorer" : 0.0,
      "LossSizeScorer" : -0.4947487907105952,
      "Loss RDBE" : 0.0,
      "Free Radical" : -0.09373397349900595,
      "PureCarbonNitrogenLossScorer" : 0.0,
      "CommonLossEdgeScorer" : 1.5469346409632014,
      "MS2-Isotopes" : 0.0,
      "PhosphorScorer" : 0.0,
      "AdductSwitchLossScorer" : 0.0,
      "MultimereLossScorer" : 0.0
    }
  }, {
    "source" : 3,
    "target" : 9,
    "molecularFormula" : "C2H2",
    "score" : 0.9974057834896325,
    "scores" : {
      "StrangeElementLossScorer" : 0.0,
      "LossSizeScorer" : 0.7807640241899891,
      "Loss RDBE" : 0.0,
      "Free Radical" : 0.011626542158820332,
      "PureCarbonNitrogenLossScorer" : 0.0,
      "CommonLossEdgeScorer" : 0.20501521714082305,
      "MS2-Isotopes" : 0.0,
      "PhosphorScorer" : 0.0,
      "AdductSwitchLossScorer" : 0.0,
      "MultimereLossScorer" : 0.0
    }
  }, {
    "source" : 2,
    "target" : 10,
    "molecularFormula" : "C2H4",
    "score" : -0.19553650938051326,
    "scores" : {
      "StrangeElementLossScorer" : 0.0,
      "LossSizeScorer" : 0.8796002237900842,
      "Loss RDBE" : 0.0,
      "Free Radical" : -0.09373397349900595,
      "PureCarbonNitrogenLossScorer" : 0.0,
      "CommonLossEdgeScorer" : -0.9814027596715915,
      "MS2-Isotopes" : 0.0,
      "PhosphorScorer" : 0.0,
      "AdductSwitchLossScorer" : 0.0,
      "MultimereLossScorer" : 0.0
    }
  }, {
    "source" : 6,
    "target" : 11,
    "molecularFormula" : "CHN",
    "score" : 0.22789939790901415,
    "scores" : {
      "StrangeElementLossScorer" : 0.0,
      "LossSizeScorer" : 0.8327171820656121,
      "Loss RDBE" : 0.0,
      "Free Radical" : 0.011626542158820332,
      "PureCarbonNitrogenLossScorer" : 0.0,
      "CommonLossEdgeScorer" : -0.6164443263154182,
      "MS2-Isotopes" : 0.0,
      "PhosphorScorer" : 0.0,
      "AdductSwitchLossScorer" : 0.0,
      "MultimereLossScorer" : 0.0
    }
  }, {
    "source" : 7,
    "target" : 12,
    "molecularFormula" : "CHN",
    "score" : 0.22790081982547072,
    "scores" : {
      "StrangeElementLossScorer" : 0.0,
      "LossSizeScorer" : 0.8327186039820687,
      "Loss RDBE" : 0.0,
      "Free Radical" : 0.011626542158820332,
      "PureCarbonNitrogenLossScorer" : 0.0,
      "CommonLossEdgeScorer" : -0.6164443263154182,
      "MS2-Isotopes" : 0.0,
      "PhosphorScorer" : 0.0,
      "AdductSwitchLossScorer" : 0.0,
      "MultimereLossScorer" : 0.0
    }
  }, {
    "source" : 7,
    "target" : 13,
    "molecularFormula" : "S",
    "score" : -0.3597620837382469,
    "scores" : {
      "StrangeElementLossScorer" : 0.6931471805599453,
      "LossSizeScorer" : 1.0105473624573396,
      "Loss RDBE" : 0.0,
      "Free Radical" : -0.09373397349900595,
      "PureCarbonNitrogenLossScorer" : 0.0,
      "CommonLossEdgeScorer" : -1.9697226532565257,
      "MS2-Isotopes" : 0.0,
      "PhosphorScorer" : 0.0,
      "AdductSwitchLossScorer" : 0.0,
      "MultimereLossScorer" : 0.0
    }
  }, {
    "source" : 9,
    "target" : 14,
    "molecularFormula" : "CHN",
    "score" : 0.2278884146544452,
    "scores" : {
      "StrangeElementLossScorer" : 0.0,
      "LossSizeScorer" : 0.8327061988110431,
      "Loss RDBE" : 0.0,
      "Free Radical" : 0.011626542158820332,
      "PureCarbonNitrogenLossScorer" : 0.0,
      "CommonLossEdgeScorer" : -0.6164443263154182,
      "MS2-Isotopes" : 0.0,
      "PhosphorScorer" : 0.0,
      "AdductSwitchLossScorer" : 0.0,
      "MultimereLossScorer" : 0.0
    }
  }, {
    "source" : 10,
    "target" : 15,
    "molecularFormula" : "CHN",
    "score" : 0.22791469549502452,
    "scores" : {
      "StrangeElementLossScorer" : 0.0,
      "LossSizeScorer" : 0.8327324796516224,
      "Loss RDBE" : 0.0,
      "Free Radical" : 0.011626542158820332,
      "PureCarbonNitrogenLossScorer" : 0.0,
      "CommonLossEdgeScorer" : -0.6164443263154182,
      "MS2-Isotopes" : 0.0,
      "PhosphorScorer" : 0.0,
      "AdductSwitchLossScorer" : 0.0,
      "MultimereLossScorer" : 0.0
    }
  }, {
    "source" : 2,
    "target" : 16,
    "molecularFormula" : "CHNS",
    "score" : -1.7921668926455183,
    "scores" : {
      "StrangeElementLossScorer" : 0.0,
      "LossSizeScorer" : 0.8910111911320966,
      "Loss RDBE" : 0.0,
      "Free Radical" : 0.011626542158820332,
      "PureCarbonNitrogenLossScorer" : 0.0,
      "CommonLossEdgeScorer" : -2.694804625936435,
      "MS2-Isotopes" : 0.0,
      "PhosphorScorer" : 0.0,
      "AdductSwitchLossScorer" : 0.0,
      "MultimereLossScorer" : 0.0
    }
  }, {
    "source" : 9,
    "target" : 17,
    "molecularFormula" : "S",
    "score" : -0.3597694959619937,
    "scores" : {
      "StrangeElementLossScorer" : 0.6931471805599453,
      "LossSizeScorer" : 1.0105399502335928,
      "Loss RDBE" : 0.0,
      "Free Radical" : -0.09373397349900595,
      "PureCarbonNitrogenLossScorer" : 0.0,
      "CommonLossEdgeScorer" : -1.9697226532565257,
      "MS2-Isotopes" : 0.0,
      "PhosphorScorer" : 0.0,
      "AdductSwitchLossScorer" : 0.0,
      "MultimereLossScorer" : 0.0
    }
  }, {
    "source" : 9,
    "target" : 18,
    "molecularFormula" : "C2HN",
    "score" : -1.5798488789121332,
    "scores" : {
      "StrangeElementLossScorer" : 0.0,
      "LossSizeScorer" : 1.1033292048654815,
      "Loss RDBE" : 0.0,
      "Free Radical" : 0.011626542158820332,
      "PureCarbonNitrogenLossScorer" : 0.0,
      "CommonLossEdgeScorer" : -2.694804625936435,
      "MS2-Isotopes" : 0.0,
      "PhosphorScorer" : 0.0,
      "AdductSwitchLossScorer" : 0.0,
      "MultimereLossScorer" : 0.0
    }
  }, {
    "source" : 12,
    "target" : 19,
    "molecularFormula" : "C2H2",
    "score" : 0.9974072270849202,
    "scores" : {
      "StrangeElementLossScorer" : 0.0,
      "LossSizeScorer" : 0.7807654677852769,
      "Loss RDBE" : 0.0,
      "Free Radical" : 0.011626542158820332,
      "PureCarbonNitrogenLossScorer" : 0.0,
      "CommonLossEdgeScorer" : 0.20501521714082305,
      "MS2-Isotopes" : 0.0,
      "PhosphorScorer" : 0.0,
      "AdductSwitchLossScorer" : 0.0,
      "MultimereLossScorer" : 0.0
    }
  }, {
    "source" : 16,
    "target" : 20,
    "molecularFormula" : "CH3",
    "score" : 0.9582867126940966,
    "scores" : {
      "StrangeElementLossScorer" : 0.0,
      "LossSizeScorer" : -0.4949139547700989,
      "Loss RDBE" : 0.0,
      "Free Radical" : -0.09373397349900595,
      "PureCarbonNitrogenLossScorer" : 0.0,
      "CommonLossEdgeScorer" : 1.5469346409632014,
      "MS2-Isotopes" : 0.0,
      "PhosphorScorer" : 0.0,
      "AdductSwitchLossScorer" : 0.0,
      "MultimereLossScorer" : 0.0
    }
  }, {
    "source" : 10,
    "target" : 21,
    "molecularFormula" : "C3HN",
    "score" : -1.655280019040817,
    "scores" : {
      "StrangeElementLossScorer" : 0.0,
      "LossSizeScorer" : 1.0278980647367977,
      "Loss RDBE" : 0.0,
      "Free Radical" : 0.011626542158820332,
      "PureCarbonNitrogenLossScorer" : 0.0,
      "CommonLossEdgeScorer" : -2.694804625936435,
      "MS2-Isotopes" : 0.0,
      "PhosphorScorer" : 0.0,
      "AdductSwitchLossScorer" : 0.0,
      "MultimereLossScorer" : 0.0
    }
  }, {
    "source" : 14,
    "target" : 22,
    "molecularFormula" : "C2H2",
    "score" : 0.9973954005714672,
    "scores" : {
      "StrangeElementLossScorer" : 0.0,
      "LossSizeScorer" : 0.7807536412718239,
      "Loss RDBE" : 0.0,
      "Free Radical" : 0.011626542158820332,
      "PureCarbonNitrogenLossScorer" : 0.0,
      "CommonLossEdgeScorer" : 0.20501521714082305,
      "MS2-Isotopes" : 0.0,
      "PhosphorScorer" : 0.0,
      "AdductSwitchLossScorer" : 0.0,
      "MultimereLossScorer" : 0.0
    }
  }, {
    "source" : 15,
    "target" : 23,
    "molecularFormula" : "C2H2",
    "score" : 0.9973783542977183,
    "scores" : {
      "StrangeElementLossScorer" : 0.0,
      "LossSizeScorer" : 0.7807365949980749,
      "Loss RDBE" : 0.0,
      "Free Radical" : 0.011626542158820332,
      "PureCarbonNitrogenLossScorer" : 0.0,
      "CommonLossEdgeScorer" : 0.20501521714082305,
      "MS2-Isotopes" : 0.0,
      "PhosphorScorer" : 0.0,
      "AdductSwitchLossScorer" : 0.0,
      "MultimereLossScorer" : 0.0
    }
  }, {
    "source" : 16,
    "target" : 24,
    "molecularFormula" : "C2H2",
    "score" : 0.9973813527119685,
    "scores" : {
      "StrangeElementLossScorer" : 0.0,
      "LossSizeScorer" : 0.7807395934123251,
      "Loss RDBE" : 0.0,
      "Free Radical" : 0.011626542158820332,
      "PureCarbonNitrogenLossScorer" : 0.0,
      "CommonLossEdgeScorer" : 0.20501521714082305,
      "MS2-Isotopes" : 0.0,
      "PhosphorScorer" : 0.0,
      "AdductSwitchLossScorer" : 0.0,
      "MultimereLossScorer" : 0.0
    }
  }, {
    "source" : 17,
    "target" : 25,
    "molecularFormula" : "C2H2",
    "score" : 0.9973856281939716,
    "scores" : {
      "StrangeElementLossScorer" : 0.0,
      "LossSizeScorer" : 0.7807438688943282,
      "Loss RDBE" : 0.0,
      "Free Radical" : 0.011626542158820332,
      "PureCarbonNitrogenLossScorer" : 0.0,
      "CommonLossEdgeScorer" : 0.20501521714082305,
      "MS2-Isotopes" : 0.0,
      "PhosphorScorer" : 0.0,
      "AdductSwitchLossScorer" : 0.0,
      "MultimereLossScorer" : 0.0
    }
  }, {
    "source" : 17,
    "target" : 26,
    "molecularFormula" : "CHN",
    "score" : 0.22789268050902678,
    "scores" : {
      "StrangeElementLossScorer" : 0.0,
      "LossSizeScorer" : 0.8327104646656247,
      "Loss RDBE" : 0.0,
      "Free Radical" : 0.011626542158820332,
      "PureCarbonNitrogenLossScorer" : 0.0,
      "CommonLossEdgeScorer" : -0.6164443263154182,
      "MS2-Isotopes" : 0.0,
      "PhosphorScorer" : 0.0,
      "AdductSwitchLossScorer" : 0.0,
      "MultimereLossScorer" : 0.0
    }
  }, {
    "source" : 16,
    "target" : 27,
    "molecularFormula" : "C2H4",
    "score" : -0.19551302310691443,
    "scores" : {
      "StrangeElementLossScorer" : 0.0,
      "LossSizeScorer" : 0.879623710063683,
      "Loss RDBE" : 0.0,
      "Free Radical" : -0.09373397349900595,
      "PureCarbonNitrogenLossScorer" : 0.0,
      "CommonLossEdgeScorer" : -0.9814027596715915,
      "MS2-Isotopes" : 0.0,
      "PhosphorScorer" : 0.0,
      "AdductSwitchLossScorer" : 0.0,
      "MultimereLossScorer" : 0.0
    }
  }, {
    "source" : 18,
    "target" : 28,
    "molecularFormula" : "C2H2",
    "score" : 0.997378687455846,
    "scores" : {
      "StrangeElementLossScorer" : 0.0,
      "LossSizeScorer" : 0.7807369281562027,
      "Loss RDBE" : 0.0,
      "Free Radical" : 0.011626542158820332,
      "PureCarbonNitrogenLossScorer" : 0.0,
      "CommonLossEdgeScorer" : 0.20501521714082305,
      "MS2-Isotopes" : 0.0,
      "PhosphorScorer" : 0.0,
      "AdductSwitchLossScorer" : 0.0,
      "MultimereLossScorer" : 0.0
    }
  } ]
}