rank	formulaRank	CSI:FingerIDScore	molecularFormula	adduct	InChIkey2D	InChI	name	smiles	xlogp	pubchemids	links	dbflags
1	1	-11.56771337251335	C8H7NS2	[M + H]+	UTBVIMLZIRIFFR	InChI=1S/C8H7NS2/c1-10-8-9-6-4-2-3-5-7(6)11-8/h2-5H,1H3	Epitope ID:138945	CSC1=NC2=CC=CC=C2S1	2.94229865	11989;4216886	NORMAN:(NS00007832);COCONUT:(CNP0071009);PubChem:(11989 4216886);CHEBI:(1217);ZINC bio:(ZINC00156707);additional;MeSH:(11989);KEGG:(C10910);PubChem class - safety and toxic;Training Set;PubMed	70017382
2	1	-74.36580299073417	C8H7NS2	[M + H]+	UTQUFVHEAIZCCN	InChI=1S/C8H7NS2/c1-10-7-4-2-3-5-8(7)11-6-9/h2-5H,1H3	null	CSC1=CC=CC=C1SC#N	3.0	15545301	PubChem:(15545301)	2
3	1	-76.59509744335396	C8H7NS2	[M + H]+	PBVWRZCQZJRSAX	InChI=1S/C8H7NS2/c1-10-6-2-3-8-7(4-6)9-5-11-8/h2-5H,1H3	Benzothiazole, 5-(methylthio)- (9CI)	CSC1=CC2=C(C=C1)SC=N2	2.60492611	22352939	PubChem:(22352939)	2
4	1	-77.27416340035869	C8H7NS2	[M + H]+	MQQXIAYSIKXKSL	InChI=1S/C8H7NS2/c1-10-7-2-4-8(5-3-7)11-6-9/h2-5H,1H3	null	CSC1=CC=C(C=C1)SC#N	3.0	10261735	PubChem:(10261735)	2
5	1	-84.75545406804392	C8H7NS2	[M + H]+	OTIQKQSVRZRATN	InChI=1S/C8H7NS2/c10-5-8-9-6-3-1-2-4-7(6)11-8/h1-4,10H,5H2	2-Benzothiazolemethanethiol	C1=CC=C2C(=C1)N=C(S2)CS	2.31211543	11401138	PubChem:(11401138);PubMed	66
6	1	-86.35540686302711	C8H7NS2	[M + H]+	MOJXTJRNUMKDGP	InChI=1S/C8H7NS2/c1-10-6-2-3-7-8(4-6)11-5-9-7/h2-5H,1H3	null	CSC1=CC2=C(C=C1)N=CS2	2.60492611	10821275	PubChem:(10821275)	2
7	1	-86.47819976658967	C8H7NS2	[M + H]+	JTKOQZMANWURCN	InChI=1S/C8H7NS2/c1-10-6-3-2-4-7-8(6)9-5-11-7/h2-5H,1H3	null	CSC1=CC=CC2=C1N=CS2	2.9000001	53973726	PubChem:(53973726)	2
8	1	-88.89895463297101	C8H7NS2	[M + H]+	DTYDCADAGALLRR	InChI=1S/C8H7NS2/c1-10-7-4-2-3-6-8(7)11-5-9-6/h2-5H,1H3	null	CSC1=CC=CC2=C1SC=N2	2.9000001	76849100	PubChem:(76849100)	2
9	1	-103.43329869507453	C8H7NS2	[M + H]+	MQLFQSGJUPZXDM	InChI=1S/C8H7NS2/c1-10-8-5-4-7(11-8)3-2-6-9/h2-5H,1H3	(E)-3-(5-methylsulfanylthiophen-2-yl)prop-2-enenitrile	CSC1=CC=C(S1)C=CC#N	2.5999999	21448195;54085916	PubChem:(21448195 54085916)	2
10	1	-103.82715926376794	C8H7NS2	[M + H]+	XZBWPIXUKCJUCW	InChI=1S/C8H7NS2/c1-10-8-6-4-2-3-5-7(6)11-9-8/h2-5H,1H3	null	CSC1=NSC2=CC=CC=C21	3.20000005	10464939	PubChem:(10464939)	2
11	1	-104.6451393363855	C8H7NS2	[M + H]+	FWVVYGHCPIREAQ	InChI=1S/C8H7NS2/c9-6-10-7-11-8-4-2-1-3-5-8/h1-5H,7H2	ACMC-20lhlb	C1=CC=C(C=C1)SCSC#N	3.20000005	57119132	PubChem:(57119132)	2
12	1	-106.53858975374317	C8H7NS2	[M + H]+	VODLMWLQKVHSAF	InChI=1S/C8H7NS2/c1-11-8-4-2-3-7(10)6(8)5-9/h2-4,10H,1H3	null	CSC1=CC=CC(=C1C#N)S	2.29999995	104193763	PubChem:(104193763)	2
13	1	-107.51068294716929	C8H7NS2	[M + H]+	KECHYAFVYLLNCH	InChI=1S/C8H7NS2/c1-5-2-3-6-7(4-5)11-8(10)9-6/h2-4H,1H3,(H,9,10)	6-methyl-2-mercaptobenzothiazole	CC1=CC2=C(C=C1)NC(=S)S2	3.05715895	7060852;86310068	PubChem:(7060852 86310068);PubMed;KEGG Mine	8589934658
14	1	-107.74000463829542	C8H7NS2	[M + H]+	IHKAGFVCXPFGRP	InChI=1S/C8H7NS2/c1-11-8-4-2-3-7(5-8)9-6-10/h2-5H,1H3	ACMC-20anif	CSC1=CC=CC(=C1)N=C=S	3.47915339	142841	COCONUT:(CNP0222224);PubChem class - safety and toxic;PubChem:(142841);SuperNatural:(SN00063767);ZINC bio:(ZINC02168489)	70262786
15	1	-109.89100563803355	C8H7NS2	[M + H]+	ILDUPWKUQLPLKK	InChI=1S/C8H7NS2/c1-5-2-3-7-6(4-5)9-8(10)11-7/h2-4H,1H3,(H,9,10)	5-methyl-2-mercaptobenzothiazole	CC1=CC2=C(C=C1)SC(=S)N2	3.05715895	10313387;23515219;86315744	PubChem:(10313387 23515219 86315744);KEGG Mine	8589934594
16	1	-109.8975880554279	C8H7NS2	[M + H]+	SIODOISHDGRELW	InChI=1S/C8H7NS2/c1-11-8-5-3-2-4-7(8)9-6-10/h2-5H,1H3	ACMC-20aomj	CSC1=CC=CC=C1N=C=S	3.79999995	142840	PubChem:(142840);PubChem class - safety and toxic	67108866
17	1	-111.18851817410119	C8H7NS2	[M + H]+	IRNRNPNZAKHEAW	InChI=1S/C8H7NS2/c1-9-6-4-2-3-5-7(6)11-8(9)10/h2-5H,1H3	3-Methylbenzothiazole-2-thione	CN1C2=CC=CC=C2SC1=S	2.75206423	75264;139159883	NORMAN:(NS00021872);PubChem class - safety and toxic;PubChem:(75264 139159883);PubMed;ZINC bio:(ZINC00039665)	67379266
18	1	-116.52146739205317	C8H7NS2	[M + H]+	CEBAJHCAFXYWNT	InChI=1S/C8H7NS2/c1-11-8-4-2-7(3-5-8)9-6-10/h2-5H,1H3	4-methylthiobenzenisothiocyanate	CSC1=CC=C(C=C1)N=C=S	3.47915339	519185	PubChem:(519185);PubChem class - safety and toxic	67108866
19	1	-117.54360014790419	C8H7NS2	[M + H]+	ZKIFNFGZHXZYHO	InChI=1S/C8H7NS2/c1-5-9-8-6(10)3-2-4-7(8)11-5/h2-4,10H,1H3	2-methyl-1,3-benzothiazole-4-thiol	CC1=NC2=C(C=CC=C2S1)S	2.9000001	21505739	PubChem:(21505739)	2
20	1	-118.27853491655131	C8H7NS2	[M + H]+	DSKIISBZERDWIC	InChI=1S/C8H7NS2/c1-10-7-5-6-3-2-4-9-8(6)11-7/h2-5H,1H3	null	CSC1=CC2=C(S1)N=CC=C2	3.0	137389403	PubChem:(137389403)	2
21	1	-119.77378829108889	C8H7NS2	[M + H]+	DQXVFHHVBSFVIT	InChI=1S/C8H7NS2/c1-5-9-7-3-2-6(10)4-8(7)11-5/h2-4,10H,1H3	null	CC1=NC2=C(S1)C=C(C=C2)S	2.9000001	10888550	PubChem:(10888550)	2
22	1	-121.85282591489317	C8H7NS2	[M + H]+	WZOBRKNXEQPAIE	InChI=1S/C8H7NS2/c1-5-3-8(10)7(4-9)6(2)11-5/h3H,1-2H3	null	CC1=CC(=S)C(=C(S1)C)C#N	1.89999998	86120759	PubChem:(86120759)	2
23	1	-124.44540352711783	C8H7NS2	[M + H]+	FHTFNPCZUYSYAY	InChI=1S/C8H7NS2/c10-5-9-6-11-8-4-2-1-3-7(8)9/h1-4,6H,5H2/p+1	null	C1=CC=C2C(=C1)[N+](=CS2)CS	2.79999995	88793768	PubChem:(88793768)	2
24	1	-124.47341808895665	C8H7NS2	[M + H]+	GCFOWRVTSFEBJN	InChI=1S/C8H7NS2/c1-10-8-4-6-2-3-9-5-7(6)11-8/h2-5H,1H3	null	CSC1=CC2=C(S1)C=NC=C2	2.70000005	123277270	PubChem:(123277270)	2
25	1	-130.0213068625637	C8H7NS2	[M + H]+	LWDUHSNZKUDUKH	InChI=1S/C8H7NS2/c10-9-8-5-6-3-1-2-4-7(6)11-8/h1-5,9-10H	null	C1=CC=C2C(=C1)C=C(S2)NS	3.70000005	88510776	PubChem:(88510776)	2
26	1	-131.54500480695634	C8H7NS2	[M + H]+	VQHCORHNNHFWDX	InChI=1S/C8H7NS2/c1-2-3-6-4-7-8(11-6)9-5-10-7/h2-5H,1H3	null	CC=CC1=CC2=C(S1)N=CS2	3.4000001	90277964;123997182	PubChem:(90277964 123997182)	2
27	1	-133.38064267337933	C8H7NS2	[M + H]+	OVQXNMNWZRKHGS	InChI=1S/C8H7NS2/c1-6-2-3-7(11-6)8-9-4-5-10-8/h2-5H,1H3	2-(5-methylthiophen-2-yl)-1,3-thiazole	CC1=CC=C(S1)C2=NC=CS2	2.70000005	21281999	PubChem:(21281999)	2
28	1	-133.5799266944779	C8H7NS2	[M + H]+	PWYPAIMGTRHKLH	InChI=1S/C8H7NS2/c1-10-8-6-3-5-11-7(6)2-4-9-8/h2-5H,1H3	null	CSC1=NC=CC2=C1C=CS2	2.70000005	70002726	PubChem:(70002726)	2
29	1	-134.5531585565678	C8H7NS2	[M + H]+	CVYMKCJLRXOQBG	InChI=1S/C8H7NS2/c1-5-3-2-4-6-7(5)11-8(10)9-6/h2-4H,1H3,(H,9,10)	7-methyl-3H-1,3-benzothiazole-2-thione	CC1=C2C(=CC=C1)NC(=S)S2	2.5999999	11849873	PubChem:(11849873);KEGG Mine	8589934594
30	1	-135.0220264437042	C8H7NS2	[M + H]+	VWHIDKJZCZDFFQ	InChI=1S/C8H7NS2/c1-2-3-6-4-7-8(11-6)10-5-9-7/h2-5H,1H3	null	CC=CC1=CC2=C(S1)SC=N2	3.4000001	90277934;123307642	PubChem:(90277934 123307642)	2
31	1	-135.2815289451966	C8H7NS2	[M + H]+	RTEIHPYXEXVCQV	InChI=1S/C8H7NS2/c1-6-4-7(5-11-6)8-9-2-3-10-8/h2-5H,1H3	null	CC1=CC(=CS1)C2=NC=CS2	2.70000005	131110815	PubChem:(131110815)	2
32	1	-135.37424624178732	C8H7NS2	[M + H]+	GOEKHMPCCZSQJS	InChI=1S/C8H7NS2/c10-5-7-6-3-1-2-4-8(6)11-9-7/h1-4,10H,5H2	null	C1=CC=C2C(=C1)C(=NS2)CS	2.4000001	91059057	PubChem:(91059057)	2
33	1	-137.4952056197768	C8H7NS2	[M + H]+	GKMAEAGCWZIZHR	InChI=1S/C8H7NS2/c1-5-3-2-4-6-7(5)11-8(9)10-6/h2-4,9H,1H3	ACMC-20lpye	CC1=C2C(=CC=C1)SC(=N)S2	3.20000005	13230868	PubChem:(13230868)	2
34	1	-137.87959800634692	C8H7NS2	[M + H]+	IUUMKUKIHJCXEF	InChI=1S/C8H7NS2/c1-2-3-8-9-6-4-10-5-7(6)11-8/h2,4-5H,1,3H2	null	C=CCC1=NC2=CSC=C2S1	3.20000005	89314806	PubChem:(89314806)	2
35	1	-139.75237793242027	C8H7NS2	[M + H]+	MKJTWWQIILUIHP	InChI=1S/C8H7NS2/c1-5-2-3-9-6-4-7(10)11-8(5)6/h2-4,10H,1H3	null	CC1=C2C(=NC=C1)C=C(S2)S	2.79999995	136449752	PubChem:(136449752)	2
36	1	-140.25114693249236	C8H7NS2	[M + H]+	QWDAQECQDOSOFI	InChI=1S/C8H7NS2/c1-6-2-3-8(11-6)7-4-10-5-9-7/h2-5H,1H3	4-(5-methylthiophen-2-yl)-1,3-thiazole	CC1=CC=C(S1)C2=CSC=N2	2.70000005	59982886	PubChem:(59982886)	2
37	1	-140.2629894969382	C8H7NS2	[M + H]+	AHLMFPMCGLXTCU	InChI=1S/C8H7NS2/c1-5-2-3-6-7(4-5)11-8(9)10-6/h2-4,9H,1H3	ACMC-20lpyf	CC1=CC2=C(C=C1)SC(=N)S2	3.20000005	13230869	PubChem:(13230869)	2
38	1	-140.41308255393676	C8H7NS2	[M + H]+	JACGKHGTBZGVMW	InChI=1S/C8H7NS2/c1-5-3-2-4-6-7(5)9-8(10)11-6/h2-4H,1H3,(H,9,10)	4-Methylbenzo[d]thiazole-2(3H)-thione	CC1=C2C(=CC=C1)SC(=S)N2	2.5999999	5138501;10773980;86306331	PubChem:(5138501 10773980 86306331);PubMed;KEGG Mine	8589934658
39	1	-141.12349745154816	C8H7NS2	[M + H]+	BRSNEVDRFLHONJ	InChI=1S/C8H7NS2/c1-6-5-9-8(11-6)7-3-2-4-10-7/h2-5H,1H3	null	CC1=CN=C(S1)C2=CC=CS2	2.70000005	10035242	PubChem:(10035242)	2
40	1	-141.55331951767147	C8H7NS2	[M + H]+	DOVZFSBPSHVNFY	InChI=1S/C8H7NS2/c1-10-7-2-4-9-6-3-5-11-8(6)7/h2-5H,1H3	null	CSC1=C2C(=NC=C1)C=CS2	2.5	68100111	PubChem:(68100111)	2
41	1	-141.63519776863143	C8H7NS2	[M + H]+	QJWKYHZZRWGGRT	InChI=1S/C8H7NS2/c1-10-7-3-2-4-8-6(7)5-9-11-8/h2-5H,1H3	null	CSC1=CC=CC2=C1C=NS2	2.79999995	119090054	PubChem:(119090054)	2
42	1	-142.4176411875187	C8H7NS2	[M + H]+	LEBSRYBLRBKVDB	InChI=1S/C8H7NS2/c1-6-4-9-8(11-6)7-2-3-10-5-7/h2-5H,1H3	null	CC1=CN=C(S1)C2=CSC=C2	2.70000005	104469563	PubChem:(104469563)	2
43	1	-142.4227465101147	C8H7NS2	[M + H]+	JDGYITNWFFEKDD	InChI=1S/C8H7NS2/c1-5-6(2)11-8(10-3)7(5)4-9/h1-2H2,3H3	null	CSC1=C(C(=C)C(=C)S1)C#N	2.0999999	90703121	PubChem:(90703121)	2
44	1	-142.60329697934023	C8H7NS2	[M + H]+	PMNBNDHDJUWBSR	InChI=1S/C8H7NS2/c1-6-2-7(3-11-6)8-4-10-5-9-8/h2-5H,1H3	null	CC1=CC(=CS1)C2=CSC=N2	2.70000005	130738614	PubChem:(130738614)	2
45	1	-143.11904643686694	C8H7NS2	[M + H]+	MYLLDWWILHIHJU	InChI=1S/C8H7NS2/c9-8-4-3-7(11-8)6-2-1-5-10-6/h1-5H,9H2	null	C1=CSC(=C1)C2=CC=C(S2)N	2.5999999	12515478	PubChem:(12515478)	2
46	1	-143.22079926705632	C8H7NS2	[M + H]+	DTKSFANXXBFTEX	InChI=1S/C8H7NS2/c9-8-2-1-7(11-8)6-3-4-10-5-6/h1-5H,9H2	null	C1=CSC=C1C2=CC=C(S2)N	2.5999999	66521181	PubChem:(66521181)	2
47	1	-143.61185215232967	C8H7NS2	[M + H]+	RBGVDBVMUSHWCJ	InChI=1S/C8H7NS2/c1-10-11-8-4-2-3-7(5-8)6-9/h2-5H,1H3	null	CSSC1=CC=CC(=C1)C#N	2.20000005	123696840	PubChem:(123696840)	2
48	1	-145.5239870922533	C8H7NS2	[M + H]+	HKZYAKOWMSKVIN	InChI=1S/C8H7NS2/c9-8-4-6(5-11-8)7-2-1-3-10-7/h1-5H,9H2	null	C1=CSC(=C1)C2=CSC(=C2)N	2.5999999	82025642	PubChem:(82025642)	2
49	1	-145.578250203584	C8H7NS2	[M + H]+	PMNZLSVNNLWTNN	InChI=1S/C8H7NS2/c1-6-2-8(11-3-6)7-4-10-5-9-7/h2-5H,1H3	null	CC1=CSC(=C1)C2=CSC=N2	2.70000005	131105881	PubChem:(131105881)	2
50	1	-148.0490492173972	C8H7NS2	[M + H]+	DHFRMESCYRTTJW	InChI=1S/C8H7NS2/c10-4-6-1-2-7-8(3-6)11-5-9-7/h1-3,5,10H,4H2	null	C1=CC2=C(C=C1CS)SC=N2	2.21968174	57009904	PubChem:(57009904)	2
51	1	-149.0815787781981	C8H7NS2	[M + H]+	YVICJYFRQUIGNH	InChI=1S/C8H7NS2/c1-6-7(2-4-10-6)8-9-3-5-11-8/h2-5H,1H3	2-(2-methylthiophen-3-yl)-1,3-thiazole	CC1=C(C=CS1)C2=NC=CS2	2.70000005	59117152	PubChem:(59117152)	2
52	1	-150.21490422781025	C8H7NS2	[M + H]+	MHNDQWQUCFFOIX	InChI=1S/C8H7NS2/c1-6-8(9-5-11-6)7-2-3-10-4-7/h2-5H,1H3	null	CC1=C(N=CS1)C2=CSC=C2	2.70000005	130836144	PubChem:(130836144)	2
53	1	-150.58150002594837	C8H7NS2	[M + H]+	QKWFTDKEHVYGJL	InChI=1S/C8H7NS2/c1-10-7-5-11-8-6(7)3-2-4-9-8/h2-5H,1H3	null	CSC1=CSC2=C1C=CC=N2	2.70000005	124007895	PubChem:(124007895)	2
54	1	-150.93088246561368	C8H7NS2	[M + H]+	PVCXIKUVQZVOFN	InChI=1S/C8H7NS2/c1-6-4-8(11-9-6)7-2-3-10-5-7/h2-5H,1H3	null	CC1=NSC(=C1)C2=CSC=C2	2.70000005	85847477	PubChem:(85847477)	2
55	1	-151.5947349165859	C8H7NS2	[M + H]+	IFJGWZGBHQKBDQ	InChI=1S/C8H7NS2/c10-4-6-1-2-8-7(3-6)9-5-11-8/h1-3,5,10H,4H2	null	C1=CC2=C(C=C1CS)N=CS2	2.21968174	57941637	PubChem:(57941637)	2
56	1	-152.3156523445649	C8H7NS2	[M + H]+	UFQHLBVKKIGZNV	InChI=1S/C8H7NS2/c1-6-7(2-3-11-6)8-4-10-5-9-8/h2-5H,1H3	null	CC1=C(C=CS1)C2=CSC=N2	2.70000005	130738535	PubChem:(130738535)	2
57	1	-152.97028740368617	C8H7NS2	[M + H]+	CEYRTKOTIZQQTK	InChI=1S/C8H7NS2/c1-6-9-5-8(11-6)7-3-2-4-10-7/h2-5H,1H3	null	CC1=NC=C(S1)C2=CC=CS2	2.70000005	91489191	PubChem:(91489191)	2
58	1	-153.68589008763834	C8H7NS2	[M + H]+	MWJDCWWYEKIHAU	InChI=1S/C8H7NS2/c1-10-7-3-2-6-5-9-11-8(6)4-7/h2-5H,1H3	null	CSC1=CC2=C(C=C1)C=NS2	2.79999995	101605155	PubChem:(101605155)	2
59	1	-154.12487610146377	C8H7NS2	[M + H]+	OECAOGZLTUBQGX	InChI=1S/C8H7NS2/c1-6-9-4-8(11-6)7-2-3-10-5-7/h2-5H,1H3	null	CC1=NC=C(S1)C2=CSC=C2	2.70000005	125512810	PubChem:(125512810)	2
60	1	-155.70933797641067	C8H7NS2	[M + H]+	RGMNKEIJMVJCFX	InChI=1S/C8H7NS2/c1-6-2-3-7(10-6)8-4-5-9-11-8/h2-5H,1H3	null	CC1=CC=C(S1)C2=CC=NS2	2.79999995	129868150	PubChem:(129868150)	2
61	1	-155.72405732945677	C8H7NS2	[M + H]+	BIKHAOXTPKIIRE	InChI=1S/C8H7NS2/c1-6-5-8(11-9-6)7-3-2-4-10-7/h2-5H,1H3	null	CC1=NSC(=C1)C2=CC=CS2	2.79999995	85847469	PubChem:(85847469)	2
62	1	-156.73095781042286	C8H7NS2	[M + H]+	HILMKDNBZMYHDJ	InChI=1S/C8H7NS2/c1-6-9-7(5-11-6)8-3-2-4-10-8/h2-5H,1H3	Enamine_004997	CC1=NC(=CS1)C2=CC=CS2	2.70000005	735733	PubChem:(735733);PubMed	66
63	1	-156.94907958741658	C8H7NS2	[M + H]+	RHJXUFKWPAHFNP	InChI=1S/C8H7NS2/c1-2-4-7(5-3-1)9-8-10-6-11-8/h1-5H,6H2	N-phenyl-1,3-dithietan-2-imine	C1SC(=NC2=CC=CC=C2)S1	3.29999995	14867438	PubChem:(14867438)	2
64	1	-157.11725633395702	C8H7NS2	[M + H]+	YJRKZRRNRRNFTP	InChI=1S/C8H7NS2/c1-6-2-3-7(11-6)8-4-9-5-10-8/h2-5H,1H3	null	CC1=CC=C(S1)C2=CN=CS2	2.70000005	54511837	PubChem:(54511837)	2
65	1	-157.42515828874767	C8H7NS2	[M + H]+	JFNMEDQHLIJSKA	InChI=1S/C8H7NS2/c1-6-5-11-8(9-6)7-3-2-4-10-7/h2-5H,1H3	4-methyl-2-(2-thienyl)-1,3-thiazole	CC1=CSC(=N1)C2=CC=CS2	2.70000005	5186862	PubChem:(5186862)	2
66	1	-157.4412427878398	C8H7NS2	[M + H]+	AJUYZIQAJVYGMC	InChI=1S/C8H7NS2/c1-2-4-10-8-7(6-9)3-5-11-8/h2-3,5H,1,4H2	null	C=CCSC1=C(C=CS1)C#N	2.79999995	129814695	PubChem:(129814695)	2
67	1	-157.87622413533973	C8H7NS2	[M + H]+	IRNLGVXMKWEJMF	InChI=1S/C8H7NS2/c1-6-2-4-10-7(6)8-9-3-5-11-8/h2-5H,1H3	null	CC1=C(SC=C1)C2=NC=CS2	2.70000005	91141855	PubChem:(91141855)	2
68	1	-158.96239977642878	C8H7NS2	[M + H]+	DCWFCMDPFWRWQM	InChI=1S/C8H7NS2/c1-6-4-10-5-7(6)8-9-2-3-11-8/h2-5H,1H3	null	CC1=CSC=C1C2=NC=CS2	2.70000005	104468701	PubChem:(104468701)	2
69	1	-159.8212649139633	C8H7NS2	[M + H]+	PFZSCDCXEMIFCQ	InChI=1S/C8H7NS2/c1-6-8(9-5-11-6)7-3-2-4-10-7/h2-5H,1H3	null	CC1=C(N=CS1)C2=CC=CS2	2.70000005	84007986	PubChem:(84007986)	2
70	1	-161.3399440983715	C8H7NS2	[M + H]+	UKNAQBQNMMHMEG	InChI=1S/C8H7NS2/c1-6-2-3-11-8(6)7-4-10-5-9-7/h2-5H,1H3	null	CC1=C(SC=C1)C2=CSC=N2	2.70000005	130511828	PubChem:(130511828)	2
71	1	-162.08844604736407	C8H7NS2	[M + H]+	LKQNJOJHXMEJQN	InChI=1S/C8H7NS2/c9-8-7(2-4-11-8)6-1-3-10-5-6/h1-5H,9H2	null	C1=CSC=C1C2=C(SC=C2)N	2.5999999	12626666	PubChem:(12626666)	2
72	1	-162.35991774509597	C8H7NS2	[M + H]+	CCQBUDQTJDYVHK	InChI=1S/C8H7NS2/c1-5-2-3-6(10)7-8(5)11-4-9-7/h2-4,10H,1H3	null	CC1=C2C(=C(C=C1)S)N=CS2	2.9000001	123393037	PubChem:(123393037)	2
73	1	-162.58486863851556	C8H7NS2	[M + H]+	GWTKSMRHXWSJAM	InChI=1S/C8H7NS2/c9-8-6(3-5-11-8)7-2-1-4-10-7/h1-5H,9H2	null	C1=CSC(=C1)C2=C(SC=C2)N	2.5999999	12765256	PubChem:(12765256)	2
74	1	-162.75358822628786	C8H7NS2	[M + H]+	SUPIBQMWUZCEHN	InChI=1S/C8H7NS2/c1-6-9-8(5-11-6)7-2-3-10-4-7/h2-5H,1H3	null	CC1=NC(=CS1)C2=CSC=C2	2.70000005	68064534	PubChem:(68064534)	2
75	1	-163.58734374280556	C8H7NS2	[M + H]+	PTBRHRBMZBWBJQ	InChI=1S/C8H7NS2/c1-6-4-11-8(9-6)7-2-3-10-5-7/h2-5H,1H3	4-methyl-2-thiophen-3-yl-1,3-thiazole	CC1=CSC(=N1)C2=CSC=C2	2.70000005	20686659	PubChem:(20686659)	2
76	1	-163.97560518360606	C8H7NS2	[M + H]+	KQKSPVOLAUJMMI	InChI=1S/C8H7NS2/c9-7-2-4-11-8(7)6-1-3-10-5-6/h1-5H,9H2	null	C1=CSC=C1C2=C(C=CS2)N	2.29999995	12765255	PubChem:(12765255)	2
77	1	-164.75857635835453	C8H7NS2	[M + H]+	WDJQMZMLKVQCNG	InChI=1S/C8H7NS2/c9-5-6-2-1-3-7(4-6)8(10)11/h1-4,8,10-11H	null	C1=CC(=CC(=C1)C(S)S)C#N	2.18293667	123650380	PubChem:(123650380)	2
78	1	-165.0262815947528	C8H7NS2	[M + H]+	AHZKGOUJNXQCFI	InChI=1S/C8H7NS2/c1-3-7(9-5-1)11-8-4-2-6-10-8/h1-6,9H	1H-Pyrrole, 2-(2-thienylthio)-	C1=CNC(=C1)SC2=CC=CS2	3.0999999	59848814	PubChem:(59848814)	2
79	1	-166.14110787082254	C8H7NS2	[M + H]+	CXXZOYANTDCIPY	InChI=1S/C8H7NS2/c1-2-4-9-7(3-1)8-10-5-6-11-8/h1-6,8H	null	C1=CC=NC(=C1)C2SC=CS2	1.89999998	57054617	PubChem:(57054617)	2
80	1	-166.61866937113678	C8H7NS2	[M + H]+	UFDGDRGRTCZUNH	InChI=1S/C8H7NS2/c1-5-2-3-6(10)8-7(5)9-4-11-8/h2-4,10H,1H3	null	CC1=C2C(=C(C=C1)S)SC=N2	2.9000001	90298665	PubChem:(90298665)	2
81	1	-167.1822661657928	C8H7NS2	[M + H]+	RWPOYIRVDFTSFP	InChI=1S/C8H7NS2/c1-6-4-8-9(2-3-11-8)7(6)5-10/h2-5H,1H3	null	CC1=C(N2C=CSC2=C1)C=S	3.29999995	85961556	PubChem:(85961556)	2
82	1	-167.71400378777585	C8H7NS2	[M + H]+	YGBZTQKBZRKHAW	InChI=1S/C8H7NS2/c10-6-9-7-11-8-4-2-1-3-5-8/h1-5H,7H2	null	C1=CC=C(C=C1)SCN=C=S	3.9000001	13240489	PubChem:(13240489)	2
83	1	-168.93821714830403	C8H7NS2	[M + H]+	ZXFSIUFLPDLVHE	InChI=1S/C8H7NS2/c9-8-5-11-4-7(8)6-1-2-10-3-6/h1-5H,9H2	null	C1=CSC=C1C2=CSC=C2N	2.20000005	12765254	PubChem:(12765254)	2
84	1	-169.36347039760025	C8H7NS2	[M + H]+	IEYBWQASGWKTEA	InChI=1S/C8H7NS2/c10-4-6-2-1-3-7-8(6)11-5-9-7/h1-3,5,10H,4H2	null	C1=CC(=C2C(=C1)N=CS2)CS	2.5	87477251	PubChem:(87477251)	2
85	1	-169.84393387504204	C8H7NS2	[M + H]+	WOEGCHROCUCVTF	InChI=1S/C8H7NS2/c9-5-1-2-6-10-8-4-3-7-11-8/h1-4,7H,6H2	null	C1=CSC(=C1)SCC=CC#N	2.5	131237424	PubChem:(131237424)	2
86	1	-170.356023354415	C8H7NS2	[M + H]+	VFACATUEZYPQTE	InChI=1S/C8H7NS2/c1-2-7(10-4-1)6-8-9-3-5-11-8/h1-5H,6H2	null	C1=CSC(=C1)CC2=NC=CS2	2.5999999	67587470	PubChem:(67587470)	2
87	1	-171.57025775669237	C8H7NS2	[M + H]+	ICPWTUGHIOZNQF	InChI=1S/C8H7NS2/c1-5-4-6-7(11-5)2-3-9-8(6)10/h2-4H,1H3,(H,9,10)	null	CC1=CC2=C(S1)C=CNC2=S	2.0999999	137420123	PubChem:(137420123)	2
88	1	-173.6027360595396	C8H7NS2	[M + H]+	ALVRMRYUXMLYKV	InChI=1S/C8H7NS2/c9-6-3-5-11-8(6)7-2-1-4-10-7/h1-5H,9H2	null	C1=CSC(=C1)C2=C(C=CS2)N	2.29999995	12765253	PubChem:(12765253)	2
89	1	-173.965465917773	C8H7NS2	[M + H]+	YSZUIRFKJHYPHL	InChI=1S/C8H7NS2/c9-5-7-3-1-2-4-8(7)6-11-10/h1-4,10H,6H2	null	C1=CC=C(C(=C1)CSS)C#N	3.03567004	129166885	PubChem:(129166885)	2
90	1	-174.03703011325936	C8H7NS2	[M + H]+	RTIUSQFOWNAQPV	InChI=1S/C8H7NS2/c9-5-7-2-1-3-8(4-7)6-11-10/h1-4,10H,6H2	null	C1=CC(=CC(=C1)C#N)CSS	3.03567004	129166878	PubChem:(129166878)	2
91	1	-174.05804236821442	C8H7NS2	[M + H]+	IHMSKVUCBLUERJ	InChI=1S/C8H7NS2/c9-5-7-1-3-8(4-2-7)6-11-10/h1-4,10H,6H2	Benzenemethanesulfenothioic acid, 4-cyano-	C1=CC(=CC=C1CSS)C#N	2.20000005	60151211	PubChem:(60151211)	2
92	1	-174.93247670303273	C8H7NS2	[M + H]+	XAOSPDLUZSOPKV	InChI=1S/C8H7NS2/c1-6-8(11-5-9-6)7-3-2-4-10-7/h2-5H,1H3	null	CC1=C(SC=N1)C2=CC=CS2	2.70000005	82125321	PubChem:(82125321)	2
93	1	-175.03917691228392	C8H7NS2	[M + H]+	YAMYIESVJPNKAZ	InChI=1S/C8H7NS2/c1-2-4-9-7(3-1)8-5-10-6-11-8/h1-5H,6H2	2-(1,3-dithiol-4-yl)pyridine	C1SC=C(S1)C2=CC=CC=N2	2.0	59086467;59086468	PubChem:(59086467 59086468)	2
94	1	-177.90502946935464	C8H7NS2	[M + H]+	BVRNJTXJKVNUTP	InChI=1S/C8H7NS2/c9-6-8(3-4-8)11-7-2-1-5-10-7/h1-2,5H,3-4H2	null	C1CC1(C#N)SC2=CC=CS2	2.5999999	117034781	PubChem:(117034781)	2
95	1	-178.98116031427514	C8H7NS2	[M + H]+	RDKXVDSORKHYLX	InChI=1S/C8H7NS2/c1-3-7(10-5-1)9-8-4-2-6-11-8/h1-6,9H	null	C1=CSC(=C1)NC2=CC=CS2	3.5	53921402	PubChem:(53921402)	2
96	1	-179.78706680752	C8H7NS2	[M + H]+	NTWSGPVQRKBCQN	InChI=1S/C8H7NS2/c1-6-3-2-4-7-8(6)11-9-5-10-7/h2-5H,1H3	1,4,2-Benzodithiazine, 8-methyl-	CC1=C2C(=CC=C1)SC=NS2	2.70000005	12950684	PubChem:(12950684)	2
97	1	-179.78706680752	C8H7NS2	[M + H]+	XDHAEKYAXIUVQM	InChI=1S/C8H7NS2/c1-6-3-2-4-7-8(6)10-5-9-11-7/h2-5H,1H3	1,4,2-Benzodithiazine, 5-methyl-	CC1=C2C(=CC=C1)SN=CS2	2.70000005	12950685	PubChem:(12950685)	2
98	1	-180.20324539163616	C8H7NS2	[M + H]+	UEWFAQLLIMEXHD	InChI=1S/C8H7NS2/c9-8-10-7(11-8)6-4-2-1-3-5-6/h1-5,7,9H	null	C1=CC=C(C=C1)C2SC(=N)S2	3.0999999	20265767	PubChem:(20265767)	2
99	1	-180.93514491318516	C8H7NS2	[M + H]+	RMRZNWYTTLPVLE	InChI=1S/C8H7NS2/c9-7-5-10-4-6(7)8-2-1-3-11-8/h1-5H,9H2	4-thiophen-2-ylthiophen-3-amine	C1=CSC(=C1)C2=CSC=C2N	2.29999995	12950680	PubChem:(12950680)	2
100	1	-181.36681504716944	C8H7NS2	[M + H]+	UKHXCZCUPPNHCL	InChI=1S/C8H7NS2/c10-6-9(7-11)8-4-2-1-3-5-8/h1-7H	null	C1=CC=C(C=C1)N(C=S)C=S	2.29999995	57484015	PubChem:(57484015)	2
101	1	-182.23798399017983	C8H7NS2	[M + H]+	WSUWENMITCZRJW	InChI=1S/C8H7NS2/c1-6-2-10-3-7(6)8-4-11-5-9-8/h2-5H,1H3	null	CC1=CSC=C1C2=CSC=N2	2.70000005	130611959	PubChem:(130611959)	2
102	1	-182.46276761748302	C8H7NS2	[M + H]+	PSKGYNWRDUJSLO	InChI=1S/C8H8NS2/c1-3-7-6(2)11-8-9(7)4-5-10-8/h3-5H,1H2,2H3/q+1	5-ethenyl-6-methyl-[1,3]thiazolo[2,3-b][1,3]thiazol-4-ium	CC1=C([N+]2=C(S1)SC=C2)C=C	4.0999999	6713411	PubChem:(6713411)	2
103	1	-182.55485068468147	C8H7NS2	[M + H]+	QXUWYPKGLFTCJH	InChI=1S/C8H7NS2/c1-6-2-3-7-8(4-6)11-9-5-10-7/h2-5H,1H3	1,4,2-Benzodithiazine, 7-methyl-	CC1=CC2=C(C=C1)SC=NS2	2.70000005	12950688	PubChem:(12950688)	2
104	1	-182.55485068468147	C8H7NS2	[M + H]+	VOWUUEDCJKKOGK	InChI=1S/C8H7NS2/c1-6-2-3-7-8(4-6)10-5-9-11-7/h2-5H,1H3	1,4,2-Benzodithiazine, 6-methyl-	CC1=CC2=C(C=C1)SN=CS2	2.70000005	12950690	PubChem:(12950690)	2
105	1	-182.70091086509865	C8H7NS2	[M + H]+	RHJDOWRMOQVRAU	InChI=1S/C8H7NS2/c1-9-8(10)6-4-2-3-5-7(6)11-9/h2-5H,1H3	2-methyl-1,2-benzothiazole-3-thione	CN1C(=S)C2=CC=CC=C2S1	2.0999999	292326	PubChem:(292326);PubChem class - safety and toxic	67108866
106	1	-184.31354856664768	C8H7NS2	[M + H]+	CKEKIAJTWURGJX	InChI=1S/C8H7NS2/c1-2-4-8-7(3-1)5-6-9-11-10-8/h1-6,9H	null	C1=CC=C2C(=C1)C=CNSS2	4.5	22614737	PubChem:(22614737)	2
107	1	-187.63255294922592	C8H7NS2	[M + H]+	IAEVXIKMCDEPAN	InChI=1S/C8H7NS2/c9-4-7-3-6-5-10-2-1-8(6)11-7/h3H,1-2,5H2	null	C1CSCC2=C1SC(=C2)C#N	2.20000005	81261872	PubChem:(81261872)	2
108	1	-190.8265402936053	C8H7NS2	[M + H]+	CZJZNCZFLOXXRB	InChI=1S/C8H7NS2/c1-2-8(11-3-1)4-7-5-10-6-9-7/h1-3,5-6H,4H2	null	C1=CSC(=C1)CC2=CSC=N2	2.5999999	67588913	PubChem:(67588913)	2
109	1	-191.18826554818725	C8H7NS2	[M + H]+	DLFGUMLRNPQXSE	InChI=1S/C8H7NS2/c1-2-4-8(5-3-1)11-9-6-7-10-11/h1-7H	null	C1=CC=C(C=C1)S2=NC=CS2	3.29999995	57451716	PubChem:(57451716)	2
110	1	-192.3426733171664	C8H7NS2	[M + H]+	TYRDTQOEGDAITA	InChI=1S/C8H7NS2/c1-2-4-8-7(3-1)10-5-9-6-11-8/h1-5H,6H2	null	C1N=CSC2=CC=CC=C2S1	2.5	134811445	PubChem:(134811445)	2
111	1	-193.16188331127282	C8H7NS2	[M + H]+	UWSVIEYEOLLVFQ	InChI=1S/C8H7NS2/c1-2-8-7(9-3-1)6-10-4-5-11-8/h1-6,9H	null	C1=CNC2=CSC=CSC2=C1	2.4000001	54376309	PubChem:(54376309)	2
112	1	-195.60391783671267	C8H7NS2	[M + H]+	HYYACEFZJWZWDF	InChI=1S/C8H7NS2/c1-2-7(10-3-1)4-8-5-9-6-11-8/h1-3,5-6H,4H2	null	C1=CSC(=C1)CC2=CN=CS2	2.5999999	69177129	PubChem:(69177129)	2
113	1	-197.4233963413702	C8H7NS2	[M + H]+	LLJAVQQCTWRXQO	InChI=1S/C8H7NS2/c10-7-4-3-6-2-1-5-9-8(6)11-7/h1-5,7,10H	null	C1=CC2=C(N=C1)SC(C=C2)S	2.5	88764225	PubChem:(88764225)	2
114	1	-197.6036697244325	C8H7NS2	[M + H]+	UVMKMCKOLDWUDN	InChI=1S/C8H7NS2/c10-5-8-9-6-3-1-2-4-7(6)11-8/h1-5,9-10H	(E)-3H-1,3-benzothiazol-2-ylidenemethanethiol	C1=CC=C2C(=C1)NC(=CS)S2	2.5999999	23092692;74016601	PubChem:(23092692 74016601)	2
115	1	-198.66696119791027	C8H7NS2	[M + H]+	AGCAQIBYBZRLII	InChI=1S/C8H7NS2/c10-7-9-5-1-3-8-4-2-6-11-8/h1-4,6H,5H2	null	C1=CSC(=C1)C=CCN=C=S	3.5999999	88248355	PubChem:(88248355)	2
116	1	-199.02609777640902	C8H7NS2	[M + H]+	QYHGWKSZHSGWIU	InChI=1S/C8H7NS2/c10-11-9-6-5-7-3-1-2-4-8(7)9/h1-6,10H	null	C1=CC=C2C(=C1)C=CN2SS	3.51524687	123399822	PubChem:(123399822)	2
117	1	-199.5823319274656	C8H7NS2	[M + H]+	IZDSNUYKMBKUHS	InChI=1S/C8H7NS2/c10-11-8-5-9-7-4-2-1-3-6(7)8/h1-5,9-10H	null	C1=CC=C2C(=C1)C(=CN2)SS	3.3334887	123908185	PubChem:(123908185)	2
118	1	-199.81905483250858	C8H7NS2	[M + H]+	MVZFBKCSTRYAEW	InChI=1S/C8H7NS2/c1-5-6(2-9)7-3-10-4-8(7)11-5/h3-4H2,1H3	null	CC1=C(C2=C(S1)CSC2)C#N	1.79999995	91325657	PubChem:(91325657)	2
119	1	-201.1104680913044	C8H7NS2	[M + H]+	ZPQIHHWZRWMQAL	InChI=1S/C8H7NS2/c1-2-4-7(5-3-1)8-9-11-6-10-8/h1-5H,6H2	null	C1SC(=NS1)C2=CC=CC=C2	2.70000005	10035241	PubChem:(10035241)	2
120	1	-201.62533132844823	C8H7NS2	[M + H]+	VACMUHNRLDIVES	InChI=1S/C8H7NS2/c1-3-10-5-7(1)9-8-2-4-11-6-8/h1-6,9H	3-Thiophenamine, N-3-thienyl-	C1=CSC=C1NC2=CSC=C2	2.79999995	15619534	PubChem:(15619534)	2
121	1	-204.77338296341546	C8H7NS2	[M + H]+	GMPBPGCDZOWHAE	InChI=1S/C8H7NS2/c10-11-7-3-1-2-6-4-5-9-8(6)7/h1-5,9-10H	null	C1=CC2=C(C(=C1)SS)NC=C2	3.3334887	91239755	PubChem:(91239755)	2
122	1	-206.1990408039281	C8H7NS2	[M + H]+	VYMHBQQZUYHXSS	InChI=1S/C8H7NS2/c1-2-5-9-7(3-1)8-4-6-10-11-8/h1-6,8H	2-(3H-dithiol-3-yl)pyridine	C1=CC=NC(=C1)C2C=CSS2	1.60000002	22053063	PubChem:(22053063)	2
123	1	-207.64114276004372	C8H7NS2	[M + H]+	PVBMYPLXZMTVJQ	InChI=1S/C8H7NS2/c1-4-9-5-2-7(1)8-3-6-10-11-8/h1-6,8H	null	C1=CSSC1C2=CC=NC=C2	1.5	88712019	PubChem:(88712019)	2
124	1	-208.51719044870973	C8H7NS2	[M + H]+	HYTRWLAWRZRDMP	InChI=1S/C8H7NS2/c1-2-7-3-5-10-11-6-8(7)9-4-1/h1-6,9H	null	C1=CNC2=CSSC=CC2=C1	3.20000005	69987042	PubChem:(69987042)	2
125	1	-213.13873064459685	C8H7NS2	[M + H]+	NTRKGEXOTBGJDE	InChI=1S/C8H7NS2/c1-2-7(9-6-10)8-4-3-5-11-8/h2-5,7H,1H2	null	C=CC(C1=CC=CS1)N=C=S	3.79999995	88248354	PubChem:(88248354)	2
126	1	-213.47133846262307	C8H7NS2	[M + H]+	LMGHBKWEEVKVDE	InChI=1S/C8H7NS2/c1-6-9-7-4-2-3-5-8(7)11(6)10/h2-5H,1H3	null	CC1=NC2=CC=CC=C2S1=S	4.0	129791745	PubChem:(129791745)	2
127	1	-213.51243646601583	C8H7NS2	[M + H]+	QUOHYQWHHROQKK	InChI=1S/C8H7NS2/c1-9-7-5-3-2-4-6(7)8(10)11-9/h2-5H,1H3	1-methyl-2,1-benzothiazole-3-thione	CN1C2=CC=CC=C2C(=S)S1	2.5999999	4588948	PubChem:(4588948)	2
128	1	-213.97108975468367	C8H7NS2	[M + H]+	CHJIXYXEMYANRA	InChI=1S/C8H7NS2/c10-11-7-1-2-8-6(5-7)3-4-9-8/h1-5,9-10H	null	C1=CC2=C(C=CN2)C=C1SS	3.3334887	91377323	PubChem:(91377323)	2
129	1	-214.52959624307493	C8H7NS2	[M + H]+	AVZQRWALIJXSHW	InChI=1S/C8H7NS2/c1-2-4-8(5-3-1)9-10-6-7-11-9/h1-7H	null	C1=CC=C(C=C1)N2SC=CS2	2.70000005	90302713	PubChem:(90302713)	2
130	1	-214.7794241878434	C8H7NS2	[M + H]+	USMCMIJSCMUSLT	InChI=1S/C8H7NS2/c10-8-5-6-3-1-2-4-7(6)9(8)11/h1-5,10-11H	null	C1=CC=C2C(=C1)C=C(N2S)S	3.0999999	129653053	PubChem:(129653053)	2
131	1	-218.3770834767863	C8H7NS2	[M + H]+	JJMLSBXAQKGCFO	InChI=1S/C8H7NS2/c10-8-5-9-6-3-1-2-4-7(6)11-8/h1-5,8,10H	2H-1,4-benzothiazine-2-thiol	C1=CC=C2C(=C1)N=CC(S2)S	2.0999999	22947542	PubChem:(22947542)	2
132	1	-218.62825251247853	C8H7NS2	[M + H]+	DZLLBCZKMWNNTK	InChI=1S/C8H7NS2/c10-11-8-3-1-2-7-6(8)4-5-9-7/h1-5,9-10H	null	C1=CC2=C(C=CN2)C(=C1)SS	3.3334887	123981850	PubChem:(123981850)	2
133	1	-219.31843785514292	C8H7NS2	[M + H]+	MQPLBSQRLNUSRA	InChI=1S/C8H7NS2/c1-2-4-7(5-3-1)8-6-10-9-11-8/h1-6,9H	null	C1=CC=C(C=C1)C2=CSNS2	2.0999999	91311218	PubChem:(91311218)	2
134	1	-219.42870963215074	C8H7NS2	[M + H]+	WIURZRPGKFTBEZ	InChI=1S/C8H7NS2/c1-9-7(10)3-2-6-4-5-11-8(6)9/h2-5H,1H3	7-methylthieno[2,3-b]pyridine-6-thione	CN1C(=S)C=CC2=C1SC=C2	2.0999999	19862498	PubChem:(19862498)	2
135	1	-219.54602613563276	C8H7NS2	[M + H]+	AARWNNOEQJKOBQ	InChI=1S/C8H7NS2/c1-9-4-2-6-3-5-11-7(6)8(9)10/h2-5H,1H3	null	CN1C=CC2=C(C1=S)SC=C2	2.0999999	121405862	PubChem:(121405862)	2
136	1	-220.83686149144188	C8H7NS2	[M + H]+	DJYKRSXUSUXUMJ	InChI=1S/C8H7NS2/c1-6(8(10)11)7-4-2-3-5-9-7/h2-5H,1H2,(H,10,11)	null	C=C(C1=CC=CC=N1)C(=S)S	2.0999999	87654651	PubChem:(87654651)	2
137	1	-225.21555145127675	C8H7NS2	[M + H]+	KNVSGSFKAFXEPZ	InChI=1S/C8H8NS2/c1-5-3-6(2)8-7(4-5)9-11-10-8/h3-4H,1-2H3/q+1	5,7-dimethyl-1,2,3-benzodithiazol-1-ium	CC1=CC2=NS[S+]=C2C(=C1)C	3.51969862	359777	PubChem:(359777)	2
138	1	-225.49544675141158	C8H7NS2	[M + H]+	AFYCKEZMKNGJAW	InChI=1S/C8H7NS2/c10-11-8-3-1-7(2-4-8)9-5-6-9/h1-6,10H	null	C1=CC(=CC=C1N2C=C2)SS	2.4000001	123497400	PubChem:(123497400)	2
139	1	-225.66454456135978	C8H7NS2	[M + H]+	NDKPWLZJPGRFJQ	InChI=1S/C8H7NS2/c9-3-6-4-11-8-5-10-2-1-7(6)8/h4H,1-2,5H2	null	C1CSCC2=C1C(=CS2)C#N	1.79999995	114754475	PubChem:(114754475)	2
140	1	-226.43516402386678	C8H7NS2	[M + H]+	IGWFHAFFBQEUIX	InChI=1S/C8H7NS2/c10-9-6-5-7-3-1-2-4-8(7)11-9/h1-6,10H	2-sulfanyl-1,2-benzothiazine	C1=CC=C2C(=C1)C=CN(S2)S	3.0999999	22413851	PubChem:(22413851)	2
141	1	-235.7013384563834	C8H7NS2	[M + H]+	LZMDCGRSJJFRKY	InChI=1S/C8H7NS2/c1-3-7(10-5-1)8-9-4-2-6-11-8/h1-6,8H	2-thiophen-2-yl-2H-1,3-thiazine	C1=CSC(=C1)C2N=CC=CS2	1.70000005	18692961	PubChem:(18692961)	2
142	1	-240.2287415196988	C8H7NS2	[M + H]+	IPPIMWWHMSXKKI	InChI=1S/C8H7NS2/c1-2-4-9-8(3-1)7-5-10-11-6-7/h1-5H,6H2	2-(3H-dithiol-4-yl)pyridine	C1C(=CSS1)C2=CC=CC=N2	1.10000002	20472503	PubChem:(20472503)	2
143	1	-242.69672797574563	C8H7NS2	[M + H]+	NAIDGFJPMWALQG	InChI=1S/C8H7NS2/c1-2-7-3-5-10-11-6-8(7)9-4-1/h1-4,6H,5H2	null	C1C=C2C=CC=NC2=CSS1	0.600000024	88089506	PubChem:(88089506)	2
144	1	-245.05675396519442	C8H7NS2	[M + H]+	ILQVVIOFLRCHAM	InChI=1S/C8H7NS2/c1-2-4-8-7(3-1)5-6-9-11-10-8/h1-4,6H,5H2	null	C1C=NSSC2=CC=CC=C21	1.89999998	53922804	PubChem:(53922804)	2
145	1	-247.43603027661203	C8H7NS2	[M + H]+	MAGKTYIWKWBCRE	InChI=1S/C8H7NS2/c9-4-6-5-11-8-7(6)2-1-3-10-8/h5H,1-3H2	null	C1CC2=C(SC1)SC=C2C#N	2.5999999	114754470	PubChem:(114754470)	2
146	1	-248.922277300314	C8H7NS2	[M + H]+	XSGRYVBJAYHRBL	InChI=1S/C8H7NS2/c1-6-5-9-8(11-6)7-3-2-4-10-7/h2-4H,1,5H2	null	C=C1CN=C(S1)C2=CC=CS2	2.5	10397420	PubChem:(10397420)	2
147	1	-249.4717388739738	C8H7NS2	[M + H]+	IJZGHDKTDHGVGZ	InChI=1S/C8H7NS2/c10-8-5-6-3-1-2-4-7(6)11-9-8/h1-5,9-10H	null	C1=CC=C2C(=C1)C=C(NS2)S	2.79999995	88356535	PubChem:(88356535)	2
148	1	-254.10974587483278	C8H7NS2	[M + H]+	BOYFKQMBUSHNEW	InChI=1S/C8H7NS2/c1-3-7(10-5-1)8-9-4-2-6-11-8/h1-5H,6H2	null	C1C=CN=C(S1)C2=CC=CS2	2.4000001	53693620	PubChem:(53693620)	2
149	1	-255.5828989333555	C8H7NS2	[M + H]+	FWZXGYYJQMZJBJ	InChI=1S/C8H7NS2/c1-2-4-7(5-3-1)8-9-6-10-11-8/h1-5H,6H2	null	C1N=C(SS1)C2=CC=CC=C2	2.0999999	85781407	PubChem:(85781407)	2
150	1	-256.93529367211886	C8H7NS2	[M + H]+	FPXFLOZNXUIZTE	InChI=1S/C8H7NS2/c1-2-4-7(5-3-1)8-6-10-11-9-8/h1-6,9H	null	C1=CC=C(C=C1)C2=CSSN2	2.5999999	90302714	PubChem:(90302714)	2
151	1	-258.7790812450638	C8H7NS2	[M + H]+	AQWCHSYEHJCCNU	InChI=1S/C8H7NS2/c10-8-5-11-7-4-2-1-3-6(7)9-8/h1-4H,5H2,(H,9,10)	4H-1,4-benzothiazine-3-thione	C1C(=S)NC2=CC=CC=C2S1	2.0	773981	PubChem:(773981);PubMed	66
152	1	-261.176653173754	C8H7NS2	[M + H]+	UPQSXGQNKWFCQV	InChI=1S/C8H7NS2/c10-8-9-5-6-3-1-2-4-7(6)11-8/h1-4H,5H2,(H,9,10)	3,4-dihydro-1,3-benzothiazine-2-thione	C1C2=CC=CC=C2SC(=S)N1	2.20000005	3255582	PubChem:(3255582)	2
153	1	-268.29491807024147	C8H7NS2	[M + H]+	CFQKBLDAMMCXOM	InChI=1S/C8H7NS2/c10-8-9-7-4-2-1-3-6(7)5-11-8/h1-4H,5H2,(H,9,10)	4H-3,1-Benzothiazine-2-thiol	C1C2=CC=CC=C2NC(=S)S1	2.20000005	3966099	PubChem:(3966099);PubMed	66
154	1	-274.10151096190447	C8H7NS2	[M + H]+	YWLASNQCODQVHJ	InChI=1S/C8H7NS2/c10-11-8-4-2-1-3-7(8)5-6-9-11/h1-6,9H	null	C1=CC=C2C(=C1)C=CNS2=S	4.4000001	67293599	PubChem:(67293599)	2
155	1	-276.3847581089967	C8H7NS2	[M + H]+	HLOKABOEBDBEGO	InChI=1S/C8H7NS2/c10-8-5-6-3-1-2-4-7(6)11-9-8/h1-4H,5H2,(H,9,10)	4H-1,2-benzothiazine-3-thione	C1C2=CC=CC=C2SNC1=S	1.79999995	23049728	PubChem:(23049728)	2
156	1	-288.2212453173833	C8H7NS2	[M + H]+	ZPTVFBMYIOHRNP	InChI=1S/C8H7NS2/c9-7-5-3-1-2-4-6(5)11-8(7)10/h1-4,7H,9H2	null	C1=CC=C2C(=C1)C(C(=S)S2)N	1.70000005	89059473	PubChem:(89059473)	2
157	1	-298.8761518903854	C8H7NS2	[M + H]+	PWMNMBINNGYNLU	InChI=1S/C8H7NS2/c10-11-8-5-9-7-4-2-1-3-6(7)8/h1-4,10H,5H2	null	C1C(=C2C=CC=CC2=N1)SS	1.60000002	91149739	PubChem:(91149739)	2
158	1	-319.6867538926518	C8H7NS2	[M + H]+	NSUFXRHHYRSOTQ	InChI=1S/C8H7NS2/c10-6-2-1-3-7-8(4-6)11-5-9-7/h1-6,10H	null	C1=CC(C=C2C(=C1)N=CS2)S	2.0	130239344	PubChem:(130239344)	2
159	1	-321.2884071149108	C8H7NS2	[M + H]+	OTRUHWIFXJERET	InChI=1S/C8H8NS2/c10-6-4-8(11)7-3-1-2-5-9-7/h2-6,9H,1H2/q+1	null	C1C=CNC(=C1)C(=S)[CH+]C=S	1.89999998	136434655	PubChem:(136434655)	2
160	1	-323.16816760959153	C8H7NS2	[M + H]+	OEGWWKZEPZKSMZ	InChI=1S/C8H7NS2/c1-4-6-7(5-2)11-8(10)9(6)3/h1-2,6-7H,3H3	null	CN1C(C(SC1=S)C#C)C#C	1.29999995	88889787	PubChem:(88889787)	2
161	1	-333.72055800449965	C8H7NS2	[M + H]+	QBEYBHLCNXJMEZ	InChI=1S/C8H7NS2/c10-8-9-7-4-2-1-3-6(7)5-11-8/h1-5,7H,(H,9,10)	1,8a-dihydro-3,1-benzothiazine-2-thione	C1=CC2C(=CSC(=S)N2)C=C1	2.0	20296811	PubChem:(20296811)	2