{
  "molecularFormula" : "C10H24N4O2S",
  "root" : "C10H24N4O2S",
  "annotations" : {
    "recalibration" : {
      "merged" : "0.9999977550958334x + 1.5177696107571137E-4"
    },
    "nodeBoost" : 0.0,
    "numberOfUnconsideredCandidates" : 0,
    "lowestConsideredCandidateScore" : 116.98403776748073,
    "statistics" : {
      "explainedIntensity" : 0.8607913168954607,
      "explainedIntensityOfExplainablePeaks" : 0.9214035615975286,
      "ratioOfExplainedPeaks" : 0.7241379310344828
    },
    "precursorIonType" : "[M + H]+"
  },
  "fragments" : [ {
    "id" : 0,
    "molecularFormula" : "C10H24N4O2S",
    "massDeviation" : "2.2760500412769225 ppm (6.035399094912464E-4 m/z)",
    "recalibratedMassDeviation" : "0.6035232142874526 ppm (1.6003590883428842E-4 m/z)",
    "score" : -0.8079457682351354,
    "scores" : {
      "Chemical Prior" : 1.0,
      "MS-Isotopes" : 0.0,
      "Mass Deviation" : -0.19850785580103508,
      "CarbohydrogenCompound" : 0.0,
      "motif-search" : 0.0,
      "MS2-Isotopes" : 0.0,
      "PhosphorScorer" : 0.0,
      "BeautificationScorer" : -0.0,
      "IntrinsicallyChargedScorer" : 0.0,
      "StrangeElementRootScorer" : -1.6094379124341003
    },
    "molecularFormula" : "C10H24N4O2S",
    "relativeIntensity" : 1.0,
    "ion" : "[M + H]+",
    "mz" : 265.169877,
    "recalibratedMass" : 265.16943349599933,
    "peaks" : [ {
      "intensity" : 4.1282842670876E7,
      "ce" : "35 eV",
      "spectrum" : 0,
      "mz" : 265.169533
    } ],
    "isotopes" : {
      "score" : -0.36100288558682553,
      "mz" : [ 265.169877, 266.172339 ],
      "relInt" : [ 1.0, 0.20735577296430813 ]
    }
  }, {
    "id" : 1,
    "molecularFormula" : "C10H22N4O2S",
    "massDeviation" : "5.53135404028685 ppm (0.001455603909448655 m/z)",
    "recalibratedMassDeviation" : "3.863214941270564 ppm (0.0010166229371861846 m/z)",
    "score" : 0.1706882045273736,
    "scores" : {
      "TreeSizeScorer" : -0.5,
      "StrangeElementFragmentScorer" : -0.4054652081081694,
      "StrangeElementSmallFragmentScorer" : 0.0,
      "Common Fragments" : 0.0,
      "Mass Deviation" : -0.357734671280167,
      "CarbohydrogenFragment" : 0.0,
      "MS2-Isotopes" : 0.0,
      "FragmentSizeScorer" : 0.0,
      "PhosphorScorer" : 0.0,
      "ClippedPeakIsNoiseScorer" : 1.43388808391571
    },
    "molecularFormula" : "C10H22N4O2S",
    "relativeIntensity" : 0.05101247763654337,
    "ion" : "[M + H]+",
    "mz" : 263.155079,
    "recalibratedMass" : 263.15464001902774,
    "peaks" : [ {
      "intensity" : 2105940.088521,
      "ce" : "35 eV",
      "spectrum" : 0,
      "mz" : 263.155079
    } ]
  }, {
    "id" : 2,
    "molecularFormula" : "C9H21N4O2S",
    "massDeviation" : "1.5776210893077682 ppm (3.9463590948685123E-4 m/z)",
    "recalibratedMassDeviation" : "-0.060530144340436215 ppm (-1.5141360364623324E-5 m/z)",
    "score" : -0.15448281534059677,
    "scores" : {
      "TreeSizeScorer" : -0.5,
      "StrangeElementFragmentScorer" : -0.4054652081081694,
      "StrangeElementSmallFragmentScorer" : 0.0,
      "Common Fragments" : 0.0,
      "Mass Deviation" : -0.004841277365939529,
      "CarbohydrogenFragment" : 0.0,
      "MS2-Isotopes" : 0.0,
      "FragmentSizeScorer" : 0.0,
      "PhosphorScorer" : 0.0,
      "ClippedPeakIsNoiseScorer" : 0.7558236701335121
    },
    "molecularFormula" : "C9H21N4O2S",
    "relativeIntensity" : 0.012514550082968822,
    "ion" : "[M + H]+",
    "mz" : 250.146193,
    "recalibratedMass" : 250.14578322273016,
    "peaks" : [ {
      "intensity" : 516636.202172,
      "ce" : "35 eV",
      "spectrum" : 0,
      "mz" : 250.146193
    } ]
  }, {
    "id" : 3,
    "molecularFormula" : "C9H19N4O2S",
    "massDeviation" : "-0.04957112719222632 ppm (-1.2300090531880414E-5 m/z)",
    "recalibratedMassDeviation" : "-1.6827951425275796 ppm (-4.175515056203949E-4 m/z)",
    "score" : -0.47938957761389184,
    "scores" : {
      "TreeSizeScorer" : -0.5,
      "StrangeElementFragmentScorer" : -0.4054652081081694,
      "StrangeElementSmallFragmentScorer" : 0.0,
      "Common Fragments" : 0.0,
      "Mass Deviation" : -0.1434508403117316,
      "CarbohydrogenFragment" : 0.0,
      "MS2-Isotopes" : 0.0,
      "FragmentSizeScorer" : 0.0,
      "PhosphorScorer" : 0.0,
      "ClippedPeakIsNoiseScorer" : 0.5695264708060092
    },
    "molecularFormula" : "C9H19N4O2S",
    "relativeIntensity" : 0.008141078308376782,
    "ion" : "[M + H]+",
    "mz" : 248.130136,
    "recalibratedMass" : 248.1297307485849,
    "peaks" : [ {
      "intensity" : 336086.854976,
      "ce" : "35 eV",
      "spectrum" : 0,
      "mz" : 248.130136
    } ]
  }, {
    "id" : 4,
    "molecularFormula" : "C9H19N3O2S",
    "massDeviation" : "0.3361417437376021 ppm (7.869990946574035E-5 m/z)",
    "recalibratedMassDeviation" : "-1.2604972048346477 ppm (-2.951161507382949E-4 m/z)",
    "score" : -0.2694073340115323,
    "scores" : {
      "TreeSizeScorer" : -0.5,
      "StrangeElementFragmentScorer" : -0.4054652081081694,
      "StrangeElementSmallFragmentScorer" : 0.0,
      "Common Fragments" : 0.0,
      "Mass Deviation" : -0.10570216606244513,
      "CarbohydrogenFragment" : 0.0,
      "MS2-Isotopes" : 0.0,
      "FragmentSizeScorer" : 0.0,
      "PhosphorScorer" : 0.0,
      "ClippedPeakIsNoiseScorer" : 0.7417600401590823
    },
    "molecularFormula" : "C9H19N3O2S",
    "relativeIntensity" : 0.012121951911297033,
    "ion" : "[M + H]+",
    "mz" : 234.127153,
    "recalibratedMass" : 234.1267791839398,
    "peaks" : [ {
      "intensity" : 500428.633618,
      "ce" : "35 eV",
      "spectrum" : 0,
      "mz" : 234.127153
    } ]
  }, {
    "id" : 5,
    "molecularFormula" : "C8H19N3O2S",
    "massDeviation" : "2.1955848481545837 ppm (4.8769990948471786E-4 m/z)",
    "recalibratedMassDeviation" : "0.6339690570505332 ppm (1.408217811160739E-4 m/z)",
    "score" : 0.07400595395331216,
    "scores" : {
      "TreeSizeScorer" : -0.5,
      "StrangeElementFragmentScorer" : -0.4054652081081694,
      "StrangeElementSmallFragmentScorer" : 0.0,
      "Common Fragments" : 0.0,
      "Mass Deviation" : -0.051871934202704535,
      "CarbohydrogenFragment" : 0.0,
      "MS2-Isotopes" : 0.0,
      "FragmentSizeScorer" : 0.0,
      "PhosphorScorer" : 0.0,
      "ClippedPeakIsNoiseScorer" : 1.031343096264186
    },
    "molecularFormula" : "C8H19N3O2S",
    "relativeIntensity" : 0.02288245392971518,
    "ion" : "[M + H]+",
    "mz" : 222.127562,
    "recalibratedMass" : 222.12721512187164,
    "peaks" : [ {
      "intensity" : 944652.745504,
      "ce" : "35 eV",
      "spectrum" : 0,
      "mz" : 222.127562
    } ]
  }, {
    "id" : 6,
    "molecularFormula" : "C8H17N3O2S",
    "massDeviation" : "1.5844854853423596 ppm (3.487639094714723E-4 m/z)",
    "recalibratedMassDeviation" : "0.02912631214196751 ppm (6.411034235043189E-6 m/z)",
    "score" : -0.10957347539440881,
    "scores" : {
      "TreeSizeScorer" : -0.5,
      "StrangeElementFragmentScorer" : -0.4054652081081694,
      "StrangeElementSmallFragmentScorer" : 0.0,
      "Common Fragments" : 0.0,
      "Mass Deviation" : -0.0023266447312374396,
      "CarbohydrogenFragment" : 0.0,
      "MS2-Isotopes" : 0.0,
      "FragmentSizeScorer" : 0.0,
      "PhosphorScorer" : 0.0,
      "ClippedPeakIsNoiseScorer" : 0.798218377444998
    },
    "molecularFormula" : "C8H17N3O2S",
    "relativeIntensity" : 0.013768352467985193,
    "ion" : "[M + H]+",
    "mz" : 220.111773,
    "recalibratedMass" : 220.11143064712476,
    "peaks" : [ {
      "intensity" : 568396.728773,
      "ce" : "35 eV",
      "spectrum" : 0,
      "mz" : 220.111773
    } ]
  }, {
    "id" : 7,
    "molecularFormula" : "C7H17N3O2S",
    "massDeviation" : "3.4056827886726544 ppm (7.087639094720544E-4 m/z)",
    "recalibratedMassDeviation" : "1.8900852466105627 ppm (3.9334907606303204E-4 m/z)",
    "score" : 1.1159834336938292,
    "scores" : {
      "TreeSizeScorer" : -0.5,
      "StrangeElementFragmentScorer" : -0.4054652081081694,
      "StrangeElementSmallFragmentScorer" : 0.0,
      "Common Fragments" : 0.0,
      "Mass Deviation" : -0.1624175987458014,
      "CarbohydrogenFragment" : 0.0,
      "MS2-Isotopes" : 0.0,
      "FragmentSizeScorer" : 0.0,
      "PhosphorScorer" : 0.0,
      "ClippedPeakIsNoiseScorer" : 2.1838662405478
    },
    "molecularFormula" : "C7H17N3O2S",
    "relativeIntensity" : 0.16926604244667737,
    "ion" : "[M + H]+",
    "mz" : 208.112133,
    "recalibratedMass" : 208.1118175851666,
    "peaks" : [ {
      "intensity" : 6987783.399848,
      "ce" : "35 eV",
      "spectrum" : 0,
      "mz" : 208.112133
    } ]
  }, {
    "id" : 8,
    "molecularFormula" : "C7H16N3O2S",
    "massDeviation" : "0.25975355190842014 ppm (5.3795909479958937E-5 m/z)",
    "recalibratedMassDeviation" : "-1.252297443206584 ppm (-2.5935498297258164E-4 m/z)",
    "score" : -0.25349287786735897,
    "scores" : {
      "TreeSizeScorer" : -0.5,
      "StrangeElementFragmentScorer" : -0.4054652081081694,
      "StrangeElementSmallFragmentScorer" : 0.0,
      "Common Fragments" : 0.0,
      "Mass Deviation" : -0.10498095433139272,
      "CarbohydrogenFragment" : 0.0,
      "MS2-Isotopes" : 0.0,
      "FragmentSizeScorer" : 0.0,
      "PhosphorScorer" : 0.0,
      "ClippedPeakIsNoiseScorer" : 0.7569532845722031
    },
    "molecularFormula" : "C7H16N3O2S",
    "relativeIntensity" : 0.012546576660245506,
    "ion" : "[M + H]+",
    "mz" : 207.103653,
    "recalibratedMass" : 207.10333984910756,
    "peaks" : [ {
      "intensity" : 517958.350323,
      "ce" : "35 eV",
      "spectrum" : 0,
      "mz" : 207.103653
    } ]
  }, {
    "id" : 9,
    "molecularFormula" : "C7H15N3O2S",
    "massDeviation" : "1.7362184627631272 ppm (3.5782790948246657E-4 m/z)",
    "recalibratedMassDeviation" : "0.22775233808320047 ppm (4.6938805127183514E-5 m/z)",
    "score" : 0.1100298770238552,
    "scores" : {
      "TreeSizeScorer" : -0.5,
      "StrangeElementFragmentScorer" : -0.4054652081081694,
      "StrangeElementSmallFragmentScorer" : 0.0,
      "Common Fragments" : 0.0,
      "Mass Deviation" : -0.018337546324839887,
      "CarbohydrogenFragment" : 0.0,
      "MS2-Isotopes" : 0.0,
      "FragmentSizeScorer" : 0.0,
      "PhosphorScorer" : 0.0,
      "ClippedPeakIsNoiseScorer" : 1.0338326314568644
    },
    "molecularFormula" : "C7H15N3O2S",
    "relativeIntensity" : 0.0230031755160103,
    "ion" : "[M + H]+",
    "mz" : 206.096132,
    "recalibratedMass" : 206.09582111089566,
    "peaks" : [ {
      "intensity" : 949636.475758,
      "ce" : "35 eV",
      "spectrum" : 0,
      "mz" : 206.096132
    } ]
  }, {
    "id" : 10,
    "molecularFormula" : "C7H14N3O2S",
    "massDeviation" : "0.5502997511303324 ppm (1.1285990947840219E-4 m/z)",
    "recalibratedMassDeviation" : "-0.9545483389840261 ppm (-1.957661743290373E-4 m/z)",
    "score" : -0.6166479434482984,
    "scores" : {
      "TreeSizeScorer" : -0.5,
      "StrangeElementFragmentScorer" : -0.4054652081081694,
      "StrangeElementSmallFragmentScorer" : 0.0,
      "Common Fragments" : 0.0,
      "Mass Deviation" : -0.07909346432503707,
      "CarbohydrogenFragment" : 0.0,
      "MS2-Isotopes" : 0.0,
      "FragmentSizeScorer" : 0.0,
      "PhosphorScorer" : 0.0,
      "ClippedPeakIsNoiseScorer" : 0.367910728984908
    },
    "molecularFormula" : "C7H14N3O2S",
    "relativeIntensity" : 0.0050232617947430615,
    "ion" : "[M + H]+",
    "mz" : 205.088062,
    "recalibratedMass" : 205.0877533739162,
    "peaks" : [ {
      "intensity" : 207374.526367,
      "ce" : "35 eV",
      "spectrum" : 0,
      "mz" : 205.088062
    } ]
  }, {
    "id" : 11,
    "molecularFormula" : "C6H13N3O2S",
    "massDeviation" : "3.1335362063790675 ppm (6.018919094685771E-4 m/z)",
    "recalibratedMassDeviation" : "1.6788072611347484 ppm (3.224660484306696E-4 m/z)",
    "score" : -0.04026637415253248,
    "scores" : {
      "TreeSizeScorer" : -0.5,
      "StrangeElementFragmentScorer" : -0.4054652081081694,
      "StrangeElementSmallFragmentScorer" : 0.0,
      "Common Fragments" : 0.0,
      "Mass Deviation" : -0.13706921842787656,
      "CarbohydrogenFragment" : 0.0,
      "MS2-Isotopes" : 0.0,
      "FragmentSizeScorer" : 0.0791927400000001,
      "PhosphorScorer" : 0.0,
      "ClippedPeakIsNoiseScorer" : 0.9230753123835134
    },
    "molecularFormula" : "C6H13N3O2S",
    "relativeIntensity" : 0.01814030347881829,
    "ion" : "[M + H]+",
    "mz" : 192.080726,
    "recalibratedMass" : 192.08044657413896,
    "peaks" : [ {
      "intensity" : 748883.294518,
      "ce" : "35 eV",
      "spectrum" : 0,
      "mz" : 192.080726
    } ]
  }, {
    "id" : 12,
    "molecularFormula" : "C6H14N2O2S",
    "massDeviation" : "4.980071417248442 ppm (8.918599094727142E-4 m/z)",
    "recalibratedMassDeviation" : "3.582682160363914 ppm (6.416064860275128E-4 m/z)",
    "score" : -0.18202408797340092,
    "scores" : {
      "TreeSizeScorer" : -0.5,
      "StrangeElementFragmentScorer" : -0.4054652081081694,
      "StrangeElementSmallFragmentScorer" : 0.0,
      "Common Fragments" : 0.0,
      "Mass Deviation" : -0.2898717993227897,
      "CarbohydrogenFragment" : 0.0,
      "MS2-Isotopes" : 0.0,
      "FragmentSizeScorer" : 0.20914232999999993,
      "PhosphorScorer" : 0.0,
      "ClippedPeakIsNoiseScorer" : 0.8041705894575583
    },
    "molecularFormula" : "C6H14N2O2S",
    "relativeIntensity" : 0.013953143025549727,
    "ion" : "[M + H]+",
    "mz" : 179.085767,
    "recalibratedMass" : 179.08551674657656,
    "peaks" : [ {
      "intensity" : 576025.408288,
      "ce" : "35 eV",
      "spectrum" : 0,
      "mz" : 179.085767
    } ]
  }, {
    "id" : 13,
    "molecularFormula" : "C6H13N2O2S",
    "massDeviation" : "2.5825378480281445 ppm (4.598919094576104E-4 m/z)",
    "recalibratedMassDeviation" : "1.1899437580380305 ppm (2.1190192637732252E-4 m/z)",
    "score" : 0.46946671088426944,
    "scores" : {
      "TreeSizeScorer" : -0.5,
      "StrangeElementFragmentScorer" : -0.4054652081081694,
      "StrangeElementSmallFragmentScorer" : 0.0,
      "Common Fragments" : 0.0,
      "Mass Deviation" : -0.08815247272525999,
      "CarbohydrogenFragment" : 0.0,
      "MS2-Isotopes" : 0.0,
      "FragmentSizeScorer" : 0.21922490000000017,
      "PhosphorScorer" : 0.0,
      "ClippedPeakIsNoiseScorer" : 1.2438594917176986
    },
    "molecularFormula" : "C6H13N2O2S",
    "relativeIntensity" : 0.03538433540863051,
    "ion" : "[M + H]+",
    "mz" : 178.07751,
    "recalibratedMass" : 178.0772620100169,
    "peaks" : [ {
      "intensity" : 1460765.951688,
      "ce" : "35 eV",
      "spectrum" : 0,
      "mz" : 178.07751
    } ]
  }, {
    "id" : 14,
    "molecularFormula" : "C5H12N2O2S",
    "massDeviation" : "5.19733130247827 ppm (8.579239094785862E-4 m/z)",
    "recalibratedMassDeviation" : "3.8719020974552887 ppm (6.391343534630778E-4 m/z)",
    "score" : 0.3788048707356481,
    "scores" : {
      "TreeSizeScorer" : -0.5,
      "StrangeElementFragmentScorer" : -0.4054652081081694,
      "StrangeElementSmallFragmentScorer" : 0.0,
      "Common Fragments" : 0.0,
      "Mass Deviation" : -0.28862056639488315,
      "CarbohydrogenFragment" : 0.0,
      "MS2-Isotopes" : 0.0,
      "FragmentSizeScorer" : 0.3492991699999999,
      "PhosphorScorer" : 0.0,
      "ClippedPeakIsNoiseScorer" : 1.2235914752387007
    },
    "molecularFormula" : "C5H12N2O2S",
    "relativeIntensity" : 0.03398388092968575,
    "ion" : "[M + H]+",
    "mz" : 165.070083,
    "recalibratedMass" : 165.069864210444,
    "peaks" : [ {
      "intensity" : 1402951.209766,
      "ce" : "35 eV",
      "spectrum" : 0,
      "mz" : 165.070083
    } ]
  }, {
    "id" : 15,
    "molecularFormula" : "C4H11N2O2S",
    "massDeviation" : "5.201529086739664 ppm (7.909559094798624E-4 m/z)",
    "recalibratedMassDeviation" : "3.9547541056799265 ppm (6.013678244016774E-4 m/z)",
    "score" : -0.2723458100035751,
    "scores" : {
      "TreeSizeScorer" : -0.5,
      "StrangeElementFragmentScorer" : -0.4054652081081694,
      "StrangeElementSmallFragmentScorer" : 0.0,
      "Common Fragments" : 0.0,
      "Mass Deviation" : -0.2696384584824628,
      "CarbohydrogenFragment" : 0.0,
      "MS2-Isotopes" : 0.0,
      "FragmentSizeScorer" : 0.47937809,
      "PhosphorScorer" : 0.0,
      "ClippedPeakIsNoiseScorer" : 0.4233797665870571
    },
    "molecularFormula" : "C4H11N2O2S",
    "relativeIntensity" : 0.005746624472698066,
    "ion" : "[M + H]+",
    "mz" : 152.062191,
    "recalibratedMass" : 152.06200141191493,
    "peaks" : [ {
      "intensity" : 237236.993995,
      "ce" : "35 eV",
      "spectrum" : 0,
      "mz" : 152.062191
    } ]
  }, {
    "id" : 16,
    "molecularFormula" : "C10H13N",
    "massDeviation" : "1.2634464270160113 ppm (1.8713190948460579E-4 m/z)",
    "recalibratedMassDeviation" : "0.043285018591267044 ppm (6.411034235043189E-6 m/z)",
    "score" : 0.5760548387033085,
    "scores" : {
      "TreeSizeScorer" : -0.5,
      "StrangeElementFragmentScorer" : 0.0,
      "StrangeElementSmallFragmentScorer" : 0.0,
      "Common Fragments" : 0.17967051502862663,
      "Mass Deviation" : -0.0025609045560717825,
      "CarbohydrogenFragment" : 0.0,
      "MS2-Isotopes" : 0.0,
      "FragmentSizeScorer" : 0.5188773699999998,
      "PhosphorScorer" : 0.0,
      "ClippedPeakIsNoiseScorer" : 0.3800678582307539
    },
    "molecularFormula" : "C10H13N",
    "relativeIntensity" : 0.005174126153107457,
    "ion" : "[M + H]+",
    "mz" : 148.112263,
    "recalibratedMass" : 148.11208227912476,
    "peaks" : [ {
      "intensity" : 213602.635938,
      "ce" : "35 eV",
      "spectrum" : 0,
      "mz" : 148.112263
    } ]
  }, {
    "id" : 17,
    "molecularFormula" : "C10H11N",
    "massDeviation" : "-2.0657912219905827 ppm (-3.0180409052604773E-4 m/z)",
    "recalibratedMassDeviation" : "-3.2718150921112947 ppm (-4.7799892692523827E-4 m/z)",
    "score" : 2.3005231199110217,
    "scores" : {
      "TreeSizeScorer" : -0.5,
      "StrangeElementFragmentScorer" : 0.0,
      "StrangeElementSmallFragmentScorer" : 0.0,
      "Common Fragments" : 1.4078640160603104,
      "Mass Deviation" : -0.2093565320730918,
      "CarbohydrogenFragment" : 0.0,
      "MS2-Isotopes" : 0.0,
      "FragmentSizeScorer" : 0.53903876,
      "PhosphorScorer" : 0.0,
      "ClippedPeakIsNoiseScorer" : 1.062976875923803
    },
    "molecularFormula" : "C10H11N",
    "relativeIntensity" : 0.0244581667200287,
    "ion" : "[M + H]+",
    "mz" : 146.096124,
    "recalibratedMass" : 146.0959478051636,
    "peaks" : [ {
      "intensity" : 1009702.648721,
      "ce" : "35 eV",
      "spectrum" : 0,
      "mz" : 146.096124
    } ]
  }, {
    "id" : 18,
    "molecularFormula" : "C10H9N",
    "massDeviation" : "1.146993546255893 ppm (1.6525990946547608E-4 m/z)",
    "recalibratedMassDeviation" : "-0.04449611329046601 ppm (-6.411034235043189E-6 m/z)",
    "score" : 2.615412388156604,
    "scores" : {
      "TreeSizeScorer" : -0.5,
      "StrangeElementFragmentScorer" : 0.0,
      "StrangeElementSmallFragmentScorer" : 0.0,
      "Common Fragments" : 1.391100725401066,
      "Mass Deviation" : -0.0025609045560717825,
      "CarbohydrogenFragment" : 0.0,
      "MS2-Isotopes" : 0.0,
      "FragmentSizeScorer" : 0.55919059,
      "PhosphorScorer" : 0.0,
      "ClippedPeakIsNoiseScorer" : 1.1676819773116094
    },
    "molecularFormula" : "C10H9N",
    "relativeIntensity" : 0.030361217340157638,
    "ion" : "[M + H]+",
    "mz" : 144.080941,
    "recalibratedMass" : 144.0807693290563,
    "peaks" : [ {
      "intensity" : 1253397.35875,
      "ce" : "35 eV",
      "spectrum" : 0,
      "mz" : 144.080941
    } ]
  }, {
    "id" : 19,
    "molecularFormula" : "C9H9N",
    "massDeviation" : "-0.43715760645650964 ppm (-5.774009053993723E-5 m/z)",
    "recalibratedMassDeviation" : "-1.5329406786439388 ppm (-2.0247168362175216E-4 m/z)",
    "score" : 2.223639102073917,
    "scores" : {
      "TreeSizeScorer" : -0.5,
      "StrangeElementFragmentScorer" : 0.0,
      "StrangeElementSmallFragmentScorer" : 0.0,
      "Common Fragments" : 1.391100725401066,
      "Mass Deviation" : -0.08407397334001944,
      "CarbohydrogenFragment" : 0.0,
      "MS2-Isotopes" : 0.0,
      "FragmentSizeScorer" : 0.6791928200000001,
      "PhosphorScorer" : 0.0,
      "ClippedPeakIsNoiseScorer" : 0.7374195300128699
    },
    "molecularFormula" : "C9H9N",
    "relativeIntensity" : 0.012003049422141098,
    "ion" : "[M + H]+",
    "mz" : 132.080718,
    "recalibratedMass" : 132.0805732684069,
    "peaks" : [ {
      "intensity" : 495520.000865,
      "ce" : "35 eV",
      "spectrum" : 0,
      "mz" : 132.080718
    } ]
  }, {
    "id" : 20,
    "molecularFormula" : "C9H8N",
    "massDeviation" : "-1.218468679251361 ppm (-1.5970809053555968E-4 m/z)",
    "recalibratedMassDeviation" : "-2.305416022939567 ppm (-3.021769840927391E-4 m/z)",
    "score" : 0.7979451125439329,
    "scores" : {
      "TreeSizeScorer" : -0.5,
      "StrangeElementFragmentScorer" : 0.0,
      "StrangeElementSmallFragmentScorer" : 0.0,
      "Common Fragments" : 0.0,
      "Mass Deviation" : -0.12794029733453136,
      "CarbohydrogenFragment" : 0.0,
      "MS2-Isotopes" : 0.0,
      "FragmentSizeScorer" : 0.68927209,
      "PhosphorScorer" : 0.0,
      "ClippedPeakIsNoiseScorer" : 0.7366133198784642
    },
    "molecularFormula" : "C9H8N",
    "relativeIntensity" : 0.011981080805003213,
    "ion" : "[M + H]+",
    "mz" : 131.072791,
    "recalibratedMass" : 131.07264853110644,
    "peaks" : [ {
      "intensity" : 494613.0739,
      "ce" : "35 eV",
      "spectrum" : 0,
      "mz" : 131.072791
    } ]
  }, {
    "id" : 21,
    "molecularFormula" : "C9H7N",
    "massDeviation" : "0.648320250098584 ppm (8.432390947632484E-5 m/z)",
    "recalibratedMassDeviation" : "-0.42965464426415173 ppm (-5.588306129311604E-5 m/z)",
    "score" : 1.5208468462520937,
    "scores" : {
      "TreeSizeScorer" : -0.5,
      "StrangeElementFragmentScorer" : 0.0,
      "StrangeElementSmallFragmentScorer" : 0.0,
      "Common Fragments" : 0.0,
      "Mass Deviation" : -0.022543419447443026,
      "CarbohydrogenFragment" : 0.0,
      "MS2-Isotopes" : 0.0,
      "FragmentSizeScorer" : 0.6993479,
      "PhosphorScorer" : 0.0,
      "ClippedPeakIsNoiseScorer" : 1.3440423656995366
    },
    "molecularFormula" : "C9H7N",
    "relativeIntensity" : 0.04303638586938665,
    "ion" : "[M + H]+",
    "mz" : 130.06521,
    "recalibratedMass" : 130.06506979302924,
    "peaks" : [ {
      "intensity" : 1776664.346969,
      "ce" : "35 eV",
      "spectrum" : 0,
      "mz" : 130.06521
    } ]
  }, {
    "id" : 22,
    "molecularFormula" : "C10H8",
    "massDeviation" : "0.8700078951724972 ppm (1.1229190945982737E-4 m/z)",
    "recalibratedMassDeviation" : "-0.198968894380718 ppm (-2.5680885556766953E-5 m/z)",
    "score" : 0.8573019343491818,
    "scores" : {
      "TreeSizeScorer" : -0.5,
      "StrangeElementFragmentScorer" : 0.0,
      "StrangeElementSmallFragmentScorer" : 0.0,
      "Common Fragments" : 0.0,
      "Mass Deviation" : -0.01029774981238666,
      "CarbohydrogenFragment" : 0.0,
      "MS2-Isotopes" : 0.0,
      "FragmentSizeScorer" : 0.70930011,
      "PhosphorScorer" : 0.0,
      "ClippedPeakIsNoiseScorer" : 0.6582995741615684
    },
    "molecularFormula" : "C10H8",
    "relativeIntensity" : 0.010012801379581665,
    "ion" : "[M + H]+",
    "mz" : 129.069989,
    "recalibratedMass" : 129.06985102720498,
    "peaks" : [ {
      "intensity" : 413356.904048,
      "ce" : "35 eV",
      "spectrum" : 0,
      "mz" : 129.069989
    } ]
  }, {
    "id" : 23,
    "molecularFormula" : "C8H9N",
    "massDeviation" : "-1.9215443311777096 ppm (-2.3074009052947986E-4 m/z)",
    "recalibratedMassDeviation" : "-2.9024917161682238 ppm (-3.4853244524413185E-4 m/z)",
    "score" : 3.5924424566308715,
    "scores" : {
      "TreeSizeScorer" : -0.5,
      "StrangeElementFragmentScorer" : 0.0,
      "StrangeElementSmallFragmentScorer" : 0.0,
      "Common Fragments" : 2.301816214927566,
      "Mass Deviation" : -0.14889887732245943,
      "CarbohydrogenFragment" : 0.0,
      "MS2-Isotopes" : 0.0,
      "FragmentSizeScorer" : 0.79919455,
      "PhosphorScorer" : 0.0,
      "ClippedPeakIsNoiseScorer" : 1.1403305690257648
    },
    "molecularFormula" : "C8H9N",
    "relativeIntensity" : 0.02871225245002849,
    "ion" : "[M + H]+",
    "mz" : 120.080545,
    "recalibratedMass" : 120.08042720764529,
    "peaks" : [ {
      "intensity" : 1185323.400621,
      "ce" : "35 eV",
      "spectrum" : 0,
      "mz" : 120.080545
    } ]
  }, {
    "id" : 24,
    "molecularFormula" : "C8H7N",
    "massDeviation" : "-2.9363210050114996 ppm (-3.466760905297406E-4 m/z)",
    "recalibratedMassDeviation" : "-3.895689204720824 ppm (-4.5994324375442375E-4 m/z)",
    "score" : 1.714458401392467,
    "scores" : {
      "TreeSizeScorer" : -0.5,
      "StrangeElementFragmentScorer" : 0.0,
      "StrangeElementSmallFragmentScorer" : 0.0,
      "Common Fragments" : 0.0,
      "Mass Deviation" : -0.20075380632362244,
      "CarbohydrogenFragment" : 0.0,
      "MS2-Isotopes" : 0.0,
      "FragmentSizeScorer" : 0.8193522099999999,
      "PhosphorScorer" : 0.0,
      "ClippedPeakIsNoiseScorer" : 1.5958599977160897
    },
    "molecularFormula" : "C8H7N",
    "relativeIntensity" : 0.06836471575495585,
    "ion" : "[M + H]+",
    "mz" : 118.064779,
    "recalibratedMass" : 118.06466573284678,
    "peaks" : [ {
      "intensity" : 2822289.804751,
      "ce" : "35 eV",
      "spectrum" : 0,
      "mz" : 118.064779
    } ]
  }, {
    "id" : 25,
    "molecularFormula" : "C9H8",
    "massDeviation" : "-1.0225364227677862 ppm (-1.1970809053707399E-4 m/z)",
    "recalibratedMassDeviation" : "-1.9709764458757042 ppm (-2.3074151472712856E-4 m/z)",
    "score" : 1.4121449265741914,
    "scores" : {
      "TreeSizeScorer" : -0.5,
      "StrangeElementFragmentScorer" : 0.0,
      "StrangeElementSmallFragmentScorer" : 0.0,
      "Common Fragments" : 0.0,
      "Mass Deviation" : -0.09634433230833155,
      "CarbohydrogenFragment" : 0.09932258138450645,
      "MS2-Isotopes" : 0.0,
      "FragmentSizeScorer" : 0.82930243,
      "PhosphorScorer" : 0.0,
      "ClippedPeakIsNoiseScorer" : 1.0798642474980165
    },
    "molecularFormula" : "C9H8",
    "relativeIntensity" : 0.025337247565340795,
    "ion" : "[M + H]+",
    "mz" : 117.069757,
    "recalibratedMass" : 117.0696459665758,
    "peaks" : [ {
      "intensity" : 1045993.604953,
      "ce" : "35 eV",
      "spectrum" : 0,
      "mz" : 117.069757
    } ]
  }, {
    "id" : 26,
    "molecularFormula" : "C8H6N",
    "massDeviation" : "1.8568299856659312 ppm (2.1735590947002947E-4 m/z)",
    "recalibratedMassDeviation" : "0.9085282460218239 ppm (1.0634996066016811E-4 m/z)",
    "score" : 1.4355737670147741,
    "scores" : {
      "TreeSizeScorer" : -0.5,
      "StrangeElementFragmentScorer" : 0.0,
      "StrangeElementSmallFragmentScorer" : 0.0,
      "Common Fragments" : 0.0,
      "Mass Deviation" : -0.04333296707404233,
      "CarbohydrogenFragment" : 0.0,
      "MS2-Isotopes" : 0.0,
      "FragmentSizeScorer" : 0.8294248200000001,
      "PhosphorScorer" : 0.0,
      "ClippedPeakIsNoiseScorer" : 1.1494819140888164
    },
    "molecularFormula" : "C8H6N",
    "relativeIntensity" : 0.029255231124334116,
    "ion" : "[M + H]+",
    "mz" : 117.057518,
    "recalibratedMass" : 117.05740699405119,
    "peaks" : [ {
      "intensity" : 1207739.103806,
      "ce" : "35 eV",
      "spectrum" : 0,
      "mz" : 117.057518
    } ]
  }, {
    "id" : 27,
    "molecularFormula" : "C8H5N",
    "massDeviation" : "1.6578066338349355 ppm (1.9238790946474182E-4 m/z)",
    "recalibratedMassDeviation" : "0.7207652304283797 ppm (8.364448731867924E-5 m/z)",
    "score" : 0.7280262551114373,
    "scores" : {
      "TreeSizeScorer" : -0.5,
      "StrangeElementFragmentScorer" : 0.0,
      "StrangeElementSmallFragmentScorer" : 0.0,
      "Common Fragments" : 0.0,
      "Mass Deviation" : -0.03392872171882674,
      "CarbohydrogenFragment" : 0.0,
      "MS2-Isotopes" : 0.0,
      "FragmentSizeScorer" : 0.8395033199999999,
      "PhosphorScorer" : 0.0,
      "ClippedPeakIsNoiseScorer" : 0.42245165683026414
    },
    "molecularFormula" : "C8H5N",
    "relativeIntensity" : 0.005733761943239197,
    "ion" : "[M + H]+",
    "mz" : 116.049668,
    "recalibratedMass" : 116.04955925657785,
    "peaks" : [ {
      "intensity" : 236705.992215,
      "ce" : "35 eV",
      "spectrum" : 0,
      "mz" : 116.049668
    } ]
  }, {
    "id" : 28,
    "molecularFormula" : "C9H6",
    "massDeviation" : "-0.9529784190912913 ppm (-1.0964409052860447E-4 m/z)",
    "recalibratedMassDeviation" : "-1.8787054458872765 ppm (-2.1615259608154247E-4 m/z)",
    "score" : 2.2894036567993057,
    "scores" : {
      "TreeSizeScorer" : -0.5,
      "StrangeElementFragmentScorer" : 0.0,
      "StrangeElementSmallFragmentScorer" : 0.0,
      "Common Fragments" : 0.0,
      "Mass Deviation" : -0.08999564064237438,
      "CarbohydrogenFragment" : 0.45366580629850106,
      "MS2-Isotopes" : 0.0,
      "FragmentSizeScorer" : 0.8494588299999999,
      "PhosphorScorer" : 0.0,
      "ClippedPeakIsNoiseScorer" : 1.5762746611431793
    },
    "molecularFormula" : "C9H6",
    "relativeIntensity" : 0.0660499399136736,
    "ion" : "[M + H]+",
    "mz" : 115.054117,
    "recalibratedMass" : 115.05401049149445,
    "peaks" : [ {
      "intensity" : 2726729.277877,
      "ce" : "35 eV",
      "spectrum" : 0,
      "mz" : 115.054117
    } ]
  }, {
    "id" : 29,
    "molecularFormula" : "C7H7N",
    "massDeviation" : "3.0294871568760113 ppm (3.2132390947481326E-4 m/z)",
    "recalibratedMassDeviation" : "2.21555939812526 ppm (2.349941066484007E-4 m/z)",
    "score" : 1.4125506560478325,
    "scores" : {
      "TreeSizeScorer" : -0.5,
      "StrangeElementFragmentScorer" : 0.0,
      "StrangeElementSmallFragmentScorer" : 0.0,
      "Common Fragments" : 0.0,
      "Mass Deviation" : -0.09820155893970324,
      "CarbohydrogenFragment" : 0.0,
      "MS2-Isotopes" : 0.0,
      "FragmentSizeScorer" : 0.93934553,
      "PhosphorScorer" : 0.0,
      "ClippedPeakIsNoiseScorer" : 1.0714066849875357
    },
    "molecularFormula" : "C7H7N",
    "relativeIntensity" : 0.024893625541053212,
    "ion" : "[M + H]+",
    "mz" : 106.065447,
    "recalibratedMass" : 106.06536067019718,
    "peaks" : [ {
      "intensity" : 1027679.626719,
      "ce" : "35 eV",
      "spectrum" : 0,
      "mz" : 106.065447
    } ]
  }, {
    "id" : 30,
    "molecularFormula" : "C8H8",
    "massDeviation" : "-1.2535301245396437 ppm (-1.317080905351986E-4 m/z)",
    "recalibratedMassDeviation" : "-2.053900582937532 ppm (-2.158026377827582E-4 m/z)",
    "score" : 2.2224248345910973,
    "scores" : {
      "TreeSizeScorer" : -0.5,
      "StrangeElementFragmentScorer" : 0.0,
      "StrangeElementSmallFragmentScorer" : 0.0,
      "Common Fragments" : 0.9025292970003989,
      "Mass Deviation" : -0.08984377983133311,
      "CarbohydrogenFragment" : 0.0,
      "MS2-Isotopes" : 0.0,
      "FragmentSizeScorer" : 0.9493025500000001,
      "PhosphorScorer" : 0.0,
      "ClippedPeakIsNoiseScorer" : 0.9604367674220315
    },
    "molecularFormula" : "C8H8",
    "relativeIntensity" : 0.01966851290669055,
    "ion" : "[M + H]+",
    "mz" : 105.069745,
    "recalibratedMass" : 105.06966090545275,
    "peaks" : [ {
      "intensity" : 811972.123897,
      "ce" : "35 eV",
      "spectrum" : 0,
      "mz" : 105.069745
    } ]
  }, {
    "id" : 31,
    "molecularFormula" : "C8H6",
    "massDeviation" : "-0.20032263933162558 ppm (-2.0644090540145044E-5 m/z)",
    "recalibratedMassDeviation" : "-0.9724399145425395 ppm (-1.0021394589898591E-4 m/z)",
    "score" : 1.460836889024167,
    "scores" : {
      "TreeSizeScorer" : -0.5,
      "StrangeElementFragmentScorer" : 0.0,
      "StrangeElementSmallFragmentScorer" : 0.0,
      "Common Fragments" : 0.0,
      "Mass Deviation" : -0.040783304529144714,
      "CarbohydrogenFragment" : 0.030559371933034818,
      "MS2-Isotopes" : 0.0,
      "FragmentSizeScorer" : 0.9694579400000001,
      "PhosphorScorer" : 0.0,
      "ClippedPeakIsNoiseScorer" : 1.0016028816202769
    },
    "molecularFormula" : "C8H6",
    "relativeIntensity" : 0.021482456422717594,
    "ion" : "[M + H]+",
    "mz" : 103.054206,
    "recalibratedMass" : 103.05412643014463,
    "peaks" : [ {
      "intensity" : 886856.868683,
      "ce" : "35 eV",
      "spectrum" : 0,
      "mz" : 103.054206
    } ]
  }, {
    "id" : 32,
    "molecularFormula" : "C6H5N",
    "massDeviation" : "0.2758071385336625 ppm (2.5387909474261505E-5 m/z)",
    "recalibratedMassDeviation" : "-0.32023481960655664 ppm (-2.9477437777813975E-5 m/z)",
    "score" : 0.9420708378095998,
    "scores" : {
      "TreeSizeScorer" : -0.5,
      "StrangeElementFragmentScorer" : 0.0,
      "StrangeElementSmallFragmentScorer" : 0.0,
      "Common Fragments" : 0.0,
      "Mass Deviation" : -0.011829058760993055,
      "CarbohydrogenFragment" : 0.0,
      "MS2-Isotopes" : 0.0,
      "FragmentSizeScorer" : 1.0795049899999998,
      "PhosphorScorer" : 0.0,
      "ClippedPeakIsNoiseScorer" : 0.37439490657059304
    },
    "molecularFormula" : "C6H5N",
    "relativeIntensity" : 0.005103208892386325,
    "ion" : "[M + H]+",
    "mz" : 92.049501,
    "recalibratedMass" : 92.04944613465275,
    "peaks" : [ {
      "intensity" : 210674.969821,
      "ce" : "35 eV",
      "spectrum" : 0,
      "mz" : 92.049501
    } ]
  }, {
    "id" : 33,
    "molecularFormula" : "C7H6",
    "massDeviation" : "2.266291740780815 ppm (2.063559094693801E-4 m/z)",
    "recalibratedMassDeviation" : "1.6882701732757073 ppm (1.5372439452221442E-4 m/z)",
    "score" : 3.396349667006813,
    "scores" : {
      "TreeSizeScorer" : -0.5,
      "StrangeElementFragmentScorer" : 0.0,
      "StrangeElementSmallFragmentScorer" : 0.0,
      "Common Fragments" : 0.0,
      "Mass Deviation" : -0.06322400334860281,
      "CarbohydrogenFragment" : 0.7236037601560805,
      "MS2-Isotopes" : 0.0,
      "FragmentSizeScorer" : 1.08945567,
      "PhosphorScorer" : 0.0,
      "ClippedPeakIsNoiseScorer" : 2.1465142401993353
    },
    "molecularFormula" : "C7H6",
    "relativeIntensity" : 0.16098614811977474,
    "ion" : "[M + H]+",
    "mz" : 91.054433,
    "recalibratedMass" : 91.05438036848506,
    "peaks" : [ {
      "intensity" : 6645965.825019,
      "ce" : "35 eV",
      "spectrum" : 0,
      "mz" : 91.054433
    } ]
  }, {
    "id" : 34,
    "molecularFormula" : "C7H5",
    "massDeviation" : "1.170371988679504 ppm (1.0538790947123289E-4 m/z)",
    "recalibratedMassDeviation" : "0.6110078493009247 ppm (5.501909180338771E-5 m/z)",
    "score" : 1.1915202699831546,
    "scores" : {
      "TreeSizeScorer" : -0.5,
      "StrangeElementFragmentScorer" : 0.0,
      "StrangeElementSmallFragmentScorer" : 0.0,
      "Common Fragments" : 0.0,
      "Mass Deviation" : -0.02219108466554545,
      "CarbohydrogenFragment" : 0.0,
      "MS2-Isotopes" : 0.0,
      "FragmentSizeScorer" : 1.09953493,
      "PhosphorScorer" : 0.0,
      "ClippedPeakIsNoiseScorer" : 0.6141764246487003
    },
    "molecularFormula" : "C7H5",
    "relativeIntensity" : 0.009038220809349186,
    "ion" : "[M + H]+",
    "mz" : 90.046507,
    "recalibratedMass" : 90.04645663118234,
    "peaks" : [ {
      "intensity" : 373123.447697,
      "ce" : "35 eV",
      "spectrum" : 0,
      "mz" : 90.046507
    } ]
  }, {
    "id" : 35,
    "molecularFormula" : "C7H4",
    "massDeviation" : "-0.4669898324211329 ppm (-4.1580090538673176E-5 m/z)",
    "recalibratedMassDeviation" : "-1.0072734926180378 ppm (-8.96861076711275E-5 m/z)",
    "score" : 1.3061759631956429,
    "scores" : {
      "TreeSizeScorer" : -0.5,
      "StrangeElementFragmentScorer" : 0.0,
      "StrangeElementSmallFragmentScorer" : 0.0,
      "Common Fragments" : 0.0,
      "Mass Deviation" : -0.03642292671423515,
      "CarbohydrogenFragment" : 0.0,
      "MS2-Isotopes" : 0.0,
      "FragmentSizeScorer" : 1.1096146500000001,
      "PhosphorScorer" : 0.0,
      "ClippedPeakIsNoiseScorer" : 0.7329842399098779
    },
    "molecularFormula" : "C7H4",
    "relativeIntensity" : 0.011882640509299764,
    "ion" : "[M + H]+",
    "mz" : 89.038535,
    "recalibratedMass" : 89.03848689398286,
    "peaks" : [ {
      "intensity" : 490549.17866,
      "ce" : "35 eV",
      "spectrum" : 0,
      "mz" : 89.038535
    } ]
  }, {
    "id" : 36,
    "molecularFormula" : "C4H8N2",
    "massDeviation" : "-0.4197199579046906 ppm (-3.570809052177992E-5 m/z)",
    "recalibratedMassDeviation" : "-0.8806081132527737 ppm (-7.491857162733595E-5 m/z)",
    "score" : 2.6501833113735724,
    "scores" : {
      "TreeSizeScorer" : -0.5,
      "StrangeElementFragmentScorer" : 0.0,
      "StrangeElementSmallFragmentScorer" : 0.0,
      "Common Fragments" : 1.2004803657924166,
      "Mass Deviation" : -0.030336738117902624,
      "CarbohydrogenFragment" : 0.0,
      "MS2-Isotopes" : 0.0,
      "FragmentSizeScorer" : 1.14924011,
      "PhosphorScorer" : 0.0,
      "ClippedPeakIsNoiseScorer" : 0.8307995736990588
    },
    "molecularFormula" : "C4H8N2",
    "relativeIntensity" : 0.014807382508018283,
    "ion" : "[M + H]+",
    "mz" : 85.075989,
    "recalibratedMass" : 85.0759497895189,
    "peaks" : [ {
      "intensity" : 611290.842446,
      "ce" : "35 eV",
      "spectrum" : 0,
      "mz" : 85.075989
    } ]
  }, {
    "id" : 37,
    "molecularFormula" : "C6H6",
    "massDeviation" : "0.3586892250649828 ppm (2.835590946403954E-5 m/z)",
    "recalibratedMassDeviation" : "0.03369388499435323 ppm (2.66364411061204E-6 m/z)",
    "score" : 3.5955460675186632,
    "scores" : {
      "TreeSizeScorer" : -0.5,
      "StrangeElementFragmentScorer" : 0.0,
      "StrangeElementSmallFragmentScorer" : 0.0,
      "Common Fragments" : 2.1594822157596214,
      "Mass Deviation" : -0.0010632049436431186,
      "CarbohydrogenFragment" : 0.0,
      "MS2-Isotopes" : 0.0,
      "FragmentSizeScorer" : 1.20945745,
      "PhosphorScorer" : 0.0,
      "ClippedPeakIsNoiseScorer" : 0.7276696067026852
    },
    "molecularFormula" : "C6H6",
    "relativeIntensity" : 0.0117397985204374,
    "ion" : "[M + H]+",
    "mz" : 79.054255,
    "recalibratedMass" : 79.05422930773464,
    "peaks" : [ {
      "intensity" : 484652.255307,
      "ce" : "35 eV",
      "spectrum" : 0,
      "mz" : 79.054255
    } ]
  }, {
    "id" : 38,
    "molecularFormula" : "C4H9N",
    "massDeviation" : "-1.120134739606775 ppm (-8.074009052450037E-5 m/z)",
    "recalibratedMassDeviation" : "-1.2593856735916467 ppm (-9.077738198470797E-5 m/z)",
    "score" : 3.0745511470527465,
    "scores" : {
      "TreeSizeScorer" : -0.5,
      "StrangeElementFragmentScorer" : 0.0,
      "StrangeElementSmallFragmentScorer" : 0.0,
      "Common Fragments" : 2.004111279527133,
      "Mass Deviation" : -0.036874073887435146,
      "CarbohydrogenFragment" : 0.0,
      "MS2-Isotopes" : 0.0,
      "FragmentSizeScorer" : 1.27919305,
      "PhosphorScorer" : 0.0,
      "ClippedPeakIsNoiseScorer" : 0.3281208914130484
    },
    "molecularFormula" : "C4H9N",
    "relativeIntensity" : 0.00455772822295833,
    "ion" : "[M + H]+",
    "mz" : 72.080695,
    "recalibratedMass" : 72.08068496270855,
    "peaks" : [ {
      "intensity" : 188155.977165,
      "ce" : "35 eV",
      "spectrum" : 0,
      "mz" : 72.080695
    } ]
  }, {
    "id" : 39,
    "molecularFormula" : "C4H7N",
    "massDeviation" : "-0.45209516923264614 ppm (-3.167609052923126E-5 m/z)",
    "recalibratedMassDeviation" : "-0.5307714827479566 ppm (-3.718855090539819E-5 m/z)",
    "score" : 2.1757911174520173,
    "scores" : {
      "TreeSizeScorer" : -0.5,
      "StrangeElementFragmentScorer" : 0.0,
      "StrangeElementSmallFragmentScorer" : 0.0,
      "Common Fragments" : 0.0,
      "Mass Deviation" : -0.01494637304340268,
      "CarbohydrogenFragment" : 0.0,
      "MS2-Isotopes" : 0.0,
      "FragmentSizeScorer" : 1.29934906,
      "PhosphorScorer" : 0.0,
      "ClippedPeakIsNoiseScorer" : 1.39138843049542
    },
    "molecularFormula" : "C4H7N",
    "relativeIntensity" : 0.04710166486872739,
    "ion" : "[M + H]+",
    "mz" : 70.065094,
    "recalibratedMass" : 70.06508848753963,
    "peaks" : [ {
      "intensity" : 1944490.620312,
      "ce" : "35 eV",
      "spectrum" : 0,
      "mz" : 70.065094
    } ]
  }, {
    "id" : 40,
    "molecularFormula" : "C5H4",
    "massDeviation" : "3.850314051067713 ppm (2.5041990946306214E-4 m/z)",
    "recalibratedMassDeviation" : "3.9390457348131527 ppm (2.5619093682394123E-4 m/z)",
    "score" : 2.2519807859893373,
    "scores" : {
      "TreeSizeScorer" : -0.5,
      "StrangeElementFragmentScorer" : 0.0,
      "StrangeElementSmallFragmentScorer" : 0.0,
      "Common Fragments" : 0.0,
      "Mass Deviation" : -0.10750345211855196,
      "CarbohydrogenFragment" : 0.24614282698845624,
      "MS2-Isotopes" : 0.0,
      "FragmentSizeScorer" : 1.34961173,
      "PhosphorScorer" : 0.0,
      "ClippedPeakIsNoiseScorer" : 1.2637296811194327
    },
    "molecularFormula" : "C5H4",
    "relativeIntensity" : 0.03680407611629618,
    "ion" : "[M + H]+",
    "mz" : 65.038827,
    "recalibratedMass" : 65.03883277102736,
    "peaks" : [ {
      "intensity" : 1519376.883956,
      "ce" : "35 eV",
      "spectrum" : 0,
      "mz" : 65.038827
    } ]
  }, {
    "id" : 41,
    "molecularFormula" : "C3H7N",
    "massDeviation" : "5.6199323044845135 ppm (3.263239094692949E-4 m/z)",
    "recalibratedMassDeviation" : "5.988920349782907 ppm (3.4774949541827027E-4 m/z)",
    "score" : 3.190688613230861,
    "scores" : {
      "TreeSizeScorer" : -0.5,
      "StrangeElementFragmentScorer" : 0.0,
      "StrangeElementSmallFragmentScorer" : 0.0,
      "Common Fragments" : 0.0,
      "Mass Deviation" : -0.14854189002969645,
      "CarbohydrogenFragment" : 0.0,
      "MS2-Isotopes" : 0.0,
      "FragmentSizeScorer" : 1.41934548,
      "PhosphorScorer" : 0.0,
      "ClippedPeakIsNoiseScorer" : 2.4198850232605573
    },
    "molecularFormula" : "C3H7N",
    "relativeIntensity" : 0.22707558088027088,
    "ion" : "[M + H]+",
    "mz" : 58.065452,
    "recalibratedMass" : 58.06547342558595,
    "peaks" : [ {
      "intensity" : 9374325.479878,
      "ce" : "35 eV",
      "spectrum" : 0,
      "mz" : 58.065452
    } ]
  }, {
    "id" : 42,
    "molecularFormula" : "C3H5N",
    "massDeviation" : "3.254041433556528 ppm (1.8238790946867312E-4 m/z)",
    "recalibratedMassDeviation" : "3.7170371906472193 ppm (2.0833875976933314E-4 m/z)",
    "score" : 1.5665042206504043,
    "scores" : {
      "TreeSizeScorer" : -0.5,
      "StrangeElementFragmentScorer" : 0.0,
      "StrangeElementSmallFragmentScorer" : 0.0,
      "Common Fragments" : 0.0,
      "Mass Deviation" : -0.08660971251602456,
      "CarbohydrogenFragment" : 0.0,
      "MS2-Isotopes" : 0.0,
      "FragmentSizeScorer" : 1.4395034199999999,
      "PhosphorScorer" : 0.0,
      "ClippedPeakIsNoiseScorer" : 0.7136105131664291
    },
    "molecularFormula" : "C3H5N",
    "relativeIntensity" : 0.011369392675958387,
    "ion" : "[M + H]+",
    "mz" : 56.049658,
    "recalibratedMass" : 56.0496839508503,
    "peaks" : [ {
      "intensity" : 469360.849105,
      "ce" : "35 eV",
      "spectrum" : 0,
      "mz" : 56.049658
    } ]
  } ],
  "losses" : [ {
    "source" : 0,
    "target" : 1,
    "molecularFormula" : "H2",
    "score" : -0.59627339519073,
    "scores" : {
      "StrangeElementLossScorer" : 0.0,
      "LossSizeScorer" : -13.386633740120256,
      "Loss RDBE" : 0.0,
      "Free Radical" : 0.011626542158820332,
      "PureCarbonNitrogenLossScorer" : 0.0,
      "CommonLossEdgeScorer" : 12.778733802770706,
      "MS2-Isotopes" : 0.0,
      "PhosphorScorer" : 0.0,
      "AdductSwitchLossScorer" : 0.0,
      "MultimereLossScorer" : 0.0
    }
  }, {
    "source" : 0,
    "target" : 2,
    "molecularFormula" : "CH3",
    "score" : 0.95838112468751,
    "scores" : {
      "StrangeElementLossScorer" : 0.0,
      "LossSizeScorer" : -0.4948195427766855,
      "Loss RDBE" : 0.0,
      "Free Radical" : -0.09373397349900595,
      "PureCarbonNitrogenLossScorer" : 0.0,
      "CommonLossEdgeScorer" : 1.5469346409632014,
      "MS2-Isotopes" : 0.0,
      "PhosphorScorer" : 0.0,
      "AdductSwitchLossScorer" : 0.0,
      "MultimereLossScorer" : 0.0
    }
  }, {
    "source" : 1,
    "target" : 3,
    "molecularFormula" : "CH3",
    "score" : 0.9586494119058473,
    "scores" : {
      "StrangeElementLossScorer" : 0.0,
      "LossSizeScorer" : -0.4945512555583482,
      "Loss RDBE" : 0.0,
      "Free Radical" : -0.09373397349900595,
      "PureCarbonNitrogenLossScorer" : 0.0,
      "CommonLossEdgeScorer" : 1.5469346409632014,
      "MS2-Isotopes" : 0.0,
      "PhosphorScorer" : 0.0,
      "AdductSwitchLossScorer" : 0.0,
      "MultimereLossScorer" : 0.0
    }
  }, {
    "source" : 1,
    "target" : 4,
    "molecularFormula" : "CH3N",
    "score" : -1.0829874167597633,
    "scores" : {
      "StrangeElementLossScorer" : 0.0,
      "LossSizeScorer" : 0.9198004549172731,
      "Loss RDBE" : 0.0,
      "Free Radical" : -0.09373397349900595,
      "PureCarbonNitrogenLossScorer" : 0.0,
      "CommonLossEdgeScorer" : -1.9090538981780305,
      "MS2-Isotopes" : 0.0,
      "PhosphorScorer" : 0.0,
      "AdductSwitchLossScorer" : 0.0,
      "MultimereLossScorer" : 0.0
    }
  }, {
    "source" : 0,
    "target" : 5,
    "molecularFormula" : "C2H5N",
    "score" : -0.8774576425872838,
    "scores" : {
      "StrangeElementLossScorer" : 0.0,
      "LossSizeScorer" : 1.1024015225390293,
      "Loss RDBE" : 0.0,
      "Free Radical" : -0.09373397349900595,
      "PureCarbonNitrogenLossScorer" : 0.0,
      "CommonLossEdgeScorer" : -1.8861251916273072,
      "MS2-Isotopes" : 0.0,
      "PhosphorScorer" : 0.0,
      "AdductSwitchLossScorer" : 0.0,
      "MultimereLossScorer" : 0.0
    }
  }, {
    "source" : 5,
    "target" : 6,
    "molecularFormula" : "H2",
    "score" : -0.5915375324848053,
    "scores" : {
      "StrangeElementLossScorer" : 0.0,
      "LossSizeScorer" : -13.381897877414332,
      "Loss RDBE" : 0.0,
      "Free Radical" : 0.011626542158820332,
      "PureCarbonNitrogenLossScorer" : 0.0,
      "CommonLossEdgeScorer" : 12.778733802770706,
      "MS2-Isotopes" : 0.0,
      "PhosphorScorer" : 0.0,
      "AdductSwitchLossScorer" : 0.0,
      "MultimereLossScorer" : 0.0
    }
  }, {
    "source" : 4,
    "target" : 7,
    "molecularFormula" : "C2H2",
    "score" : 0.9973525893208649,
    "scores" : {
      "StrangeElementLossScorer" : 0.0,
      "LossSizeScorer" : 0.7807108300212215,
      "Loss RDBE" : 0.0,
      "Free Radical" : 0.011626542158820332,
      "PureCarbonNitrogenLossScorer" : 0.0,
      "CommonLossEdgeScorer" : 0.20501521714082305,
      "MS2-Isotopes" : 0.0,
      "PhosphorScorer" : 0.0,
      "AdductSwitchLossScorer" : 0.0,
      "MultimereLossScorer" : 0.0
    }
  }, {
    "source" : 5,
    "target" : 8,
    "molecularFormula" : "CH3",
    "score" : 0.9584290744713184,
    "scores" : {
      "StrangeElementLossScorer" : 0.0,
      "LossSizeScorer" : -0.4947715929928771,
      "Loss RDBE" : 0.0,
      "Free Radical" : -0.09373397349900595,
      "PureCarbonNitrogenLossScorer" : 0.0,
      "CommonLossEdgeScorer" : 1.5469346409632014,
      "MS2-Isotopes" : 0.0,
      "PhosphorScorer" : 0.0,
      "AdductSwitchLossScorer" : 0.0,
      "MultimereLossScorer" : 0.0
    }
  }, {
    "source" : 5,
    "target" : 9,
    "molecularFormula" : "CH4",
    "score" : 0.3089373112926276,
    "scores" : {
      "StrangeElementLossScorer" : 0.0,
      "LossSizeScorer" : -0.2936963986705914,
      "Loss RDBE" : 0.0,
      "Free Radical" : 0.011626542158820332,
      "PureCarbonNitrogenLossScorer" : 0.0,
      "CommonLossEdgeScorer" : 0.5910071678043987,
      "MS2-Isotopes" : 0.0,
      "PhosphorScorer" : 0.0,
      "AdductSwitchLossScorer" : 0.0,
      "MultimereLossScorer" : 0.0
    }
  }, {
    "source" : 6,
    "target" : 10,
    "molecularFormula" : "CH3",
    "score" : 0.9583868787373875,
    "scores" : {
      "StrangeElementLossScorer" : 0.0,
      "LossSizeScorer" : -0.49481378872680803,
      "Loss RDBE" : 0.0,
      "Free Radical" : -0.09373397349900595,
      "PureCarbonNitrogenLossScorer" : 0.0,
      "CommonLossEdgeScorer" : 1.5469346409632014,
      "MS2-Isotopes" : 0.0,
      "PhosphorScorer" : 0.0,
      "AdductSwitchLossScorer" : 0.0,
      "MultimereLossScorer" : 0.0
    }
  }, {
    "source" : 8,
    "target" : 11,
    "molecularFormula" : "CH3",
    "score" : 0.9582197897608962,
    "scores" : {
      "StrangeElementLossScorer" : 0.0,
      "LossSizeScorer" : -0.49498087770329935,
      "Loss RDBE" : 0.0,
      "Free Radical" : -0.09373397349900595,
      "PureCarbonNitrogenLossScorer" : 0.0,
      "CommonLossEdgeScorer" : 1.5469346409632014,
      "MS2-Isotopes" : 0.0,
      "PhosphorScorer" : 0.0,
      "AdductSwitchLossScorer" : 0.0,
      "MultimereLossScorer" : 0.0
    }
  }, {
    "source" : 9,
    "target" : 12,
    "molecularFormula" : "CHN",
    "score" : 0.2278771368817526,
    "scores" : {
      "StrangeElementLossScorer" : 0.0,
      "LossSizeScorer" : 0.8326949210383505,
      "Loss RDBE" : 0.0,
      "Free Radical" : 0.011626542158820332,
      "PureCarbonNitrogenLossScorer" : 0.0,
      "CommonLossEdgeScorer" : -0.6164443263154182,
      "MS2-Isotopes" : 0.0,
      "PhosphorScorer" : 0.0,
      "AdductSwitchLossScorer" : 0.0,
      "MultimereLossScorer" : 0.0
    }
  }, {
    "source" : 10,
    "target" : 13,
    "molecularFormula" : "CHN",
    "score" : 0.22788630622622563,
    "scores" : {
      "StrangeElementLossScorer" : 0.0,
      "LossSizeScorer" : 0.8327040903828236,
      "Loss RDBE" : 0.0,
      "Free Radical" : 0.011626542158820332,
      "PureCarbonNitrogenLossScorer" : 0.0,
      "CommonLossEdgeScorer" : -0.6164443263154182,
      "MS2-Isotopes" : 0.0,
      "PhosphorScorer" : 0.0,
      "AdductSwitchLossScorer" : 0.0,
      "MultimereLossScorer" : 0.0
    }
  }, {
    "source" : 11,
    "target" : 14,
    "molecularFormula" : "CHN",
    "score" : 0.2278907682351915,
    "scores" : {
      "StrangeElementLossScorer" : 0.0,
      "LossSizeScorer" : 0.8327085523917894,
      "Loss RDBE" : 0.0,
      "Free Radical" : 0.011626542158820332,
      "PureCarbonNitrogenLossScorer" : 0.0,
      "CommonLossEdgeScorer" : -0.6164443263154182,
      "MS2-Isotopes" : 0.0,
      "PhosphorScorer" : 0.0,
      "AdductSwitchLossScorer" : 0.0,
      "MultimereLossScorer" : 0.0
    }
  }, {
    "source" : 13,
    "target" : 15,
    "molecularFormula" : "C2H2",
    "score" : 0.9973691923524003,
    "scores" : {
      "StrangeElementLossScorer" : 0.0,
      "LossSizeScorer" : 0.7807274330527569,
      "Loss RDBE" : 0.0,
      "Free Radical" : 0.011626542158820332,
      "PureCarbonNitrogenLossScorer" : 0.0,
      "CommonLossEdgeScorer" : 0.20501521714082305,
      "MS2-Isotopes" : 0.0,
      "PhosphorScorer" : 0.0,
      "AdductSwitchLossScorer" : 0.0,
      "MultimereLossScorer" : 0.0
    }
  }, {
    "source" : 1,
    "target" : 16,
    "molecularFormula" : "H9N3O2S",
    "score" : -6.28711774769708,
    "scores" : {
      "StrangeElementLossScorer" : 0.0,
      "LossSizeScorer" : -0.6082073903654734,
      "Loss RDBE" : -2.995732273553991,
      "Free Radical" : 0.011626542158820332,
      "PureCarbonNitrogenLossScorer" : 0.0,
      "CommonLossEdgeScorer" : -2.694804625936435,
      "MS2-Isotopes" : 0.0,
      "PhosphorScorer" : 0.0,
      "AdductSwitchLossScorer" : 0.0,
      "MultimereLossScorer" : 0.0
    }
  }, {
    "source" : 16,
    "target" : 17,
    "molecularFormula" : "H2",
    "score" : -0.5898656682638919,
    "scores" : {
      "StrangeElementLossScorer" : 0.0,
      "LossSizeScorer" : -13.380226013193418,
      "Loss RDBE" : 0.0,
      "Free Radical" : 0.011626542158820332,
      "PureCarbonNitrogenLossScorer" : 0.0,
      "CommonLossEdgeScorer" : 12.778733802770706,
      "MS2-Isotopes" : 0.0,
      "PhosphorScorer" : 0.0,
      "AdductSwitchLossScorer" : 0.0,
      "MultimereLossScorer" : 0.0
    }
  }, {
    "source" : 17,
    "target" : 18,
    "molecularFormula" : "H2",
    "score" : -0.5944331606926401,
    "scores" : {
      "StrangeElementLossScorer" : 0.0,
      "LossSizeScorer" : -13.384793505622167,
      "Loss RDBE" : 0.0,
      "Free Radical" : 0.011626542158820332,
      "PureCarbonNitrogenLossScorer" : 0.0,
      "CommonLossEdgeScorer" : 12.778733802770706,
      "MS2-Isotopes" : 0.0,
      "PhosphorScorer" : 0.0,
      "AdductSwitchLossScorer" : 0.0,
      "MultimereLossScorer" : 0.0
    }
  }, {
    "source" : 16,
    "target" : 19,
    "molecularFormula" : "CH4",
    "score" : 0.3089587881015411,
    "scores" : {
      "StrangeElementLossScorer" : 0.0,
      "LossSizeScorer" : -0.2936749218616779,
      "Loss RDBE" : 0.0,
      "Free Radical" : 0.011626542158820332,
      "PureCarbonNitrogenLossScorer" : 0.0,
      "CommonLossEdgeScorer" : 0.5910071678043987,
      "MS2-Isotopes" : 0.0,
      "PhosphorScorer" : 0.0,
      "AdductSwitchLossScorer" : 0.0,
      "MultimereLossScorer" : 0.0
    }
  }, {
    "source" : 17,
    "target" : 20,
    "molecularFormula" : "CH3",
    "score" : 0.9583063201574926,
    "scores" : {
      "StrangeElementLossScorer" : 0.0,
      "LossSizeScorer" : -0.4948943473067029,
      "Loss RDBE" : 0.0,
      "Free Radical" : -0.09373397349900595,
      "PureCarbonNitrogenLossScorer" : 0.0,
      "CommonLossEdgeScorer" : 1.5469346409632014,
      "MS2-Isotopes" : 0.0,
      "PhosphorScorer" : 0.0,
      "AdductSwitchLossScorer" : 0.0,
      "MultimereLossScorer" : 0.0
    }
  }, {
    "source" : 17,
    "target" : 21,
    "molecularFormula" : "CH4",
    "score" : 0.3088409418610151,
    "scores" : {
      "StrangeElementLossScorer" : 0.0,
      "LossSizeScorer" : -0.2937927681022039,
      "Loss RDBE" : 0.0,
      "Free Radical" : 0.011626542158820332,
      "PureCarbonNitrogenLossScorer" : 0.0,
      "CommonLossEdgeScorer" : 0.5910071678043987,
      "MS2-Isotopes" : 0.0,
      "PhosphorScorer" : 0.0,
      "AdductSwitchLossScorer" : 0.0,
      "MultimereLossScorer" : 0.0
    }
  }, {
    "source" : 17,
    "target" : 22,
    "molecularFormula" : "H3N",
    "score" : 0.3098941529642617,
    "scores" : {
      "StrangeElementLossScorer" : 0.0,
      "LossSizeScorer" : -0.1192631713920651,
      "Loss RDBE" : 0.0,
      "Free Radical" : 0.011626542158820332,
      "PureCarbonNitrogenLossScorer" : 0.0,
      "CommonLossEdgeScorer" : 0.4175307821975065,
      "MS2-Isotopes" : 0.0,
      "PhosphorScorer" : 0.0,
      "AdductSwitchLossScorer" : 0.0,
      "MultimereLossScorer" : 0.0
    }
  }, {
    "source" : 17,
    "target" : 23,
    "molecularFormula" : "C2H2",
    "score" : 0.9973836292723851,
    "scores" : {
      "StrangeElementLossScorer" : 0.0,
      "LossSizeScorer" : 0.7807418699727418,
      "Loss RDBE" : 0.0,
      "Free Radical" : 0.011626542158820332,
      "PureCarbonNitrogenLossScorer" : 0.0,
      "CommonLossEdgeScorer" : 0.20501521714082305,
      "MS2-Isotopes" : 0.0,
      "PhosphorScorer" : 0.0,
      "AdductSwitchLossScorer" : 0.0,
      "MultimereLossScorer" : 0.0
    }
  }, {
    "source" : 18,
    "target" : 24,
    "molecularFormula" : "C2H2",
    "score" : 0.9974159996026822,
    "scores" : {
      "StrangeElementLossScorer" : 0.0,
      "LossSizeScorer" : 0.7807742403030389,
      "Loss RDBE" : 0.0,
      "Free Radical" : 0.011626542158820332,
      "PureCarbonNitrogenLossScorer" : 0.0,
      "CommonLossEdgeScorer" : 0.20501521714082305,
      "MS2-Isotopes" : 0.0,
      "PhosphorScorer" : 0.0,
      "AdductSwitchLossScorer" : 0.0,
      "MultimereLossScorer" : 0.0
    }
  }, {
    "source" : 18,
    "target" : 25,
    "molecularFormula" : "CHN",
    "score" : 0.2279172940634312,
    "scores" : {
      "StrangeElementLossScorer" : 0.0,
      "LossSizeScorer" : 0.8327350782200291,
      "Loss RDBE" : 0.0,
      "Free Radical" : 0.011626542158820332,
      "PureCarbonNitrogenLossScorer" : 0.0,
      "CommonLossEdgeScorer" : -0.6164443263154182,
      "MS2-Isotopes" : 0.0,
      "PhosphorScorer" : 0.0,
      "AdductSwitchLossScorer" : 0.0,
      "MultimereLossScorer" : 0.0
    }
  }, {
    "source" : 19,
    "target" : 26,
    "molecularFormula" : "CH3",
    "score" : 0.9582779745080694,
    "scores" : {
      "StrangeElementLossScorer" : 0.0,
      "LossSizeScorer" : -0.4949226929561261,
      "Loss RDBE" : 0.0,
      "Free Radical" : -0.09373397349900595,
      "PureCarbonNitrogenLossScorer" : 0.0,
      "CommonLossEdgeScorer" : 1.5469346409632014,
      "MS2-Isotopes" : 0.0,
      "PhosphorScorer" : 0.0,
      "AdductSwitchLossScorer" : 0.0,
      "MultimereLossScorer" : 0.0
    }
  }, {
    "source" : 20,
    "target" : 27,
    "molecularFormula" : "CH3",
    "score" : 0.958261563639591,
    "scores" : {
      "StrangeElementLossScorer" : 0.0,
      "LossSizeScorer" : -0.4949391038246045,
      "Loss RDBE" : 0.0,
      "Free Radical" : -0.09373397349900595,
      "PureCarbonNitrogenLossScorer" : 0.0,
      "CommonLossEdgeScorer" : 1.5469346409632014,
      "MS2-Isotopes" : 0.0,
      "PhosphorScorer" : 0.0,
      "AdductSwitchLossScorer" : 0.0,
      "MultimereLossScorer" : 0.0
    }
  }, {
    "source" : 19,
    "target" : 28,
    "molecularFormula" : "H3N",
    "score" : 0.3099708217886389,
    "scores" : {
      "StrangeElementLossScorer" : 0.0,
      "LossSizeScorer" : -0.11918650256768792,
      "Loss RDBE" : 0.0,
      "Free Radical" : 0.011626542158820332,
      "PureCarbonNitrogenLossScorer" : 0.0,
      "CommonLossEdgeScorer" : 0.4175307821975065,
      "MS2-Isotopes" : 0.0,
      "PhosphorScorer" : 0.0,
      "AdductSwitchLossScorer" : 0.0,
      "MultimereLossScorer" : 0.0
    }
  }, {
    "source" : 19,
    "target" : 29,
    "molecularFormula" : "C2H2",
    "score" : 0.9973665270241329,
    "scores" : {
      "StrangeElementLossScorer" : 0.0,
      "LossSizeScorer" : 0.7807247677244895,
      "Loss RDBE" : 0.0,
      "Free Radical" : 0.011626542158820332,
      "PureCarbonNitrogenLossScorer" : 0.0,
      "CommonLossEdgeScorer" : 0.20501521714082305,
      "MS2-Isotopes" : 0.0,
      "PhosphorScorer" : 0.0,
      "AdductSwitchLossScorer" : 0.0,
      "MultimereLossScorer" : 0.0
    }
  }, {
    "source" : 19,
    "target" : 30,
    "molecularFormula" : "CHN",
    "score" : 0.22790694871602046,
    "scores" : {
      "StrangeElementLossScorer" : 0.0,
      "LossSizeScorer" : 0.8327247328726184,
      "Loss RDBE" : 0.0,
      "Free Radical" : 0.011626542158820332,
      "PureCarbonNitrogenLossScorer" : 0.0,
      "CommonLossEdgeScorer" : -0.6164443263154182,
      "MS2-Isotopes" : 0.0,
      "PhosphorScorer" : 0.0,
      "AdductSwitchLossScorer" : 0.0,
      "MultimereLossScorer" : 0.0
    }
  }, {
    "source" : 22,
    "target" : 31,
    "molecularFormula" : "C2H2",
    "score" : 0.9973949563771033,
    "scores" : {
      "StrangeElementLossScorer" : 0.0,
      "LossSizeScorer" : 0.7807531970774599,
      "Loss RDBE" : 0.0,
      "Free Radical" : 0.011626542158820332,
      "PureCarbonNitrogenLossScorer" : 0.0,
      "CommonLossEdgeScorer" : 0.20501521714082305,
      "MS2-Isotopes" : 0.0,
      "PhosphorScorer" : 0.0,
      "AdductSwitchLossScorer" : 0.0,
      "MultimereLossScorer" : 0.0
    }
  }, {
    "source" : 24,
    "target" : 32,
    "molecularFormula" : "C2H2",
    "score" : 0.9973669157188244,
    "scores" : {
      "StrangeElementLossScorer" : 0.0,
      "LossSizeScorer" : 0.780725156419181,
      "Loss RDBE" : 0.0,
      "Free Radical" : 0.011626542158820332,
      "PureCarbonNitrogenLossScorer" : 0.0,
      "CommonLossEdgeScorer" : 0.20501521714082305,
      "MS2-Isotopes" : 0.0,
      "PhosphorScorer" : 0.0,
      "AdductSwitchLossScorer" : 0.0,
      "MultimereLossScorer" : 0.0
    }
  }, {
    "source" : 25,
    "target" : 33,
    "molecularFormula" : "C2H2",
    "score" : 0.997369469989852,
    "scores" : {
      "StrangeElementLossScorer" : 0.0,
      "LossSizeScorer" : 0.7807277106902086,
      "Loss RDBE" : 0.0,
      "Free Radical" : 0.011626542158820332,
      "PureCarbonNitrogenLossScorer" : 0.0,
      "CommonLossEdgeScorer" : 0.20501521714082305,
      "MS2-Isotopes" : 0.0,
      "PhosphorScorer" : 0.0,
      "AdductSwitchLossScorer" : 0.0,
      "MultimereLossScorer" : 0.0
    }
  }, {
    "source" : 30,
    "target" : 34,
    "molecularFormula" : "CH3",
    "score" : 0.9582860733162473,
    "scores" : {
      "StrangeElementLossScorer" : 0.0,
      "LossSizeScorer" : -0.49491459414794825,
      "Loss RDBE" : 0.0,
      "Free Radical" : -0.09373397349900595,
      "PureCarbonNitrogenLossScorer" : 0.0,
      "CommonLossEdgeScorer" : 1.5469346409632014,
      "MS2-Isotopes" : 0.0,
      "PhosphorScorer" : 0.0,
      "AdductSwitchLossScorer" : 0.0,
      "MultimereLossScorer" : 0.0
    }
  }, {
    "source" : 28,
    "target" : 35,
    "molecularFormula" : "C2H2",
    "score" : 0.9973837958495247,
    "scores" : {
      "StrangeElementLossScorer" : 0.0,
      "LossSizeScorer" : 0.7807420365498814,
      "Loss RDBE" : 0.0,
      "Free Radical" : 0.011626542158820332,
      "PureCarbonNitrogenLossScorer" : 0.0,
      "CommonLossEdgeScorer" : 0.20501521714082305,
      "MS2-Isotopes" : 0.0,
      "PhosphorScorer" : 0.0,
      "AdductSwitchLossScorer" : 0.0,
      "MultimereLossScorer" : 0.0
    }
  }, {
    "source" : 9,
    "target" : 36,
    "molecularFormula" : "C3H7NO2S",
    "score" : -2.0564718732183156,
    "scores" : {
      "StrangeElementLossScorer" : 0.6931471805599453,
      "LossSizeScorer" : -0.7801326230301138,
      "Loss RDBE" : 0.0,
      "Free Radical" : -0.09373397349900595,
      "PureCarbonNitrogenLossScorer" : 0.0,
      "CommonLossEdgeScorer" : -1.875752457249141,
      "MS2-Isotopes" : 0.0,
      "PhosphorScorer" : 0.0,
      "AdductSwitchLossScorer" : 0.0,
      "MultimereLossScorer" : 0.0
    }
  }, {
    "source" : 30,
    "target" : 37,
    "molecularFormula" : "C2H2",
    "score" : 0.9973786874558451,
    "scores" : {
      "StrangeElementLossScorer" : 0.0,
      "LossSizeScorer" : 0.7807369281562018,
      "Loss RDBE" : 0.0,
      "Free Radical" : 0.011626542158820332,
      "PureCarbonNitrogenLossScorer" : 0.0,
      "CommonLossEdgeScorer" : 0.20501521714082305,
      "MS2-Isotopes" : 0.0,
      "PhosphorScorer" : 0.0,
      "AdductSwitchLossScorer" : 0.0,
      "MultimereLossScorer" : 0.0
    }
  }, {
    "source" : 17,
    "target" : 38,
    "molecularFormula" : "C6H2",
    "score" : -2.141433079040798,
    "scores" : {
      "StrangeElementLossScorer" : 0.0,
      "LossSizeScorer" : 0.5417450047368169,
      "Loss RDBE" : 0.0,
      "Free Radical" : 0.011626542158820332,
      "PureCarbonNitrogenLossScorer" : 0.0,
      "CommonLossEdgeScorer" : -2.694804625936435,
      "MS2-Isotopes" : 0.0,
      "PhosphorScorer" : 0.0,
      "AdductSwitchLossScorer" : 0.0,
      "MultimereLossScorer" : 0.0
    }
  }, {
    "source" : 38,
    "target" : 39,
    "molecularFormula" : "H2",
    "score" : -0.5924357220832004,
    "scores" : {
      "StrangeElementLossScorer" : 0.0,
      "LossSizeScorer" : -13.382796067012727,
      "Loss RDBE" : 0.0,
      "Free Radical" : 0.011626542158820332,
      "PureCarbonNitrogenLossScorer" : 0.0,
      "CommonLossEdgeScorer" : 12.778733802770706,
      "MS2-Isotopes" : 0.0,
      "PhosphorScorer" : 0.0,
      "AdductSwitchLossScorer" : 0.0,
      "MultimereLossScorer" : 0.0
    }
  }, {
    "source" : 33,
    "target" : 40,
    "molecularFormula" : "C2H2",
    "score" : 0.997385128464409,
    "scores" : {
      "StrangeElementLossScorer" : 0.0,
      "LossSizeScorer" : 0.7807433691647656,
      "Loss RDBE" : 0.0,
      "Free Radical" : 0.011626542158820332,
      "PureCarbonNitrogenLossScorer" : 0.0,
      "CommonLossEdgeScorer" : 0.20501521714082305,
      "MS2-Isotopes" : 0.0,
      "PhosphorScorer" : 0.0,
      "AdductSwitchLossScorer" : 0.0,
      "MultimereLossScorer" : 0.0
    }
  }, {
    "source" : 36,
    "target" : 41,
    "molecularFormula" : "CHN",
    "score" : 0.22788557072531035,
    "scores" : {
      "StrangeElementLossScorer" : 0.0,
      "LossSizeScorer" : 0.8327033548819083,
      "Loss RDBE" : 0.0,
      "Free Radical" : 0.011626542158820332,
      "PureCarbonNitrogenLossScorer" : 0.0,
      "CommonLossEdgeScorer" : -0.6164443263154182,
      "MS2-Isotopes" : 0.0,
      "PhosphorScorer" : 0.0,
      "AdductSwitchLossScorer" : 0.0,
      "MultimereLossScorer" : 0.0
    }
  }, {
    "source" : 38,
    "target" : 42,
    "molecularFormula" : "CH4",
    "score" : 0.3088639142266897,
    "scores" : {
      "StrangeElementLossScorer" : 0.0,
      "LossSizeScorer" : -0.2937697957365293,
      "Loss RDBE" : 0.0,
      "Free Radical" : 0.011626542158820332,
      "PureCarbonNitrogenLossScorer" : 0.0,
      "CommonLossEdgeScorer" : 0.5910071678043987,
      "MS2-Isotopes" : 0.0,
      "PhosphorScorer" : 0.0,
      "AdductSwitchLossScorer" : 0.0,
      "MultimereLossScorer" : 0.0
    }
  } ]
}