{
  "molecularFormula" : "C10H26N4P2",
  "root" : "C10H26N4P2",
  "annotations" : {
    "nodeBoost" : 2.0,
    "numberOfUnconsideredCandidates" : 0,
    "lowestConsideredCandidateScore" : 116.98403776748073,
    "statistics" : {
      "explainedIntensity" : 0.9297909078857904,
      "explainedIntensityOfExplainablePeaks" : 0.972731568864913,
      "ratioOfExplainedPeaks" : 0.8275862068965517
    },
    "precursorIonType" : "[M + H]+"
  },
  "fragments" : [ {
    "id" : 0,
    "molecularFormula" : "C10H26N4P2",
    "massDeviation" : "-2.5249628580516714 ppm (-6.695440904991301E-4 m/z)",
    "recalibratedMassDeviation" : "-2.5249628580516714 ppm (-6.695440904991301E-4 m/z)",
    "score" : -74.22948861203925,
    "scores" : {
      "Chemical Prior" : -0.24648254626163416,
      "MS-Isotopes" : 0.0,
      "Mass Deviation" : -0.22232203307105763,
      "CarbohydrogenCompound" : 0.0,
      "motif-search" : 0.0,
      "MS2-Isotopes" : 0.0,
      "PhosphorScorer" : -2.995732273553991,
      "BeautificationScorer" : -69.15551384671846,
      "IntrinsicallyChargedScorer" : 0.0,
      "StrangeElementRootScorer" : -1.6094379124341003
    },
    "molecularFormula" : "C10H26N4P2",
    "relativeIntensity" : 1.0,
    "ion" : "[M + H]+",
    "mz" : 265.169877,
    "recalibratedMass" : 265.169877,
    "peaks" : [ {
      "intensity" : 4.1282842670876E7,
      "ce" : "35 eV",
      "spectrum" : 0,
      "mz" : 265.169533
    } ],
    "isotopes" : {
      "score" : 0.0,
      "mz" : [ 265.169877, 266.172339, 267.176348, 268.1782325023205 ],
      "relInt" : [ 1.0, 0.20735577296430813, 0.0289846980810308, 0.012920395711966135 ]
    }
  }, {
    "id" : 1,
    "molecularFormula" : "C10H24N4P2",
    "massDeviation" : "0.6935830771416673 ppm (1.8251990945827856E-4 m/z)",
    "recalibratedMassDeviation" : "0.6935830771416673 ppm (1.8251990945827856E-4 m/z)",
    "score" : 0.7951346153651573,
    "scores" : {
      "TreeSizeScorer" : 1.5,
      "StrangeElementFragmentScorer" : -0.4054652081081694,
      "StrangeElementSmallFragmentScorer" : 0.0,
      "Common Fragments" : 0.0,
      "Mass Deviation" : -0.3469938993224927,
      "CarbohydrogenFragment" : 0.0,
      "MS2-Isotopes" : 0.0,
      "FragmentSizeScorer" : 0.0,
      "PhosphorScorer" : -1.3862943611198906,
      "ClippedPeakIsNoiseScorer" : 1.43388808391571
    },
    "molecularFormula" : "C10H24N4P2",
    "relativeIntensity" : 0.05101247763654337,
    "ion" : "[M + H]+",
    "mz" : 263.155079,
    "recalibratedMass" : 263.155079,
    "peaks" : [ {
      "intensity" : 2105940.088521,
      "ce" : "35 eV",
      "spectrum" : 0,
      "mz" : 263.155079
    } ]
  }, {
    "id" : 2,
    "molecularFormula" : "C9H23N4P2",
    "massDeviation" : "-3.5117387954951815 ppm (-8.784480905035252E-4 m/z)",
    "recalibratedMassDeviation" : "-3.5117387954951815 ppm (-8.784480905035252E-4 m/z)",
    "score" : 0.4205419329889685,
    "scores" : {
      "TreeSizeScorer" : 1.5,
      "StrangeElementFragmentScorer" : -0.4054652081081694,
      "StrangeElementSmallFragmentScorer" : 0.0,
      "Common Fragments" : 0.0,
      "Mass Deviation" : -0.0435221679164837,
      "CarbohydrogenFragment" : 0.0,
      "MS2-Isotopes" : 0.0,
      "FragmentSizeScorer" : 0.0,
      "PhosphorScorer" : -1.3862943611198906,
      "ClippedPeakIsNoiseScorer" : 0.7558236701335121
    },
    "molecularFormula" : "C9H23N4P2",
    "relativeIntensity" : 0.012514550082968822,
    "ion" : "[M + H]+",
    "mz" : 250.146193,
    "recalibratedMass" : 250.146193,
    "peaks" : [ {
      "intensity" : 516636.202172,
      "ce" : "35 eV",
      "spectrum" : 0,
      "mz" : 250.146193
    } ]
  }, {
    "id" : 3,
    "molecularFormula" : "C8H21N3P2",
    "massDeviation" : "-3.5357345277758925 ppm (-7.853840905340803E-4 m/z)",
    "recalibratedMassDeviation" : "-3.5357345277758925 ppm (-7.853840905340803E-4 m/z)",
    "score" : 0.6747104548611114,
    "scores" : {
      "TreeSizeScorer" : 1.5,
      "StrangeElementFragmentScorer" : -0.4054652081081694,
      "StrangeElementSmallFragmentScorer" : 0.0,
      "Common Fragments" : 0.0,
      "Mass Deviation" : -0.06487307217501492,
      "CarbohydrogenFragment" : 0.0,
      "MS2-Isotopes" : 0.0,
      "FragmentSizeScorer" : 0.0,
      "PhosphorScorer" : -1.3862943611198906,
      "ClippedPeakIsNoiseScorer" : 1.031343096264186
    },
    "molecularFormula" : "C8H21N3P2",
    "relativeIntensity" : 0.02288245392971518,
    "ion" : "[M + H]+",
    "mz" : 222.127562,
    "recalibratedMass" : 222.127562,
    "peaks" : [ {
      "intensity" : 944652.745504,
      "ce" : "35 eV",
      "spectrum" : 0,
      "mz" : 222.127562
    } ]
  }, {
    "id" : 4,
    "molecularFormula" : "C8H19N3P2",
    "massDeviation" : "-4.1993214534640275 ppm (-9.243200905189042E-4 m/z)",
    "recalibratedMassDeviation" : "-4.1993214534640275 ppm (-9.243200905189042E-4 m/z)",
    "score" : 0.3821370575138993,
    "scores" : {
      "TreeSizeScorer" : 1.5,
      "StrangeElementFragmentScorer" : -0.4054652081081694,
      "StrangeElementSmallFragmentScorer" : 0.0,
      "Common Fragments" : 0.0,
      "Mass Deviation" : -0.12432175070303916,
      "CarbohydrogenFragment" : 0.0,
      "MS2-Isotopes" : 0.0,
      "FragmentSizeScorer" : 0.0,
      "PhosphorScorer" : -1.3862943611198906,
      "ClippedPeakIsNoiseScorer" : 0.798218377444998
    },
    "molecularFormula" : "C8H19N3P2",
    "relativeIntensity" : 0.013768352467985193,
    "ion" : "[M + H]+",
    "mz" : 220.111773,
    "recalibratedMass" : 220.111773,
    "peaks" : [ {
      "intensity" : 568396.728773,
      "ce" : "35 eV",
      "spectrum" : 0,
      "mz" : 220.111773
    } ]
  }, {
    "id" : 5,
    "molecularFormula" : "C8H17N3P2",
    "massDeviation" : "1.4385497745070364 ppm (3.137439094871297E-4 m/z)",
    "recalibratedMassDeviation" : "1.4385497745070364 ppm (3.137439094871297E-4 m/z)",
    "score" : -0.08375707070023025,
    "scores" : {
      "TreeSizeScorer" : 1.5,
      "StrangeElementFragmentScorer" : -0.4054652081081694,
      "StrangeElementSmallFragmentScorer" : 0.0,
      "Common Fragments" : 0.0,
      "Mass Deviation" : -0.3882100048475351,
      "CarbohydrogenFragment" : 0.0,
      "MS2-Isotopes" : 0.0,
      "FragmentSizeScorer" : 0.0,
      "PhosphorScorer" : -1.3862943611198906,
      "ClippedPeakIsNoiseScorer" : 0.596212503375365
    },
    "molecularFormula" : "C8H17N3P2",
    "relativeIntensity" : 0.00866691053798035,
    "ion" : "[M + H]+",
    "mz" : 218.097361,
    "recalibratedMass" : 218.097361,
    "peaks" : [ {
      "intensity" : 357794.704182,
      "ce" : "35 eV",
      "spectrum" : 0,
      "mz" : 218.097361
    } ]
  }, {
    "id" : 6,
    "molecularFormula" : "C7H19N3P2",
    "massDeviation" : "-2.7116155237250013 ppm (-5.643200905183221E-4 m/z)",
    "recalibratedMassDeviation" : "-2.7116155237250013 ppm (-5.643200905183221E-4 m/z)",
    "score" : 1.8839136965573537,
    "scores" : {
      "TreeSizeScorer" : 1.5,
      "StrangeElementFragmentScorer" : -0.4054652081081694,
      "StrangeElementSmallFragmentScorer" : 0.0,
      "Common Fragments" : 0.0,
      "Mass Deviation" : -0.008192974762386316,
      "CarbohydrogenFragment" : 0.0,
      "MS2-Isotopes" : 0.0,
      "FragmentSizeScorer" : 0.0,
      "PhosphorScorer" : -1.3862943611198906,
      "ClippedPeakIsNoiseScorer" : 2.1838662405478
    },
    "molecularFormula" : "C7H19N3P2",
    "relativeIntensity" : 0.16926604244667737,
    "ion" : "[M + H]+",
    "mz" : 208.112133,
    "recalibratedMass" : 208.112133,
    "peaks" : [ {
      "intensity" : 6987783.399848,
      "ce" : "35 eV",
      "spectrum" : 0,
      "mz" : 208.112133
    } ]
  }, {
    "id" : 7,
    "molecularFormula" : "C7H17N3P2",
    "massDeviation" : "-4.4409183308103515 ppm (-9.152560905079099E-4 m/z)",
    "recalibratedMassDeviation" : "-4.4409183308103515 ppm (-9.152560905079099E-4 m/z)",
    "score" : 0.5830692952638932,
    "scores" : {
      "TreeSizeScorer" : 1.5,
      "StrangeElementFragmentScorer" : -0.4054652081081694,
      "StrangeElementSmallFragmentScorer" : 0.0,
      "Common Fragments" : 0.0,
      "Mass Deviation" : -0.15900376696491145,
      "CarbohydrogenFragment" : 0.0,
      "MS2-Isotopes" : 0.0,
      "FragmentSizeScorer" : 0.0,
      "PhosphorScorer" : -1.3862943611198906,
      "ClippedPeakIsNoiseScorer" : 1.0338326314568644
    },
    "molecularFormula" : "C7H17N3P2",
    "relativeIntensity" : 0.0230031755160103,
    "ion" : "[M + H]+",
    "mz" : 206.096132,
    "recalibratedMass" : 206.096132,
    "peaks" : [ {
      "intensity" : 949636.475758,
      "ce" : "35 eV",
      "spectrum" : 0,
      "mz" : 206.096132
    } ]
  }, {
    "id" : 8,
    "molecularFormula" : "C7H15N3P2",
    "massDeviation" : "-1.4170448864865952 ppm (-2.8919209051991857E-4 m/z)",
    "recalibratedMassDeviation" : "-1.4170448864865952 ppm (-2.8919209051991857E-4 m/z)",
    "score" : 0.49152980409136554,
    "scores" : {
      "TreeSizeScorer" : 1.5,
      "StrangeElementFragmentScorer" : -0.4054652081081694,
      "StrangeElementSmallFragmentScorer" : 0.0,
      "Common Fragments" : 0.0,
      "Mass Deviation" : -0.09593371811025313,
      "CarbohydrogenFragment" : 0.0,
      "MS2-Isotopes" : 0.0,
      "FragmentSizeScorer" : 0.0,
      "PhosphorScorer" : -1.3862943611198906,
      "ClippedPeakIsNoiseScorer" : 0.8792230914296787
    },
    "molecularFormula" : "C7H15N3P2",
    "relativeIntensity" : 0.0164813213362122,
    "ion" : "[M + H]+",
    "mz" : 204.081108,
    "recalibratedMass" : 204.081108,
    "peaks" : [ {
      "intensity" : 680395.795731,
      "ce" : "35 eV",
      "spectrum" : 0,
      "mz" : 204.081108
    } ]
  }, {
    "id" : 9,
    "molecularFormula" : "C6H17N3P2",
    "massDeviation" : "0.9724193573270954 ppm (1.8874390949008557E-4 m/z)",
    "recalibratedMassDeviation" : "0.9724193573270954 ppm (1.8874390949008557E-4 m/z)",
    "score" : 0.13584001355021152,
    "scores" : {
      "TreeSizeScorer" : 1.5,
      "StrangeElementFragmentScorer" : -0.4054652081081694,
      "StrangeElementSmallFragmentScorer" : 0.0,
      "Common Fragments" : 0.0,
      "Mass Deviation" : -0.30150411574128566,
      "CarbohydrogenFragment" : 0.0,
      "MS2-Isotopes" : 0.0,
      "FragmentSizeScorer" : 0.059027639999999826,
      "PhosphorScorer" : -1.3862943611198906,
      "ClippedPeakIsNoiseScorer" : 0.6700760585195572
    },
    "molecularFormula" : "C6H17N3P2",
    "relativeIntensity" : 0.010288641465202357,
    "ion" : "[M + H]+",
    "mz" : 194.097236,
    "recalibratedMass" : 194.097236,
    "peaks" : [ {
      "intensity" : 424744.366905,
      "ce" : "35 eV",
      "spectrum" : 0,
      "mz" : 194.097236
    } ]
  }, {
    "id" : 10,
    "molecularFormula" : "C10H13N2P",
    "massDeviation" : "2.2865160746480555 ppm (4.415019094778927E-4 m/z)",
    "recalibratedMassDeviation" : "2.2865160746480555 ppm (4.415019094778927E-4 m/z)",
    "score" : 0.8634411434582294,
    "scores" : {
      "TreeSizeScorer" : 1.5,
      "StrangeElementFragmentScorer" : -0.4054652081081694,
      "StrangeElementSmallFragmentScorer" : 0.0,
      "Common Fragments" : 0.0,
      "Mass Deviation" : -0.43348881067091544,
      "CarbohydrogenFragment" : 0.0,
      "MS2-Isotopes" : 0.0,
      "FragmentSizeScorer" : 0.06910647000000014,
      "PhosphorScorer" : -1.3862943611198906,
      "ClippedPeakIsNoiseScorer" : 1.5195830533572046
    },
    "molecularFormula" : "C10H13N2P",
    "relativeIntensity" : 0.05969271750466184,
    "ion" : "[M + H]+",
    "mz" : 193.089353,
    "recalibratedMass" : 193.089353,
    "peaks" : [ {
      "intensity" : 2464285.065342,
      "ce" : "35 eV",
      "spectrum" : 0,
      "mz" : 193.089353
    } ]
  }, {
    "id" : 11,
    "molecularFormula" : "C6H15N3P2",
    "massDeviation" : "-3.4943229573268035 ppm (-6.711920905217994E-4 m/z)",
    "recalibratedMassDeviation" : "-3.4943229573268035 ppm (-6.711920905217994E-4 m/z)",
    "score" : 0.6252864500336128,
    "scores" : {
      "TreeSizeScorer" : 1.5,
      "StrangeElementFragmentScorer" : -0.4054652081081694,
      "StrangeElementSmallFragmentScorer" : 0.0,
      "Common Fragments" : 0.0,
      "Mass Deviation" : -0.0852220331218407,
      "CarbohydrogenFragment" : 0.0,
      "MS2-Isotopes" : 0.0,
      "FragmentSizeScorer" : 0.0791927400000001,
      "PhosphorScorer" : -1.3862943611198906,
      "ClippedPeakIsNoiseScorer" : 0.9230753123835134
    },
    "molecularFormula" : "C6H15N3P2",
    "relativeIntensity" : 0.01814030347881829,
    "ion" : "[M + H]+",
    "mz" : 192.080726,
    "recalibratedMass" : 192.080726,
    "peaks" : [ {
      "intensity" : 748883.294518,
      "ce" : "35 eV",
      "spectrum" : 0,
      "mz" : 192.080726
    } ]
  }, {
    "id" : 12,
    "molecularFormula" : "C6H16N2P2",
    "massDeviation" : "-2.128723554662288 ppm (-3.8122409051766226E-4 m/z)",
    "recalibratedMassDeviation" : "-2.128723554662288 ppm (-3.8122409051766226E-4 m/z)",
    "score" : 0.7125597223351117,
    "scores" : {
      "TreeSizeScorer" : 1.5,
      "StrangeElementFragmentScorer" : -0.4054652081081694,
      "StrangeElementSmallFragmentScorer" : 0.0,
      "Common Fragments" : 0.0,
      "Mass Deviation" : -0.008993627894386316,
      "CarbohydrogenFragment" : 0.0,
      "MS2-Isotopes" : 0.0,
      "FragmentSizeScorer" : 0.20914232999999993,
      "PhosphorScorer" : -1.3862943611198906,
      "ClippedPeakIsNoiseScorer" : 0.8041705894575583
    },
    "molecularFormula" : "C6H16N2P2",
    "relativeIntensity" : 0.013953143025549727,
    "ion" : "[M + H]+",
    "mz" : 179.085767,
    "recalibratedMass" : 179.085767,
    "peaks" : [ {
      "intensity" : 576025.408288,
      "ce" : "35 eV",
      "spectrum" : 0,
      "mz" : 179.085767
    } ]
  }, {
    "id" : 13,
    "molecularFormula" : "C6H15N2P2",
    "massDeviation" : "-4.566506407983614 ppm (-8.131920905327661E-4 m/z)",
    "recalibratedMassDeviation" : "-4.566506407983614 ppm (-8.131920905327661E-4 m/z)",
    "score" : 0.9920389555194677,
    "scores" : {
      "TreeSizeScorer" : 1.5,
      "StrangeElementFragmentScorer" : -0.4054652081081694,
      "StrangeElementSmallFragmentScorer" : 0.0,
      "Common Fragments" : 0.0,
      "Mass Deviation" : -0.17928586697017077,
      "CarbohydrogenFragment" : 0.0,
      "MS2-Isotopes" : 0.0,
      "FragmentSizeScorer" : 0.21922490000000017,
      "PhosphorScorer" : -1.3862943611198906,
      "ClippedPeakIsNoiseScorer" : 1.2438594917176986
    },
    "molecularFormula" : "C6H15N2P2",
    "relativeIntensity" : 0.03538433540863051,
    "ion" : "[M + H]+",
    "mz" : 178.07751,
    "recalibratedMass" : 178.07751,
    "peaks" : [ {
      "intensity" : 1460765.951688,
      "ce" : "35 eV",
      "spectrum" : 0,
      "mz" : 178.07751
    } ]
  }, {
    "id" : 14,
    "molecularFormula" : "C9H12NP",
    "massDeviation" : "-1.7489768466281612 ppm (-2.904660905187484E-4 m/z)",
    "recalibratedMassDeviation" : "-1.7489768466281612 ppm (-2.904660905187484E-4 m/z)",
    "score" : 0.4664188163495277,
    "scores" : {
      "TreeSizeScorer" : 1.5,
      "StrangeElementFragmentScorer" : -0.4054652081081694,
      "StrangeElementSmallFragmentScorer" : 0.0,
      "Common Fragments" : 0.0,
      "Mass Deviation" : -0.02044900597595314,
      "CarbohydrogenFragment" : 0.0,
      "MS2-Isotopes" : 0.0,
      "FragmentSizeScorer" : 0.33922278000000006,
      "PhosphorScorer" : -1.3862943611198906,
      "ClippedPeakIsNoiseScorer" : 0.4394046115535407
    },
    "molecularFormula" : "C9H12NP",
    "relativeIntensity" : 0.005972983148153147,
    "ion" : "[M + H]+",
    "mz" : 166.077722,
    "recalibratedMass" : 166.077722,
    "peaks" : [ {
      "intensity" : 246581.723581,
      "ce" : "35 eV",
      "spectrum" : 0,
      "mz" : 166.077722
    } ]
  }, {
    "id" : 15,
    "molecularFormula" : "C5H14N2P2",
    "massDeviation" : "-2.515053503134122 ppm (-4.1516009051179026E-4 m/z)",
    "recalibratedMassDeviation" : "-2.515053503134122 ppm (-4.1516009051179026E-4 m/z)",
    "score" : 1.2492025220434135,
    "scores" : {
      "TreeSizeScorer" : 1.5,
      "StrangeElementFragmentScorer" : -0.4054652081081694,
      "StrangeElementSmallFragmentScorer" : 0.0,
      "Common Fragments" : 0.0,
      "Mass Deviation" : -0.03192855396722722,
      "CarbohydrogenFragment" : 0.0,
      "MS2-Isotopes" : 0.0,
      "FragmentSizeScorer" : 0.3492991699999999,
      "PhosphorScorer" : -1.3862943611198906,
      "ClippedPeakIsNoiseScorer" : 1.2235914752387007
    },
    "molecularFormula" : "C5H14N2P2",
    "relativeIntensity" : 0.03398388092968575,
    "ion" : "[M + H]+",
    "mz" : 165.070083,
    "recalibratedMass" : 165.070083,
    "peaks" : [ {
      "intensity" : 1402951.209766,
      "ce" : "35 eV",
      "spectrum" : 0,
      "mz" : 165.070083
    } ]
  }, {
    "id" : 16,
    "molecularFormula" : "C10H12N2",
    "massDeviation" : "-3.2204479959762566 ppm (-5.188360905208356E-4 m/z)",
    "recalibratedMassDeviation" : "-3.2204479959762566 ppm (-5.188360905208356E-4 m/z)",
    "score" : 4.161775895749609,
    "scores" : {
      "TreeSizeScorer" : 1.5,
      "StrangeElementFragmentScorer" : 0.0,
      "StrangeElementSmallFragmentScorer" : 0.0,
      "Common Fragments" : 1.391100725401066,
      "Mass Deviation" : -0.08365235175304385,
      "CarbohydrogenFragment" : 0.0,
      "MS2-Isotopes" : 0.0,
      "FragmentSizeScorer" : 0.38893194,
      "PhosphorScorer" : 0.0,
      "ClippedPeakIsNoiseScorer" : 0.965395582101587
    },
    "molecularFormula" : "C10H12N2",
    "relativeIntensity" : 0.01987963877606168,
    "ion" : "[M + H]+",
    "mz" : 161.106806,
    "recalibratedMass" : 161.106806,
    "peaks" : [ {
      "intensity" : 820687.999946,
      "ce" : "35 eV",
      "spectrum" : 0,
      "mz" : 161.106806
    } ]
  }, {
    "id" : 17,
    "molecularFormula" : "C4H13N2P2",
    "massDeviation" : "-3.1705980779305887 ppm (-4.821280905105141E-4 m/z)",
    "recalibratedMassDeviation" : "-3.1705980779305887 ppm (-4.821280905105141E-4 m/z)",
    "score" : 0.5244422984194415,
    "scores" : {
      "TreeSizeScorer" : 1.5,
      "StrangeElementFragmentScorer" : -0.4054652081081694,
      "StrangeElementSmallFragmentScorer" : 0.0,
      "Common Fragments" : 0.0,
      "Mass Deviation" : -0.08655598893955553,
      "CarbohydrogenFragment" : 0.0,
      "MS2-Isotopes" : 0.0,
      "FragmentSizeScorer" : 0.47937809,
      "PhosphorScorer" : -1.3862943611198906,
      "ClippedPeakIsNoiseScorer" : 0.4233797665870571
    },
    "molecularFormula" : "C4H13N2P2",
    "relativeIntensity" : 0.005746624472698066,
    "ion" : "[M + H]+",
    "mz" : 152.062191,
    "recalibratedMass" : 152.062191,
    "peaks" : [ {
      "intensity" : 237236.993995,
      "ce" : "35 eV",
      "spectrum" : 0,
      "mz" : 152.062191
    } ]
  }, {
    "id" : 18,
    "molecularFormula" : "C10H13N",
    "massDeviation" : "1.2634464270160113 ppm (1.8713190948460579E-4 m/z)",
    "recalibratedMassDeviation" : "1.2634464270160113 ppm (1.8713190948460579E-4 m/z)",
    "score" : 2.386318215187145,
    "scores" : {
      "TreeSizeScorer" : 1.5,
      "StrangeElementFragmentScorer" : 0.0,
      "StrangeElementSmallFragmentScorer" : 0.0,
      "Common Fragments" : 0.17967051502862663,
      "Mass Deviation" : -0.19229752807223524,
      "CarbohydrogenFragment" : 0.0,
      "MS2-Isotopes" : 0.0,
      "FragmentSizeScorer" : 0.5188773699999998,
      "PhosphorScorer" : 0.0,
      "ClippedPeakIsNoiseScorer" : 0.3800678582307539
    },
    "molecularFormula" : "C10H13N",
    "relativeIntensity" : 0.005174126153107457,
    "ion" : "[M + H]+",
    "mz" : 148.112263,
    "recalibratedMass" : 148.112263,
    "peaks" : [ {
      "intensity" : 213602.635938,
      "ce" : "35 eV",
      "spectrum" : 0,
      "mz" : 148.112263
    } ]
  }, {
    "id" : 19,
    "molecularFormula" : "C10H11N",
    "massDeviation" : "-2.0657912219905827 ppm (-3.0180409052604773E-4 m/z)",
    "recalibratedMassDeviation" : "-2.0657912219905827 ppm (-3.0180409052604773E-4 m/z)",
    "score" : 4.487069610313219,
    "scores" : {
      "TreeSizeScorer" : 1.5,
      "StrangeElementFragmentScorer" : 0.0,
      "StrangeElementSmallFragmentScorer" : 0.0,
      "Common Fragments" : 1.4078640160603104,
      "Mass Deviation" : -0.022810041670894888,
      "CarbohydrogenFragment" : 0.0,
      "MS2-Isotopes" : 0.0,
      "FragmentSizeScorer" : 0.53903876,
      "PhosphorScorer" : 0.0,
      "ClippedPeakIsNoiseScorer" : 1.062976875923803
    },
    "molecularFormula" : "C10H11N",
    "relativeIntensity" : 0.0244581667200287,
    "ion" : "[M + H]+",
    "mz" : 146.096124,
    "recalibratedMass" : 146.096124,
    "peaks" : [ {
      "intensity" : 1009702.648721,
      "ce" : "35 eV",
      "spectrum" : 0,
      "mz" : 146.096124
    } ]
  }, {
    "id" : 20,
    "molecularFormula" : "C10H9N",
    "massDeviation" : "1.146993546255893 ppm (1.6525990946547608E-4 m/z)",
    "recalibratedMassDeviation" : "1.146993546255893 ppm (1.6525990946547608E-4 m/z)",
    "score" : 4.444985216659026,
    "scores" : {
      "TreeSizeScorer" : 1.5,
      "StrangeElementFragmentScorer" : 0.0,
      "StrangeElementSmallFragmentScorer" : 0.0,
      "Common Fragments" : 1.391100725401066,
      "Mass Deviation" : -0.1729880760536502,
      "CarbohydrogenFragment" : 0.0,
      "MS2-Isotopes" : 0.0,
      "FragmentSizeScorer" : 0.55919059,
      "PhosphorScorer" : 0.0,
      "ClippedPeakIsNoiseScorer" : 1.1676819773116094
    },
    "molecularFormula" : "C10H9N",
    "relativeIntensity" : 0.030361217340157638,
    "ion" : "[M + H]+",
    "mz" : 144.080941,
    "recalibratedMass" : 144.080941,
    "peaks" : [ {
      "intensity" : 1253397.35875,
      "ce" : "35 eV",
      "spectrum" : 0,
      "mz" : 144.080941
    } ]
  }, {
    "id" : 21,
    "molecularFormula" : "C10H8N",
    "massDeviation" : "2.658020937985385 ppm (3.8029190946531344E-4 m/z)",
    "recalibratedMassDeviation" : "2.658020937985385 ppm (3.8029190946531344E-4 m/z)",
    "score" : 2.1549876242459978,
    "scores" : {
      "TreeSizeScorer" : 1.5,
      "StrangeElementFragmentScorer" : 0.0,
      "StrangeElementSmallFragmentScorer" : 0.0,
      "Common Fragments" : 0.0,
      "Mass Deviation" : -0.2744788440402312,
      "CarbohydrogenFragment" : 0.0,
      "MS2-Isotopes" : 0.0,
      "FragmentSizeScorer" : 0.5692666900000001,
      "PhosphorScorer" : 0.0,
      "ClippedPeakIsNoiseScorer" : 0.360199778286229
    },
    "molecularFormula" : "C10H8N",
    "relativeIntensity" : 0.004929711452830087,
    "ion" : "[M + H]+",
    "mz" : 143.073331,
    "recalibratedMass" : 143.073331,
    "peaks" : [ {
      "intensity" : 203512.50232,
      "ce" : "35 eV",
      "spectrum" : 0,
      "mz" : 143.073331
    } ]
  }, {
    "id" : 22,
    "molecularFormula" : "C9H9N",
    "massDeviation" : "-0.43715760645650964 ppm (-5.774009053993723E-5 m/z)",
    "recalibratedMassDeviation" : "-0.43715760645650964 ppm (-5.774009053993723E-5 m/z)",
    "score" : 4.258589104036188,
    "scores" : {
      "TreeSizeScorer" : 1.5,
      "StrangeElementFragmentScorer" : 0.0,
      "StrangeElementSmallFragmentScorer" : 0.0,
      "Common Fragments" : 1.391100725401066,
      "Mass Deviation" : -0.049123971377748,
      "CarbohydrogenFragment" : 0.0,
      "MS2-Isotopes" : 0.0,
      "FragmentSizeScorer" : 0.6791928200000001,
      "PhosphorScorer" : 0.0,
      "ClippedPeakIsNoiseScorer" : 0.7374195300128699
    },
    "molecularFormula" : "C9H9N",
    "relativeIntensity" : 0.012003049422141098,
    "ion" : "[M + H]+",
    "mz" : 132.080718,
    "recalibratedMass" : 132.080718,
    "peaks" : [ {
      "intensity" : 495520.000865,
      "ce" : "35 eV",
      "spectrum" : 0,
      "mz" : 132.080718
    } ]
  }, {
    "id" : 23,
    "molecularFormula" : "C9H8N",
    "massDeviation" : "-1.218468679251361 ppm (-1.5970809053555968E-4 m/z)",
    "recalibratedMassDeviation" : "-1.218468679251361 ppm (-1.5970809053555968E-4 m/z)",
    "score" : 2.9205153271549955,
    "scores" : {
      "TreeSizeScorer" : 1.5,
      "StrangeElementFragmentScorer" : 0.0,
      "StrangeElementSmallFragmentScorer" : 0.0,
      "Common Fragments" : 0.0,
      "Mass Deviation" : -0.0053700827234690945,
      "CarbohydrogenFragment" : 0.0,
      "MS2-Isotopes" : 0.0,
      "FragmentSizeScorer" : 0.68927209,
      "PhosphorScorer" : 0.0,
      "ClippedPeakIsNoiseScorer" : 0.7366133198784642
    },
    "molecularFormula" : "C9H8N",
    "relativeIntensity" : 0.011981080805003213,
    "ion" : "[M + H]+",
    "mz" : 131.072791,
    "recalibratedMass" : 131.072791,
    "peaks" : [ {
      "intensity" : 494613.0739,
      "ce" : "35 eV",
      "spectrum" : 0,
      "mz" : 131.072791
    } ]
  }, {
    "id" : 24,
    "molecularFormula" : "C9H7N",
    "massDeviation" : "0.648320250098584 ppm (8.432390947632484E-5 m/z)",
    "recalibratedMassDeviation" : "0.648320250098584 ppm (8.432390947632484E-5 m/z)",
    "score" : 3.4374595501802676,
    "scores" : {
      "TreeSizeScorer" : 1.5,
      "StrangeElementFragmentScorer" : 0.0,
      "StrangeElementSmallFragmentScorer" : 0.0,
      "Common Fragments" : 0.0,
      "Mass Deviation" : -0.105930715519269,
      "CarbohydrogenFragment" : 0.0,
      "MS2-Isotopes" : 0.0,
      "FragmentSizeScorer" : 0.6993479,
      "PhosphorScorer" : 0.0,
      "ClippedPeakIsNoiseScorer" : 1.3440423656995366
    },
    "molecularFormula" : "C9H7N",
    "relativeIntensity" : 0.04303638586938665,
    "ion" : "[M + H]+",
    "mz" : 130.06521,
    "recalibratedMass" : 130.06521,
    "peaks" : [ {
      "intensity" : 1776664.346969,
      "ce" : "35 eV",
      "spectrum" : 0,
      "mz" : 130.06521
    } ]
  }, {
    "id" : 25,
    "molecularFormula" : "C10H8",
    "massDeviation" : "0.8700078951724972 ppm (1.1229190945982737E-4 m/z)",
    "recalibratedMassDeviation" : "0.8700078951724972 ppm (1.1229190945982737E-4 m/z)",
    "score" : 2.7514210206628604,
    "scores" : {
      "TreeSizeScorer" : 1.5,
      "StrangeElementFragmentScorer" : 0.0,
      "StrangeElementSmallFragmentScorer" : 0.0,
      "Common Fragments" : 0.0,
      "Mass Deviation" : -0.11617866349870787,
      "CarbohydrogenFragment" : 0.0,
      "MS2-Isotopes" : 0.0,
      "FragmentSizeScorer" : 0.70930011,
      "PhosphorScorer" : 0.0,
      "ClippedPeakIsNoiseScorer" : 0.6582995741615684
    },
    "molecularFormula" : "C10H8",
    "relativeIntensity" : 0.010012801379581665,
    "ion" : "[M + H]+",
    "mz" : 129.069989,
    "recalibratedMass" : 129.069989,
    "peaks" : [ {
      "intensity" : 413356.904048,
      "ce" : "35 eV",
      "spectrum" : 0,
      "mz" : 129.069989
    } ]
  }, {
    "id" : 26,
    "molecularFormula" : "C10H7",
    "massDeviation" : "-0.20049730066092308 ppm (-2.567609053016895E-5 m/z)",
    "recalibratedMassDeviation" : "-0.20049730066092308 ppm (-2.567609053016895E-5 m/z)",
    "score" : 2.852486528948053,
    "scores" : {
      "TreeSizeScorer" : 1.5,
      "StrangeElementFragmentScorer" : 0.0,
      "StrangeElementSmallFragmentScorer" : 0.0,
      "Common Fragments" : 0.0,
      "Mass Deviation" : -0.05447782963708922,
      "CarbohydrogenFragment" : 0.0,
      "MS2-Isotopes" : 0.0,
      "FragmentSizeScorer" : 0.7193797399999999,
      "PhosphorScorer" : 0.0,
      "ClippedPeakIsNoiseScorer" : 0.6875846185851424
    },
    "molecularFormula" : "C10H7",
    "relativeIntensity" : 0.010711541215861159,
    "ion" : "[M + H]+",
    "mz" : 128.062026,
    "recalibratedMass" : 128.062026,
    "peaks" : [ {
      "intensity" : 442202.870777,
      "ce" : "35 eV",
      "spectrum" : 0,
      "mz" : 128.062026
    } ]
  }, {
    "id" : 27,
    "molecularFormula" : "C8H9N",
    "massDeviation" : "-1.9215443311777096 ppm (-2.3074009052947986E-4 m/z)",
    "recalibratedMassDeviation" : "-1.9215443311777096 ppm (-2.3074009052947986E-4 m/z)",
    "score" : 5.696327788480753,
    "scores" : {
      "TreeSizeScorer" : 1.5,
      "StrangeElementFragmentScorer" : 0.0,
      "StrangeElementSmallFragmentScorer" : 0.0,
      "Common Fragments" : 2.301816214927566,
      "Mass Deviation" : -0.045013545472578305,
      "CarbohydrogenFragment" : 0.0,
      "MS2-Isotopes" : 0.0,
      "FragmentSizeScorer" : 0.79919455,
      "PhosphorScorer" : 0.0,
      "ClippedPeakIsNoiseScorer" : 1.1403305690257648
    },
    "molecularFormula" : "C8H9N",
    "relativeIntensity" : 0.02871225245002849,
    "ion" : "[M + H]+",
    "mz" : 120.080545,
    "recalibratedMass" : 120.080545,
    "peaks" : [ {
      "intensity" : 1185323.400621,
      "ce" : "35 eV",
      "spectrum" : 0,
      "mz" : 120.080545
    } ]
  }, {
    "id" : 28,
    "molecularFormula" : "C8H7N",
    "massDeviation" : "-2.9363210050114996 ppm (-3.466760905297406E-4 m/z)",
    "recalibratedMassDeviation" : "-2.9363210050114996 ppm (-3.466760905297406E-4 m/z)",
    "score" : 3.8165704141003394,
    "scores" : {
      "TreeSizeScorer" : 1.5,
      "StrangeElementFragmentScorer" : 0.0,
      "StrangeElementSmallFragmentScorer" : 0.0,
      "Common Fragments" : 0.0,
      "Mass Deviation" : -0.09864179361575039,
      "CarbohydrogenFragment" : 0.0,
      "MS2-Isotopes" : 0.0,
      "FragmentSizeScorer" : 0.8193522099999999,
      "PhosphorScorer" : 0.0,
      "ClippedPeakIsNoiseScorer" : 1.5958599977160897
    },
    "molecularFormula" : "C8H7N",
    "relativeIntensity" : 0.06836471575495585,
    "ion" : "[M + H]+",
    "mz" : 118.064779,
    "recalibratedMass" : 118.064779,
    "peaks" : [ {
      "intensity" : 2822289.804751,
      "ce" : "35 eV",
      "spectrum" : 0,
      "mz" : 118.064779
    } ]
  }, {
    "id" : 29,
    "molecularFormula" : "C9H8",
    "massDeviation" : "-1.0225364227677862 ppm (-1.1970809053707399E-4 m/z)",
    "recalibratedMassDeviation" : "-1.0225364227677862 ppm (-1.1970809053707399E-4 m/z)",
    "score" : 3.5029643843639633,
    "scores" : {
      "TreeSizeScorer" : 1.5,
      "StrangeElementFragmentScorer" : 0.0,
      "StrangeElementSmallFragmentScorer" : 0.0,
      "Common Fragments" : 0.0,
      "Mass Deviation" : -0.00552487451856025,
      "CarbohydrogenFragment" : 0.09932258138450645,
      "MS2-Isotopes" : 0.0,
      "FragmentSizeScorer" : 0.82930243,
      "PhosphorScorer" : 0.0,
      "ClippedPeakIsNoiseScorer" : 1.0798642474980165
    },
    "molecularFormula" : "C9H8",
    "relativeIntensity" : 0.025337247565340795,
    "ion" : "[M + H]+",
    "mz" : 117.069757,
    "recalibratedMass" : 117.069757,
    "peaks" : [ {
      "intensity" : 1045993.604953,
      "ce" : "35 eV",
      "spectrum" : 0,
      "mz" : 117.069757
    } ]
  }, {
    "id" : 30,
    "molecularFormula" : "C8H6N",
    "massDeviation" : "1.8568299856659312 ppm (2.1735590947002947E-4 m/z)",
    "recalibratedMassDeviation" : "1.8568299856659312 ppm (2.1735590947002947E-4 m/z)",
    "score" : 3.341508470630583,
    "scores" : {
      "TreeSizeScorer" : 1.5,
      "StrangeElementFragmentScorer" : 0.0,
      "StrangeElementSmallFragmentScorer" : 0.0,
      "Common Fragments" : 0.0,
      "Mass Deviation" : -0.13739826345823294,
      "CarbohydrogenFragment" : 0.0,
      "MS2-Isotopes" : 0.0,
      "FragmentSizeScorer" : 0.8294248200000001,
      "PhosphorScorer" : 0.0,
      "ClippedPeakIsNoiseScorer" : 1.1494819140888164
    },
    "molecularFormula" : "C8H6N",
    "relativeIntensity" : 0.029255231124334116,
    "ion" : "[M + H]+",
    "mz" : 117.057518,
    "recalibratedMass" : 117.057518,
    "peaks" : [ {
      "intensity" : 1207739.103806,
      "ce" : "35 eV",
      "spectrum" : 0,
      "mz" : 117.057518
    } ]
  }, {
    "id" : 31,
    "molecularFormula" : "C9H7",
    "massDeviation" : "3.182114471550716 ppm (3.6932390946731175E-4 m/z)",
    "recalibratedMassDeviation" : "3.182114471550716 ppm (3.6932390946731175E-4 m/z)",
    "score" : 3.2015129039323638,
    "scores" : {
      "TreeSizeScorer" : 1.5,
      "StrangeElementFragmentScorer" : 0.0,
      "StrangeElementSmallFragmentScorer" : 0.0,
      "Common Fragments" : 0.5803583202473606,
      "Mass Deviation" : -0.20572181646568938,
      "CarbohydrogenFragment" : 0.0,
      "MS2-Isotopes" : 0.0,
      "FragmentSizeScorer" : 0.8393757900000001,
      "PhosphorScorer" : 0.0,
      "ClippedPeakIsNoiseScorer" : 0.48750061015069257
    },
    "molecularFormula" : "C9H7",
    "relativeIntensity" : 0.006703016424041426,
    "ion" : "[M + H]+",
    "mz" : 116.062421,
    "recalibratedMass" : 116.062421,
    "peaks" : [ {
      "intensity" : 276719.572454,
      "ce" : "35 eV",
      "spectrum" : 0,
      "mz" : 116.062421
    } ]
  }, {
    "id" : 32,
    "molecularFormula" : "C8H5N",
    "massDeviation" : "1.6578066338349355 ppm (1.9238790946474182E-4 m/z)",
    "recalibratedMassDeviation" : "1.6578066338349355 ppm (1.9238790946474182E-4 m/z)",
    "score" : 2.6379481675140473,
    "scores" : {
      "TreeSizeScorer" : 1.5,
      "StrangeElementFragmentScorer" : 0.0,
      "StrangeElementSmallFragmentScorer" : 0.0,
      "Common Fragments" : 0.0,
      "Mass Deviation" : -0.12400680931621695,
      "CarbohydrogenFragment" : 0.0,
      "MS2-Isotopes" : 0.0,
      "FragmentSizeScorer" : 0.8395033199999999,
      "PhosphorScorer" : 0.0,
      "ClippedPeakIsNoiseScorer" : 0.42245165683026414
    },
    "molecularFormula" : "C8H5N",
    "relativeIntensity" : 0.005733761943239197,
    "ion" : "[M + H]+",
    "mz" : 116.049668,
    "recalibratedMass" : 116.049668,
    "peaks" : [ {
      "intensity" : 236705.992215,
      "ce" : "35 eV",
      "spectrum" : 0,
      "mz" : 116.049668
    } ]
  }, {
    "id" : 33,
    "molecularFormula" : "C9H6",
    "massDeviation" : "-0.9529784190912913 ppm (-1.0964409052860447E-4 m/z)",
    "recalibratedMassDeviation" : "-0.9529784190912913 ppm (-1.0964409052860447E-4 m/z)",
    "score" : 4.3740292147182105,
    "scores" : {
      "TreeSizeScorer" : 1.5,
      "StrangeElementFragmentScorer" : 0.0,
      "StrangeElementSmallFragmentScorer" : 0.0,
      "Common Fragments" : 0.0,
      "Mass Deviation" : -0.0053700827234690945,
      "CarbohydrogenFragment" : 0.45366580629850106,
      "MS2-Isotopes" : 0.0,
      "FragmentSizeScorer" : 0.8494588299999999,
      "PhosphorScorer" : 0.0,
      "ClippedPeakIsNoiseScorer" : 1.5762746611431793
    },
    "molecularFormula" : "C9H6",
    "relativeIntensity" : 0.0660499399136736,
    "ion" : "[M + H]+",
    "mz" : 115.054117,
    "recalibratedMass" : 115.054117,
    "peaks" : [ {
      "intensity" : 2726729.277877,
      "ce" : "35 eV",
      "spectrum" : 0,
      "mz" : 115.054117
    } ]
  }, {
    "id" : 34,
    "molecularFormula" : "C7H7N",
    "massDeviation" : "3.0294871568760113 ppm (3.2132390947481326E-4 m/z)",
    "recalibratedMassDeviation" : "3.0294871568760113 ppm (3.2132390947481326E-4 m/z)",
    "score" : 3.3500082544411454,
    "scores" : {
      "TreeSizeScorer" : 1.5,
      "StrangeElementFragmentScorer" : 0.0,
      "StrangeElementSmallFragmentScorer" : 0.0,
      "Common Fragments" : 0.0,
      "Mass Deviation" : -0.16074396054639012,
      "CarbohydrogenFragment" : 0.0,
      "MS2-Isotopes" : 0.0,
      "FragmentSizeScorer" : 0.93934553,
      "PhosphorScorer" : 0.0,
      "ClippedPeakIsNoiseScorer" : 1.0714066849875357
    },
    "molecularFormula" : "C7H7N",
    "relativeIntensity" : 0.024893625541053212,
    "ion" : "[M + H]+",
    "mz" : 106.065447,
    "recalibratedMass" : 106.065447,
    "peaks" : [ {
      "intensity" : 1027679.626719,
      "ce" : "35 eV",
      "spectrum" : 0,
      "mz" : 106.065447
    } ]
  }, {
    "id" : 35,
    "molecularFormula" : "C8H8",
    "massDeviation" : "-1.2535301245396437 ppm (-1.317080905351986E-4 m/z)",
    "recalibratedMassDeviation" : "-1.2535301245396437 ppm (-1.317080905351986E-4 m/z)",
    "score" : 4.278428837248848,
    "scores" : {
      "TreeSizeScorer" : 1.5,
      "StrangeElementFragmentScorer" : 0.0,
      "StrangeElementSmallFragmentScorer" : 0.0,
      "Common Fragments" : 0.9025292970003989,
      "Mass Deviation" : -0.03383977717358336,
      "CarbohydrogenFragment" : 0.0,
      "MS2-Isotopes" : 0.0,
      "FragmentSizeScorer" : 0.9493025500000001,
      "PhosphorScorer" : 0.0,
      "ClippedPeakIsNoiseScorer" : 0.9604367674220315
    },
    "molecularFormula" : "C8H8",
    "relativeIntensity" : 0.01966851290669055,
    "ion" : "[M + H]+",
    "mz" : 105.069745,
    "recalibratedMass" : 105.069745,
    "peaks" : [ {
      "intensity" : 811972.123897,
      "ce" : "35 eV",
      "spectrum" : 0,
      "mz" : 105.069745
    } ]
  }, {
    "id" : 36,
    "molecularFormula" : "C6H4N2",
    "massDeviation" : "1.5557150146093088 ppm (1.634199094695532E-4 m/z)",
    "recalibratedMassDeviation" : "1.5557150146093088 ppm (1.634199094695532E-4 m/z)",
    "score" : 3.011324498911846,
    "scores" : {
      "TreeSizeScorer" : 1.5,
      "StrangeElementFragmentScorer" : 0.0,
      "StrangeElementSmallFragmentScorer" : 0.0,
      "Common Fragments" : 0.13890108430769477,
      "Mass Deviation" : -0.08801294579213967,
      "CarbohydrogenFragment" : 0.0,
      "MS2-Isotopes" : 0.0,
      "FragmentSizeScorer" : 0.94955112,
      "PhosphorScorer" : 0.0,
      "ClippedPeakIsNoiseScorer" : 0.5108852403962911
    },
    "molecularFormula" : "C6H4N2",
    "relativeIntensity" : 0.0070870420042901516,
    "ion" : "[M + H]+",
    "mz" : 105.044888,
    "recalibratedMass" : 105.044888,
    "peaks" : [ {
      "intensity" : 292573.240065,
      "ce" : "35 eV",
      "spectrum" : 0,
      "mz" : 105.044888
    } ]
  }, {
    "id" : 37,
    "molecularFormula" : "C8H6",
    "massDeviation" : "-0.20032263933162558 ppm (-2.0644090540145044E-5 m/z)",
    "recalibratedMassDeviation" : "-0.20032263933162558 ppm (-2.0644090540145044E-5 m/z)",
    "score" : 3.4944304535154322,
    "scores" : {
      "TreeSizeScorer" : 1.5,
      "StrangeElementFragmentScorer" : 0.0,
      "StrangeElementSmallFragmentScorer" : 0.0,
      "Common Fragments" : 0.0,
      "Mass Deviation" : -0.007189740037879208,
      "CarbohydrogenFragment" : 0.030559371933034818,
      "MS2-Isotopes" : 0.0,
      "FragmentSizeScorer" : 0.9694579400000001,
      "PhosphorScorer" : 0.0,
      "ClippedPeakIsNoiseScorer" : 1.0016028816202769
    },
    "molecularFormula" : "C8H6",
    "relativeIntensity" : 0.021482456422717594,
    "ion" : "[M + H]+",
    "mz" : 103.054206,
    "recalibratedMass" : 103.054206,
    "peaks" : [ {
      "intensity" : 886856.868683,
      "ce" : "35 eV",
      "spectrum" : 0,
      "mz" : 103.054206
    } ]
  }, {
    "id" : 38,
    "molecularFormula" : "C6H5N",
    "massDeviation" : "0.2758071385336625 ppm (2.5387909474261505E-5 m/z)",
    "recalibratedMassDeviation" : "0.2758071385336625 ppm (2.5387909474261505E-5 m/z)",
    "score" : 2.949441576271277,
    "scores" : {
      "TreeSizeScorer" : 1.5,
      "StrangeElementFragmentScorer" : 0.0,
      "StrangeElementSmallFragmentScorer" : 0.0,
      "Common Fragments" : 0.0,
      "Mass Deviation" : -0.004458320299315776,
      "CarbohydrogenFragment" : 0.0,
      "MS2-Isotopes" : 0.0,
      "FragmentSizeScorer" : 1.0795049899999998,
      "PhosphorScorer" : 0.0,
      "ClippedPeakIsNoiseScorer" : 0.37439490657059304
    },
    "molecularFormula" : "C6H5N",
    "relativeIntensity" : 0.005103208892386325,
    "ion" : "[M + H]+",
    "mz" : 92.049501,
    "recalibratedMass" : 92.049501,
    "peaks" : [ {
      "intensity" : 210674.969821,
      "ce" : "35 eV",
      "spectrum" : 0,
      "mz" : 92.049501
    } ]
  }, {
    "id" : 39,
    "molecularFormula" : "C7H6",
    "massDeviation" : "2.266291740780815 ppm (2.063559094693801E-4 m/z)",
    "recalibratedMassDeviation" : "2.266291740780815 ppm (2.063559094693801E-4 m/z)",
    "score" : 5.3820131482569735,
    "scores" : {
      "TreeSizeScorer" : 1.5,
      "StrangeElementFragmentScorer" : 0.0,
      "StrangeElementSmallFragmentScorer" : 0.0,
      "Common Fragments" : 0.0,
      "Mass Deviation" : -0.07756052209844318,
      "CarbohydrogenFragment" : 0.7236037601560805,
      "MS2-Isotopes" : 0.0,
      "FragmentSizeScorer" : 1.08945567,
      "PhosphorScorer" : 0.0,
      "ClippedPeakIsNoiseScorer" : 2.1465142401993353
    },
    "molecularFormula" : "C7H6",
    "relativeIntensity" : 0.16098614811977474,
    "ion" : "[M + H]+",
    "mz" : 91.054433,
    "recalibratedMass" : 91.054433,
    "peaks" : [ {
      "intensity" : 6645965.825019,
      "ce" : "35 eV",
      "spectrum" : 0,
      "mz" : 91.054433
    } ]
  }, {
    "id" : 40,
    "molecularFormula" : "C7H5",
    "massDeviation" : "1.170371988679504 ppm (1.0538790947123289E-4 m/z)",
    "recalibratedMassDeviation" : "1.170371988679504 ppm (1.0538790947123289E-4 m/z)",
    "score" : 3.180652877220513,
    "scores" : {
      "TreeSizeScorer" : 1.5,
      "StrangeElementFragmentScorer" : 0.0,
      "StrangeElementSmallFragmentScorer" : 0.0,
      "Common Fragments" : 0.0,
      "Mass Deviation" : -0.03305847742818719,
      "CarbohydrogenFragment" : 0.0,
      "MS2-Isotopes" : 0.0,
      "FragmentSizeScorer" : 1.09953493,
      "PhosphorScorer" : 0.0,
      "ClippedPeakIsNoiseScorer" : 0.6141764246487003
    },
    "molecularFormula" : "C7H5",
    "relativeIntensity" : 0.009038220809349186,
    "ion" : "[M + H]+",
    "mz" : 90.046507,
    "recalibratedMass" : 90.046507,
    "peaks" : [ {
      "intensity" : 373123.447697,
      "ce" : "35 eV",
      "spectrum" : 0,
      "mz" : 90.046507
    } ]
  }, {
    "id" : 41,
    "molecularFormula" : "C7H4",
    "massDeviation" : "-0.4669898324211329 ppm (-4.1580090538673176E-5 m/z)",
    "recalibratedMassDeviation" : "-0.4669898324211329 ppm (-4.1580090538673176E-5 m/z)",
    "score" : 3.3141688104721583,
    "scores" : {
      "TreeSizeScorer" : 1.5,
      "StrangeElementFragmentScorer" : 0.0,
      "StrangeElementSmallFragmentScorer" : 0.0,
      "Common Fragments" : 0.0,
      "Mass Deviation" : -0.02843007943771981,
      "CarbohydrogenFragment" : 0.0,
      "MS2-Isotopes" : 0.0,
      "FragmentSizeScorer" : 1.1096146500000001,
      "PhosphorScorer" : 0.0,
      "ClippedPeakIsNoiseScorer" : 0.7329842399098779
    },
    "molecularFormula" : "C7H4",
    "relativeIntensity" : 0.011882640509299764,
    "ion" : "[M + H]+",
    "mz" : 89.038535,
    "recalibratedMass" : 89.038535,
    "peaks" : [ {
      "intensity" : 490549.17866,
      "ce" : "35 eV",
      "spectrum" : 0,
      "mz" : 89.038535
    } ]
  }, {
    "id" : 42,
    "molecularFormula" : "C4H8N2",
    "massDeviation" : "-0.4197199579046906 ppm (-3.570809052177992E-5 m/z)",
    "recalibratedMassDeviation" : "-0.4197199579046906 ppm (-3.570809052177992E-5 m/z)",
    "score" : 4.646680272317893,
    "scores" : {
      "TreeSizeScorer" : 1.5,
      "StrangeElementFragmentScorer" : 0.0,
      "StrangeElementSmallFragmentScorer" : 0.0,
      "Common Fragments" : 1.2004803657924166,
      "Mass Deviation" : -0.03383977717358336,
      "CarbohydrogenFragment" : 0.0,
      "MS2-Isotopes" : 0.0,
      "FragmentSizeScorer" : 1.14924011,
      "PhosphorScorer" : 0.0,
      "ClippedPeakIsNoiseScorer" : 0.8307995736990588
    },
    "molecularFormula" : "C4H8N2",
    "relativeIntensity" : 0.014807382508018283,
    "ion" : "[M + H]+",
    "mz" : 85.075989,
    "recalibratedMass" : 85.075989,
    "peaks" : [ {
      "intensity" : 611290.842446,
      "ce" : "35 eV",
      "spectrum" : 0,
      "mz" : 85.075989
    } ]
  }, {
    "id" : 43,
    "molecularFormula" : "C6H6",
    "massDeviation" : "0.3586892250649828 ppm (2.835590946403954E-5 m/z)",
    "recalibratedMassDeviation" : "0.3586892250649828 ppm (2.835590946403954E-5 m/z)",
    "score" : 5.57716309983979,
    "scores" : {
      "TreeSizeScorer" : 1.5,
      "StrangeElementFragmentScorer" : 0.0,
      "StrangeElementSmallFragmentScorer" : 0.0,
      "Common Fragments" : 2.1594822157596214,
      "Mass Deviation" : -0.019446172622516425,
      "CarbohydrogenFragment" : 0.0,
      "MS2-Isotopes" : 0.0,
      "FragmentSizeScorer" : 1.20945745,
      "PhosphorScorer" : 0.0,
      "ClippedPeakIsNoiseScorer" : 0.7276696067026852
    },
    "molecularFormula" : "C6H6",
    "relativeIntensity" : 0.0117397985204374,
    "ion" : "[M + H]+",
    "mz" : 79.054255,
    "recalibratedMass" : 79.054255,
    "peaks" : [ {
      "intensity" : 484652.255307,
      "ce" : "35 eV",
      "spectrum" : 0,
      "mz" : 79.054255
    } ]
  }, {
    "id" : 44,
    "molecularFormula" : "C4H9N",
    "massDeviation" : "-1.120134739606775 ppm (-8.074009052450037E-5 m/z)",
    "recalibratedMassDeviation" : "-1.120134739606775 ppm (-8.074009052450037E-5 m/z)",
    "score" : 5.0323541067594295,
    "scores" : {
      "TreeSizeScorer" : 1.5,
      "StrangeElementFragmentScorer" : 0.0,
      "StrangeElementSmallFragmentScorer" : 0.0,
      "Common Fragments" : 2.004111279527133,
      "Mass Deviation" : -0.07907111418075181,
      "CarbohydrogenFragment" : 0.0,
      "MS2-Isotopes" : 0.0,
      "FragmentSizeScorer" : 1.27919305,
      "PhosphorScorer" : 0.0,
      "ClippedPeakIsNoiseScorer" : 0.3281208914130484
    },
    "molecularFormula" : "C4H9N",
    "relativeIntensity" : 0.00455772822295833,
    "ion" : "[M + H]+",
    "mz" : 72.080695,
    "recalibratedMass" : 72.080695,
    "peaks" : [ {
      "intensity" : 188155.977165,
      "ce" : "35 eV",
      "spectrum" : 0,
      "mz" : 72.080695
    } ]
  }, {
    "id" : 45,
    "molecularFormula" : "C4H7N",
    "massDeviation" : "-0.45209516923264614 ppm (-3.167609052923126E-5 m/z)",
    "recalibratedMassDeviation" : "-0.45209516923264614 ppm (-3.167609052923126E-5 m/z)",
    "score" : 4.128467651358281,
    "scores" : {
      "TreeSizeScorer" : 1.5,
      "StrangeElementFragmentScorer" : 0.0,
      "StrangeElementSmallFragmentScorer" : 0.0,
      "Common Fragments" : 0.0,
      "Mass Deviation" : -0.062269839137139106,
      "CarbohydrogenFragment" : 0.0,
      "MS2-Isotopes" : 0.0,
      "FragmentSizeScorer" : 1.29934906,
      "PhosphorScorer" : 0.0,
      "ClippedPeakIsNoiseScorer" : 1.39138843049542
    },
    "molecularFormula" : "C4H7N",
    "relativeIntensity" : 0.04710166486872739,
    "ion" : "[M + H]+",
    "mz" : 70.065094,
    "recalibratedMass" : 70.065094,
    "peaks" : [ {
      "intensity" : 1944490.620312,
      "ce" : "35 eV",
      "spectrum" : 0,
      "mz" : 70.065094
    } ]
  }, {
    "id" : 46,
    "molecularFormula" : "C5H4",
    "massDeviation" : "3.850314051067713 ppm (2.5041990946306214E-4 m/z)",
    "recalibratedMassDeviation" : "3.850314051067713 ppm (2.5041990946306214E-4 m/z)",
    "score" : 4.316092673204717,
    "scores" : {
      "TreeSizeScorer" : 1.5,
      "StrangeElementFragmentScorer" : 0.0,
      "StrangeElementSmallFragmentScorer" : 0.0,
      "Common Fragments" : 0.0,
      "Mass Deviation" : -0.04339156490317168,
      "CarbohydrogenFragment" : 0.24614282698845624,
      "MS2-Isotopes" : 0.0,
      "FragmentSizeScorer" : 1.34961173,
      "PhosphorScorer" : 0.0,
      "ClippedPeakIsNoiseScorer" : 1.2637296811194327
    },
    "molecularFormula" : "C5H4",
    "relativeIntensity" : 0.03680407611629618,
    "ion" : "[M + H]+",
    "mz" : 65.038827,
    "recalibratedMass" : 65.038827,
    "peaks" : [ {
      "intensity" : 1519376.883956,
      "ce" : "35 eV",
      "spectrum" : 0,
      "mz" : 65.038827
    } ]
  }, {
    "id" : 47,
    "molecularFormula" : "C3H7N",
    "massDeviation" : "5.6199323044845135 ppm (3.263239094692949E-4 m/z)",
    "recalibratedMassDeviation" : "5.6199323044845135 ppm (3.263239094692949E-4 m/z)",
    "score" : 5.278043680052643,
    "scores" : {
      "TreeSizeScorer" : 1.5,
      "StrangeElementFragmentScorer" : 0.0,
      "StrangeElementSmallFragmentScorer" : 0.0,
      "Common Fragments" : 0.0,
      "Mass Deviation" : -0.061186823207914035,
      "CarbohydrogenFragment" : 0.0,
      "MS2-Isotopes" : 0.0,
      "FragmentSizeScorer" : 1.41934548,
      "PhosphorScorer" : 0.0,
      "ClippedPeakIsNoiseScorer" : 2.4198850232605573
    },
    "molecularFormula" : "C3H7N",
    "relativeIntensity" : 0.22707558088027088,
    "ion" : "[M + H]+",
    "mz" : 58.065452,
    "recalibratedMass" : 58.065452,
    "peaks" : [ {
      "intensity" : 9374325.479878,
      "ce" : "35 eV",
      "spectrum" : 0,
      "mz" : 58.065452
    } ]
  }, {
    "id" : 48,
    "molecularFormula" : "C3H5N",
    "massDeviation" : "3.254041433556528 ppm (1.8238790946867312E-4 m/z)",
    "recalibratedMassDeviation" : "3.254041433556528 ppm (1.8238790946867312E-4 m/z)",
    "score" : 3.651236076381343,
    "scores" : {
      "TreeSizeScorer" : 1.5,
      "StrangeElementFragmentScorer" : 0.0,
      "StrangeElementSmallFragmentScorer" : 0.0,
      "Common Fragments" : 0.0,
      "Mass Deviation" : -0.0018778567850857783,
      "CarbohydrogenFragment" : 0.0,
      "MS2-Isotopes" : 0.0,
      "FragmentSizeScorer" : 1.4395034199999999,
      "PhosphorScorer" : 0.0,
      "ClippedPeakIsNoiseScorer" : 0.7136105131664291
    },
    "molecularFormula" : "C3H5N",
    "relativeIntensity" : 0.011369392675958387,
    "ion" : "[M + H]+",
    "mz" : 56.049658,
    "recalibratedMass" : 56.049658,
    "peaks" : [ {
      "intensity" : 469360.849105,
      "ce" : "35 eV",
      "spectrum" : 0,
      "mz" : 56.049658
    } ]
  } ],
  "losses" : [ {
    "source" : 0,
    "target" : 1,
    "molecularFormula" : "H2",
    "score" : -0.59627339519073,
    "scores" : {
      "StrangeElementLossScorer" : 0.0,
      "LossSizeScorer" : -13.386633740120256,
      "Loss RDBE" : 0.0,
      "Free Radical" : 0.011626542158820332,
      "PureCarbonNitrogenLossScorer" : 0.0,
      "CommonLossEdgeScorer" : 12.778733802770706,
      "MS2-Isotopes" : 0.0,
      "PhosphorScorer" : 0.0,
      "AdductSwitchLossScorer" : 0.0,
      "MultimereLossScorer" : 0.0
    }
  }, {
    "source" : 0,
    "target" : 2,
    "molecularFormula" : "CH3",
    "score" : 0.95838112468751,
    "scores" : {
      "StrangeElementLossScorer" : 0.0,
      "LossSizeScorer" : -0.4948195427766855,
      "Loss RDBE" : 0.0,
      "Free Radical" : -0.09373397349900595,
      "PureCarbonNitrogenLossScorer" : 0.0,
      "CommonLossEdgeScorer" : 1.5469346409632014,
      "MS2-Isotopes" : 0.0,
      "PhosphorScorer" : 0.0,
      "AdductSwitchLossScorer" : 0.0,
      "MultimereLossScorer" : 0.0
    }
  }, {
    "source" : 0,
    "target" : 3,
    "molecularFormula" : "C2H5N",
    "score" : -0.8774576425872838,
    "scores" : {
      "StrangeElementLossScorer" : 0.0,
      "LossSizeScorer" : 1.1024015225390293,
      "Loss RDBE" : 0.0,
      "Free Radical" : -0.09373397349900595,
      "PureCarbonNitrogenLossScorer" : 0.0,
      "CommonLossEdgeScorer" : -1.8861251916273072,
      "MS2-Isotopes" : 0.0,
      "PhosphorScorer" : 0.0,
      "AdductSwitchLossScorer" : 0.0,
      "MultimereLossScorer" : 0.0
    }
  }, {
    "source" : 3,
    "target" : 4,
    "molecularFormula" : "H2",
    "score" : -0.5915375324848053,
    "scores" : {
      "StrangeElementLossScorer" : 0.0,
      "LossSizeScorer" : -13.381897877414332,
      "Loss RDBE" : 0.0,
      "Free Radical" : 0.011626542158820332,
      "PureCarbonNitrogenLossScorer" : 0.0,
      "CommonLossEdgeScorer" : 12.778733802770706,
      "MS2-Isotopes" : 0.0,
      "PhosphorScorer" : 0.0,
      "AdductSwitchLossScorer" : 0.0,
      "MultimereLossScorer" : 0.0
    }
  }, {
    "source" : 4,
    "target" : 5,
    "molecularFormula" : "H2",
    "score" : -0.5981188798915422,
    "scores" : {
      "StrangeElementLossScorer" : 0.0,
      "LossSizeScorer" : -13.388479224821069,
      "Loss RDBE" : 0.0,
      "Free Radical" : 0.011626542158820332,
      "PureCarbonNitrogenLossScorer" : 0.0,
      "CommonLossEdgeScorer" : 12.778733802770706,
      "MS2-Isotopes" : 0.0,
      "PhosphorScorer" : 0.0,
      "AdductSwitchLossScorer" : 0.0,
      "MultimereLossScorer" : 0.0
    }
  }, {
    "source" : 1,
    "target" : 6,
    "molecularFormula" : "C3H5N",
    "score" : -1.09015873413365,
    "scores" : {
      "StrangeElementLossScorer" : 0.0,
      "LossSizeScorer" : 0.9645968040314896,
      "Loss RDBE" : 0.0,
      "Free Radical" : 0.011626542158820332,
      "PureCarbonNitrogenLossScorer" : 0.0,
      "CommonLossEdgeScorer" : -2.06638208032396,
      "MS2-Isotopes" : 0.0,
      "PhosphorScorer" : 0.0,
      "AdductSwitchLossScorer" : 0.0,
      "MultimereLossScorer" : 0.0
    }
  }, {
    "source" : 3,
    "target" : 7,
    "molecularFormula" : "CH4",
    "score" : 0.3089373112926276,
    "scores" : {
      "StrangeElementLossScorer" : 0.0,
      "LossSizeScorer" : -0.2936963986705914,
      "Loss RDBE" : 0.0,
      "Free Radical" : 0.011626542158820332,
      "PureCarbonNitrogenLossScorer" : 0.0,
      "CommonLossEdgeScorer" : 0.5910071678043987,
      "MS2-Isotopes" : 0.0,
      "PhosphorScorer" : 0.0,
      "AdductSwitchLossScorer" : 0.0,
      "MultimereLossScorer" : 0.0
    }
  }, {
    "source" : 4,
    "target" : 8,
    "molecularFormula" : "CH4",
    "score" : 0.30879443571171816,
    "scores" : {
      "StrangeElementLossScorer" : 0.0,
      "LossSizeScorer" : -0.2938392742515008,
      "Loss RDBE" : 0.0,
      "Free Radical" : 0.011626542158820332,
      "PureCarbonNitrogenLossScorer" : 0.0,
      "CommonLossEdgeScorer" : 0.5910071678043987,
      "MS2-Isotopes" : 0.0,
      "PhosphorScorer" : 0.0,
      "AdductSwitchLossScorer" : 0.0,
      "MultimereLossScorer" : 0.0
    }
  }, {
    "source" : 4,
    "target" : 9,
    "molecularFormula" : "C2H2",
    "score" : 0.9973257677429889,
    "scores" : {
      "StrangeElementLossScorer" : 0.0,
      "LossSizeScorer" : 0.7806840084433455,
      "Loss RDBE" : 0.0,
      "Free Radical" : 0.011626542158820332,
      "PureCarbonNitrogenLossScorer" : 0.0,
      "CommonLossEdgeScorer" : 0.20501521714082305,
      "MS2-Isotopes" : 0.0,
      "PhosphorScorer" : 0.0,
      "AdductSwitchLossScorer" : 0.0,
      "MultimereLossScorer" : 0.0
    }
  }, {
    "source" : 1,
    "target" : 10,
    "molecularFormula" : "H11N2P",
    "score" : -6.423983685556159,
    "scores" : {
      "StrangeElementLossScorer" : 0.0,
      "LossSizeScorer" : 0.6412210328953378,
      "Loss RDBE" : -2.995732273553991,
      "Free Radical" : 0.011626542158820332,
      "PureCarbonNitrogenLossScorer" : 0.0,
      "CommonLossEdgeScorer" : -2.694804625936435,
      "MS2-Isotopes" : 0.0,
      "PhosphorScorer" : -1.3862943611198906,
      "AdductSwitchLossScorer" : 0.0,
      "MultimereLossScorer" : 0.0
    }
  }, {
    "source" : 5,
    "target" : 11,
    "molecularFormula" : "C2H2",
    "score" : 0.9974422606096148,
    "scores" : {
      "StrangeElementLossScorer" : 0.0,
      "LossSizeScorer" : 0.7808005013099715,
      "Loss RDBE" : 0.0,
      "Free Radical" : 0.011626542158820332,
      "PureCarbonNitrogenLossScorer" : 0.0,
      "CommonLossEdgeScorer" : 0.20501521714082305,
      "MS2-Isotopes" : 0.0,
      "PhosphorScorer" : 0.0,
      "AdductSwitchLossScorer" : 0.0,
      "MultimereLossScorer" : 0.0
    }
  }, {
    "source" : 7,
    "target" : 12,
    "molecularFormula" : "CHN",
    "score" : 0.2278771368817526,
    "scores" : {
      "StrangeElementLossScorer" : 0.0,
      "LossSizeScorer" : 0.8326949210383505,
      "Loss RDBE" : 0.0,
      "Free Radical" : 0.011626542158820332,
      "PureCarbonNitrogenLossScorer" : 0.0,
      "CommonLossEdgeScorer" : -0.6164443263154182,
      "MS2-Isotopes" : 0.0,
      "PhosphorScorer" : 0.0,
      "AdductSwitchLossScorer" : 0.0,
      "MultimereLossScorer" : 0.0
    }
  }, {
    "source" : 2,
    "target" : 13,
    "molecularFormula" : "C3H8N2",
    "score" : -1.9776771487462788,
    "scores" : {
      "StrangeElementLossScorer" : 0.0,
      "LossSizeScorer" : 0.591295815805644,
      "Loss RDBE" : 0.0,
      "Free Radical" : 0.011626542158820332,
      "PureCarbonNitrogenLossScorer" : 0.0,
      "CommonLossEdgeScorer" : -2.580599506710743,
      "MS2-Isotopes" : 0.0,
      "PhosphorScorer" : 0.0,
      "AdductSwitchLossScorer" : 0.0,
      "MultimereLossScorer" : 0.0
    }
  }, {
    "source" : 10,
    "target" : 14,
    "molecularFormula" : "CHN",
    "score" : 0.22793920959829805,
    "scores" : {
      "StrangeElementLossScorer" : 0.0,
      "LossSizeScorer" : 0.832756993754896,
      "Loss RDBE" : 0.0,
      "Free Radical" : 0.011626542158820332,
      "PureCarbonNitrogenLossScorer" : 0.0,
      "CommonLossEdgeScorer" : -0.6164443263154182,
      "MS2-Isotopes" : 0.0,
      "PhosphorScorer" : 0.0,
      "AdductSwitchLossScorer" : 0.0,
      "MultimereLossScorer" : 0.0
    }
  }, {
    "source" : 11,
    "target" : 15,
    "molecularFormula" : "CHN",
    "score" : 0.2278907682351915,
    "scores" : {
      "StrangeElementLossScorer" : 0.0,
      "LossSizeScorer" : 0.8327085523917894,
      "Loss RDBE" : 0.0,
      "Free Radical" : 0.011626542158820332,
      "PureCarbonNitrogenLossScorer" : 0.0,
      "CommonLossEdgeScorer" : -0.6164443263154182,
      "MS2-Isotopes" : 0.0,
      "PhosphorScorer" : 0.0,
      "AdductSwitchLossScorer" : 0.0,
      "MultimereLossScorer" : 0.0
    }
  }, {
    "source" : 10,
    "target" : 16,
    "molecularFormula" : "HP",
    "score" : -3.0586736703752524,
    "scores" : {
      "StrangeElementLossScorer" : 0.0,
      "LossSizeScorer" : 1.0107987745222529,
      "Loss RDBE" : 0.0,
      "Free Radical" : 0.011626542158820332,
      "PureCarbonNitrogenLossScorer" : 0.0,
      "CommonLossEdgeScorer" : -2.694804625936435,
      "MS2-Isotopes" : 0.0,
      "PhosphorScorer" : -1.3862943611198906,
      "AdductSwitchLossScorer" : 0.0,
      "MultimereLossScorer" : 0.0
    }
  }, {
    "source" : 13,
    "target" : 17,
    "molecularFormula" : "C2H2",
    "score" : 0.9973691923524003,
    "scores" : {
      "StrangeElementLossScorer" : 0.0,
      "LossSizeScorer" : 0.7807274330527569,
      "Loss RDBE" : 0.0,
      "Free Radical" : 0.011626542158820332,
      "PureCarbonNitrogenLossScorer" : 0.0,
      "CommonLossEdgeScorer" : 0.20501521714082305,
      "MS2-Isotopes" : 0.0,
      "PhosphorScorer" : 0.0,
      "AdductSwitchLossScorer" : 0.0,
      "MultimereLossScorer" : 0.0
    }
  }, {
    "source" : 10,
    "target" : 18,
    "molecularFormula" : "NP",
    "score" : -2.977499100310586,
    "scores" : {
      "StrangeElementLossScorer" : 0.0,
      "LossSizeScorer" : 1.0919733445869193,
      "Loss RDBE" : 0.0,
      "Free Radical" : 0.011626542158820332,
      "PureCarbonNitrogenLossScorer" : 0.0,
      "CommonLossEdgeScorer" : -2.694804625936435,
      "MS2-Isotopes" : 0.0,
      "PhosphorScorer" : -1.3862943611198906,
      "AdductSwitchLossScorer" : 0.0,
      "MultimereLossScorer" : 0.0
    }
  }, {
    "source" : 18,
    "target" : 19,
    "molecularFormula" : "H2",
    "score" : -0.5898656682638919,
    "scores" : {
      "StrangeElementLossScorer" : 0.0,
      "LossSizeScorer" : -13.380226013193418,
      "Loss RDBE" : 0.0,
      "Free Radical" : 0.011626542158820332,
      "PureCarbonNitrogenLossScorer" : 0.0,
      "CommonLossEdgeScorer" : 12.778733802770706,
      "MS2-Isotopes" : 0.0,
      "PhosphorScorer" : 0.0,
      "AdductSwitchLossScorer" : 0.0,
      "MultimereLossScorer" : 0.0
    }
  }, {
    "source" : 16,
    "target" : 20,
    "molecularFormula" : "H3N",
    "score" : 0.3098497290561629,
    "scores" : {
      "StrangeElementLossScorer" : 0.0,
      "LossSizeScorer" : -0.11930759530016388,
      "Loss RDBE" : 0.0,
      "Free Radical" : 0.011626542158820332,
      "PureCarbonNitrogenLossScorer" : 0.0,
      "CommonLossEdgeScorer" : 0.4175307821975065,
      "MS2-Isotopes" : 0.0,
      "PhosphorScorer" : 0.0,
      "AdductSwitchLossScorer" : 0.0,
      "MultimereLossScorer" : 0.0
    }
  }, {
    "source" : 20,
    "target" : 21,
    "molecularFormula" : "H",
    "score" : -2.791066984767099,
    "scores" : {
      "StrangeElementLossScorer" : 0.0,
      "LossSizeScorer" : -20.829091674318246,
      "Loss RDBE" : 0.0,
      "Free Radical" : -0.09373397349900595,
      "PureCarbonNitrogenLossScorer" : 0.0,
      "CommonLossEdgeScorer" : 18.131758663050153,
      "MS2-Isotopes" : 0.0,
      "PhosphorScorer" : 0.0,
      "AdductSwitchLossScorer" : 0.0,
      "MultimereLossScorer" : 0.0
    }
  }, {
    "source" : 18,
    "target" : 22,
    "molecularFormula" : "CH4",
    "score" : 0.3089587881015411,
    "scores" : {
      "StrangeElementLossScorer" : 0.0,
      "LossSizeScorer" : -0.2936749218616779,
      "Loss RDBE" : 0.0,
      "Free Radical" : 0.011626542158820332,
      "PureCarbonNitrogenLossScorer" : 0.0,
      "CommonLossEdgeScorer" : 0.5910071678043987,
      "MS2-Isotopes" : 0.0,
      "PhosphorScorer" : 0.0,
      "AdductSwitchLossScorer" : 0.0,
      "MultimereLossScorer" : 0.0
    }
  }, {
    "source" : 19,
    "target" : 23,
    "molecularFormula" : "CH3",
    "score" : 0.9583063201574926,
    "scores" : {
      "StrangeElementLossScorer" : 0.0,
      "LossSizeScorer" : -0.4948943473067029,
      "Loss RDBE" : 0.0,
      "Free Radical" : -0.09373397349900595,
      "PureCarbonNitrogenLossScorer" : 0.0,
      "CommonLossEdgeScorer" : 1.5469346409632014,
      "MS2-Isotopes" : 0.0,
      "PhosphorScorer" : 0.0,
      "AdductSwitchLossScorer" : 0.0,
      "MultimereLossScorer" : 0.0
    }
  }, {
    "source" : 19,
    "target" : 24,
    "molecularFormula" : "CH4",
    "score" : 0.3088409418610151,
    "scores" : {
      "StrangeElementLossScorer" : 0.0,
      "LossSizeScorer" : -0.2937927681022039,
      "Loss RDBE" : 0.0,
      "Free Radical" : 0.011626542158820332,
      "PureCarbonNitrogenLossScorer" : 0.0,
      "CommonLossEdgeScorer" : 0.5910071678043987,
      "MS2-Isotopes" : 0.0,
      "PhosphorScorer" : 0.0,
      "AdductSwitchLossScorer" : 0.0,
      "MultimereLossScorer" : 0.0
    }
  }, {
    "source" : 19,
    "target" : 25,
    "molecularFormula" : "H3N",
    "score" : 0.3098941529642617,
    "scores" : {
      "StrangeElementLossScorer" : 0.0,
      "LossSizeScorer" : -0.1192631713920651,
      "Loss RDBE" : 0.0,
      "Free Radical" : 0.011626542158820332,
      "PureCarbonNitrogenLossScorer" : 0.0,
      "CommonLossEdgeScorer" : 0.4175307821975065,
      "MS2-Isotopes" : 0.0,
      "PhosphorScorer" : 0.0,
      "AdductSwitchLossScorer" : 0.0,
      "MultimereLossScorer" : 0.0
    }
  }, {
    "source" : 16,
    "target" : 26,
    "molecularFormula" : "H5N2",
    "score" : -2.7470945932206203,
    "scores" : {
      "StrangeElementLossScorer" : 0.0,
      "LossSizeScorer" : 1.0346957792251041,
      "Loss RDBE" : -1.0986122886681098,
      "Free Radical" : 0.011626542158820332,
      "PureCarbonNitrogenLossScorer" : 0.0,
      "CommonLossEdgeScorer" : -2.694804625936435,
      "MS2-Isotopes" : 0.0,
      "PhosphorScorer" : 0.0,
      "AdductSwitchLossScorer" : 0.0,
      "MultimereLossScorer" : 0.0
    }
  }, {
    "source" : 19,
    "target" : 27,
    "molecularFormula" : "C2H2",
    "score" : 0.9973836292723851,
    "scores" : {
      "StrangeElementLossScorer" : 0.0,
      "LossSizeScorer" : 0.7807418699727418,
      "Loss RDBE" : 0.0,
      "Free Radical" : 0.011626542158820332,
      "PureCarbonNitrogenLossScorer" : 0.0,
      "CommonLossEdgeScorer" : 0.20501521714082305,
      "MS2-Isotopes" : 0.0,
      "PhosphorScorer" : 0.0,
      "AdductSwitchLossScorer" : 0.0,
      "MultimereLossScorer" : 0.0
    }
  }, {
    "source" : 20,
    "target" : 28,
    "molecularFormula" : "C2H2",
    "score" : 0.9974159996026822,
    "scores" : {
      "StrangeElementLossScorer" : 0.0,
      "LossSizeScorer" : 0.7807742403030389,
      "Loss RDBE" : 0.0,
      "Free Radical" : 0.011626542158820332,
      "PureCarbonNitrogenLossScorer" : 0.0,
      "CommonLossEdgeScorer" : 0.20501521714082305,
      "MS2-Isotopes" : 0.0,
      "PhosphorScorer" : 0.0,
      "AdductSwitchLossScorer" : 0.0,
      "MultimereLossScorer" : 0.0
    }
  }, {
    "source" : 20,
    "target" : 29,
    "molecularFormula" : "CHN",
    "score" : 0.2279172940634312,
    "scores" : {
      "StrangeElementLossScorer" : 0.0,
      "LossSizeScorer" : 0.8327350782200291,
      "Loss RDBE" : 0.0,
      "Free Radical" : 0.011626542158820332,
      "PureCarbonNitrogenLossScorer" : 0.0,
      "CommonLossEdgeScorer" : -0.6164443263154182,
      "MS2-Isotopes" : 0.0,
      "PhosphorScorer" : 0.0,
      "AdductSwitchLossScorer" : 0.0,
      "MultimereLossScorer" : 0.0
    }
  }, {
    "source" : 21,
    "target" : 30,
    "molecularFormula" : "C2H2",
    "score" : 0.997396622103707,
    "scores" : {
      "StrangeElementLossScorer" : 0.0,
      "LossSizeScorer" : 0.7807548628040637,
      "Loss RDBE" : 0.0,
      "Free Radical" : 0.011626542158820332,
      "PureCarbonNitrogenLossScorer" : 0.0,
      "CommonLossEdgeScorer" : 0.20501521714082305,
      "MS2-Isotopes" : 0.0,
      "PhosphorScorer" : 0.0,
      "AdductSwitchLossScorer" : 0.0,
      "MultimereLossScorer" : 0.0
    }
  }, {
    "source" : 21,
    "target" : 31,
    "molecularFormula" : "CHN",
    "score" : 0.2279038597672952,
    "scores" : {
      "StrangeElementLossScorer" : 0.0,
      "LossSizeScorer" : 0.8327216439238931,
      "Loss RDBE" : 0.0,
      "Free Radical" : 0.011626542158820332,
      "PureCarbonNitrogenLossScorer" : 0.0,
      "CommonLossEdgeScorer" : -0.6164443263154182,
      "MS2-Isotopes" : 0.0,
      "PhosphorScorer" : 0.0,
      "AdductSwitchLossScorer" : 0.0,
      "MultimereLossScorer" : 0.0
    }
  }, {
    "source" : 23,
    "target" : 32,
    "molecularFormula" : "CH3",
    "score" : 0.958261563639591,
    "scores" : {
      "StrangeElementLossScorer" : 0.0,
      "LossSizeScorer" : -0.4949391038246045,
      "Loss RDBE" : 0.0,
      "Free Radical" : -0.09373397349900595,
      "PureCarbonNitrogenLossScorer" : 0.0,
      "CommonLossEdgeScorer" : 1.5469346409632014,
      "MS2-Isotopes" : 0.0,
      "PhosphorScorer" : 0.0,
      "AdductSwitchLossScorer" : 0.0,
      "MultimereLossScorer" : 0.0
    }
  }, {
    "source" : 22,
    "target" : 33,
    "molecularFormula" : "H3N",
    "score" : 0.3099708217886389,
    "scores" : {
      "StrangeElementLossScorer" : 0.0,
      "LossSizeScorer" : -0.11918650256768792,
      "Loss RDBE" : 0.0,
      "Free Radical" : 0.011626542158820332,
      "PureCarbonNitrogenLossScorer" : 0.0,
      "CommonLossEdgeScorer" : 0.4175307821975065,
      "MS2-Isotopes" : 0.0,
      "PhosphorScorer" : 0.0,
      "AdductSwitchLossScorer" : 0.0,
      "MultimereLossScorer" : 0.0
    }
  }, {
    "source" : 22,
    "target" : 34,
    "molecularFormula" : "C2H2",
    "score" : 0.9973665270241329,
    "scores" : {
      "StrangeElementLossScorer" : 0.0,
      "LossSizeScorer" : 0.7807247677244895,
      "Loss RDBE" : 0.0,
      "Free Radical" : 0.011626542158820332,
      "PureCarbonNitrogenLossScorer" : 0.0,
      "CommonLossEdgeScorer" : 0.20501521714082305,
      "MS2-Isotopes" : 0.0,
      "PhosphorScorer" : 0.0,
      "AdductSwitchLossScorer" : 0.0,
      "MultimereLossScorer" : 0.0
    }
  }, {
    "source" : 22,
    "target" : 35,
    "molecularFormula" : "CHN",
    "score" : 0.22790694871602046,
    "scores" : {
      "StrangeElementLossScorer" : 0.0,
      "LossSizeScorer" : 0.8327247328726184,
      "Loss RDBE" : 0.0,
      "Free Radical" : 0.011626542158820332,
      "PureCarbonNitrogenLossScorer" : 0.0,
      "CommonLossEdgeScorer" : -0.6164443263154182,
      "MS2-Isotopes" : 0.0,
      "PhosphorScorer" : 0.0,
      "AdductSwitchLossScorer" : 0.0,
      "MultimereLossScorer" : 0.0
    }
  }, {
    "source" : 16,
    "target" : 36,
    "molecularFormula" : "C4H8",
    "score" : -1.1954939846288226,
    "scores" : {
      "StrangeElementLossScorer" : 0.0,
      "LossSizeScorer" : 0.946561457272205,
      "Loss RDBE" : 0.0,
      "Free Radical" : -0.09373397349900595,
      "PureCarbonNitrogenLossScorer" : 0.0,
      "CommonLossEdgeScorer" : -2.0483214684020217,
      "MS2-Isotopes" : 0.0,
      "PhosphorScorer" : 0.0,
      "AdductSwitchLossScorer" : 0.0,
      "MultimereLossScorer" : 0.0
    }
  }, {
    "source" : 25,
    "target" : 37,
    "molecularFormula" : "C2H2",
    "score" : 0.9973949563771033,
    "scores" : {
      "StrangeElementLossScorer" : 0.0,
      "LossSizeScorer" : 0.7807531970774599,
      "Loss RDBE" : 0.0,
      "Free Radical" : 0.011626542158820332,
      "PureCarbonNitrogenLossScorer" : 0.0,
      "CommonLossEdgeScorer" : 0.20501521714082305,
      "MS2-Isotopes" : 0.0,
      "PhosphorScorer" : 0.0,
      "AdductSwitchLossScorer" : 0.0,
      "MultimereLossScorer" : 0.0
    }
  }, {
    "source" : 28,
    "target" : 38,
    "molecularFormula" : "C2H2",
    "score" : 0.9973669157188244,
    "scores" : {
      "StrangeElementLossScorer" : 0.0,
      "LossSizeScorer" : 0.780725156419181,
      "Loss RDBE" : 0.0,
      "Free Radical" : 0.011626542158820332,
      "PureCarbonNitrogenLossScorer" : 0.0,
      "CommonLossEdgeScorer" : 0.20501521714082305,
      "MS2-Isotopes" : 0.0,
      "PhosphorScorer" : 0.0,
      "AdductSwitchLossScorer" : 0.0,
      "MultimereLossScorer" : 0.0
    }
  }, {
    "source" : 29,
    "target" : 39,
    "molecularFormula" : "C2H2",
    "score" : 0.997369469989852,
    "scores" : {
      "StrangeElementLossScorer" : 0.0,
      "LossSizeScorer" : 0.7807277106902086,
      "Loss RDBE" : 0.0,
      "Free Radical" : 0.011626542158820332,
      "PureCarbonNitrogenLossScorer" : 0.0,
      "CommonLossEdgeScorer" : 0.20501521714082305,
      "MS2-Isotopes" : 0.0,
      "PhosphorScorer" : 0.0,
      "AdductSwitchLossScorer" : 0.0,
      "MultimereLossScorer" : 0.0
    }
  }, {
    "source" : 31,
    "target" : 40,
    "molecularFormula" : "C2H2",
    "score" : 0.997402230004545,
    "scores" : {
      "StrangeElementLossScorer" : 0.0,
      "LossSizeScorer" : 0.7807604707049016,
      "Loss RDBE" : 0.0,
      "Free Radical" : 0.011626542158820332,
      "PureCarbonNitrogenLossScorer" : 0.0,
      "CommonLossEdgeScorer" : 0.20501521714082305,
      "MS2-Isotopes" : 0.0,
      "PhosphorScorer" : 0.0,
      "AdductSwitchLossScorer" : 0.0,
      "MultimereLossScorer" : 0.0
    }
  }, {
    "source" : 33,
    "target" : 41,
    "molecularFormula" : "C2H2",
    "score" : 0.9973837958495247,
    "scores" : {
      "StrangeElementLossScorer" : 0.0,
      "LossSizeScorer" : 0.7807420365498814,
      "Loss RDBE" : 0.0,
      "Free Radical" : 0.011626542158820332,
      "PureCarbonNitrogenLossScorer" : 0.0,
      "CommonLossEdgeScorer" : 0.20501521714082305,
      "MS2-Isotopes" : 0.0,
      "PhosphorScorer" : 0.0,
      "AdductSwitchLossScorer" : 0.0,
      "MultimereLossScorer" : 0.0
    }
  }, {
    "source" : 16,
    "target" : 42,
    "molecularFormula" : "C6H4",
    "score" : -2.1936772536718268,
    "scores" : {
      "StrangeElementLossScorer" : 0.0,
      "LossSizeScorer" : 0.48950083010578815,
      "Loss RDBE" : 0.0,
      "Free Radical" : 0.011626542158820332,
      "PureCarbonNitrogenLossScorer" : 0.0,
      "CommonLossEdgeScorer" : -2.694804625936435,
      "MS2-Isotopes" : 0.0,
      "PhosphorScorer" : 0.0,
      "AdductSwitchLossScorer" : 0.0,
      "MultimereLossScorer" : 0.0
    }
  }, {
    "source" : 35,
    "target" : 43,
    "molecularFormula" : "C2H2",
    "score" : 0.9973786874558451,
    "scores" : {
      "StrangeElementLossScorer" : 0.0,
      "LossSizeScorer" : 0.7807369281562018,
      "Loss RDBE" : 0.0,
      "Free Radical" : 0.011626542158820332,
      "PureCarbonNitrogenLossScorer" : 0.0,
      "CommonLossEdgeScorer" : 0.20501521714082305,
      "MS2-Isotopes" : 0.0,
      "PhosphorScorer" : 0.0,
      "AdductSwitchLossScorer" : 0.0,
      "MultimereLossScorer" : 0.0
    }
  }, {
    "source" : 19,
    "target" : 44,
    "molecularFormula" : "C6H2",
    "score" : -2.141433079040798,
    "scores" : {
      "StrangeElementLossScorer" : 0.0,
      "LossSizeScorer" : 0.5417450047368169,
      "Loss RDBE" : 0.0,
      "Free Radical" : 0.011626542158820332,
      "PureCarbonNitrogenLossScorer" : 0.0,
      "CommonLossEdgeScorer" : -2.694804625936435,
      "MS2-Isotopes" : 0.0,
      "PhosphorScorer" : 0.0,
      "AdductSwitchLossScorer" : 0.0,
      "MultimereLossScorer" : 0.0
    }
  }, {
    "source" : 44,
    "target" : 45,
    "molecularFormula" : "H2",
    "score" : -0.5924357220832004,
    "scores" : {
      "StrangeElementLossScorer" : 0.0,
      "LossSizeScorer" : -13.382796067012727,
      "Loss RDBE" : 0.0,
      "Free Radical" : 0.011626542158820332,
      "PureCarbonNitrogenLossScorer" : 0.0,
      "CommonLossEdgeScorer" : 12.778733802770706,
      "MS2-Isotopes" : 0.0,
      "PhosphorScorer" : 0.0,
      "AdductSwitchLossScorer" : 0.0,
      "MultimereLossScorer" : 0.0
    }
  }, {
    "source" : 39,
    "target" : 46,
    "molecularFormula" : "C2H2",
    "score" : 0.997385128464409,
    "scores" : {
      "StrangeElementLossScorer" : 0.0,
      "LossSizeScorer" : 0.7807433691647656,
      "Loss RDBE" : 0.0,
      "Free Radical" : 0.011626542158820332,
      "PureCarbonNitrogenLossScorer" : 0.0,
      "CommonLossEdgeScorer" : 0.20501521714082305,
      "MS2-Isotopes" : 0.0,
      "PhosphorScorer" : 0.0,
      "AdductSwitchLossScorer" : 0.0,
      "MultimereLossScorer" : 0.0
    }
  }, {
    "source" : 42,
    "target" : 47,
    "molecularFormula" : "CHN",
    "score" : 0.22788557072531035,
    "scores" : {
      "StrangeElementLossScorer" : 0.0,
      "LossSizeScorer" : 0.8327033548819083,
      "Loss RDBE" : 0.0,
      "Free Radical" : 0.011626542158820332,
      "PureCarbonNitrogenLossScorer" : 0.0,
      "CommonLossEdgeScorer" : -0.6164443263154182,
      "MS2-Isotopes" : 0.0,
      "PhosphorScorer" : 0.0,
      "AdductSwitchLossScorer" : 0.0,
      "MultimereLossScorer" : 0.0
    }
  }, {
    "source" : 44,
    "target" : 48,
    "molecularFormula" : "CH4",
    "score" : 0.3088639142266897,
    "scores" : {
      "StrangeElementLossScorer" : 0.0,
      "LossSizeScorer" : -0.2937697957365293,
      "Loss RDBE" : 0.0,
      "Free Radical" : 0.011626542158820332,
      "PureCarbonNitrogenLossScorer" : 0.0,
      "CommonLossEdgeScorer" : 0.5910071678043987,
      "MS2-Isotopes" : 0.0,
      "PhosphorScorer" : 0.0,
      "AdductSwitchLossScorer" : 0.0,
      "MultimereLossScorer" : 0.0
    }
  } ]
}