{
  "molecularFormula" : "C12H20BN3O3",
  "root" : "C12H20BN3O3",
  "annotations" : {
    "recalibration" : {
      "merged" : "1.0000053324775335x + -5.225649766131824E-4"
    },
    "nodeBoost" : 0.0,
    "numberOfUnconsideredCandidates" : 0,
    "lowestConsideredCandidateScore" : 116.98403776748073,
    "statistics" : {
      "explainedIntensity" : 0.9777933086247681,
      "explainedIntensityOfExplainablePeaks" : 0.9777933086247681,
      "ratioOfExplainedPeaks" : 0.9137931034482759
    },
    "precursorIonType" : "[M + H]+"
  },
  "fragments" : [ {
    "id" : 0,
    "molecularFormula" : "C12H20BN3O3",
    "massDeviation" : "-3.028066761016666 ppm (-8.029520905665777E-4 m/z)",
    "recalibratedMassDeviation" : "0.3337296376565995 ppm (8.849534447108454E-5 m/z)",
    "score" : -0.8811978241246439,
    "scores" : {
      "Chemical Prior" : 1.0,
      "MS-Isotopes" : 0.0,
      "Mass Deviation" : -0.2717599116905436,
      "CarbohydrogenCompound" : 0.0,
      "motif-search" : 0.0,
      "MS2-Isotopes" : 0.0,
      "PhosphorScorer" : 0.0,
      "BeautificationScorer" : -0.0,
      "IntrinsicallyChargedScorer" : 0.0,
      "StrangeElementRootScorer" : -1.6094379124341003
    },
    "molecularFormula" : "C12H20BN3O3",
    "relativeIntensity" : 1.0,
    "ion" : "[M + H]+",
    "mz" : 265.169877,
    "recalibratedMass" : 265.170768447435,
    "peaks" : [ {
      "intensity" : 4.1282842670876E7,
      "ce" : "35 eV",
      "spectrum" : 0,
      "mz" : 265.169533
    } ],
    "isotopes" : {
      "score" : -57.43333134417205,
      "mz" : [ 265.169877 ],
      "relInt" : [ 1.0 ]
    }
  }, {
    "id" : 1,
    "molecularFormula" : "C12H18BN3O3",
    "massDeviation" : "0.18662725277544198 ppm (4.911190944767441E-5 m/z)",
    "recalibratedMassDeviation" : "3.533324802794157 ppm (9.298154794237234E-4 m/z)",
    "score" : 0.6107020706009527,
    "scores" : {
      "TreeSizeScorer" : -0.5,
      "StrangeElementFragmentScorer" : 0.0,
      "StrangeElementSmallFragmentScorer" : 0.0,
      "Common Fragments" : 0.0,
      "Mass Deviation" : -0.32318601331475727,
      "CarbohydrogenFragment" : 0.0,
      "MS2-Isotopes" : 0.0,
      "FragmentSizeScorer" : 0.0,
      "PhosphorScorer" : 0.0,
      "ClippedPeakIsNoiseScorer" : 1.43388808391571
    },
    "molecularFormula" : "C12H18BN3O3",
    "relativeIntensity" : 0.05101247763654337,
    "ion" : "[M + H]+",
    "mz" : 263.155079,
    "recalibratedMass" : 263.15595970357,
    "peaks" : [ {
      "intensity" : 2105940.088521,
      "ce" : "35 eV",
      "spectrum" : 0,
      "mz" : 263.155079
    } ]
  }, {
    "id" : 2,
    "molecularFormula" : "C11H17BN3O3",
    "massDeviation" : "-4.045058924745289 ppm (-0.0010118560904857077 m/z)",
    "recalibratedMassDeviation" : "-0.8016170865934338 ppm (-2.0052211283427823E-4 m/z)",
    "score" : 0.18979993373646348,
    "scores" : {
      "TreeSizeScorer" : -0.5,
      "StrangeElementFragmentScorer" : 0.0,
      "StrangeElementSmallFragmentScorer" : 0.0,
      "Common Fragments" : 0.0,
      "Mass Deviation" : -0.06602373639704866,
      "CarbohydrogenFragment" : 0.0,
      "MS2-Isotopes" : 0.0,
      "FragmentSizeScorer" : 0.0,
      "PhosphorScorer" : 0.0,
      "ClippedPeakIsNoiseScorer" : 0.7558236701335121
    },
    "molecularFormula" : "C11H17BN3O3",
    "relativeIntensity" : 0.012514550082968822,
    "ion" : "[M + H]+",
    "mz" : 250.146193,
    "recalibratedMass" : 250.14700433397766,
    "peaks" : [ {
      "intensity" : 516636.202172,
      "ce" : "35 eV",
      "spectrum" : 0,
      "mz" : 250.146193
    } ]
  }, {
    "id" : 3,
    "molecularFormula" : "C11H15BN3O3",
    "massDeviation" : "-5.717935408315093 ppm (-0.0014187920905044393 m/z)",
    "recalibratedMassDeviation" : "-2.4914615647392644 ppm (-6.182086915202945E-4 m/z)",
    "score" : -0.14956563972609604,
    "scores" : {
      "TreeSizeScorer" : -0.5,
      "StrangeElementFragmentScorer" : 0.0,
      "StrangeElementSmallFragmentScorer" : 0.0,
      "Common Fragments" : 0.0,
      "Mass Deviation" : -0.2190921105321052,
      "CarbohydrogenFragment" : 0.0,
      "MS2-Isotopes" : 0.0,
      "FragmentSizeScorer" : 0.0,
      "PhosphorScorer" : 0.0,
      "ClippedPeakIsNoiseScorer" : 0.5695264708060092
    },
    "molecularFormula" : "C11H15BN3O3",
    "relativeIntensity" : 0.008141078308376782,
    "ion" : "[M + H]+",
    "mz" : 248.130136,
    "recalibratedMass" : 248.13093658339898,
    "peaks" : [ {
      "intensity" : 336086.854976,
      "ce" : "35 eV",
      "spectrum" : 0,
      "mz" : 248.130136
    } ]
  }, {
    "id" : 4,
    "molecularFormula" : "C11H15BN2O3",
    "massDeviation" : "-5.6712434825329305 ppm (-0.0013277920905352403 m/z)",
    "recalibratedMassDeviation" : "-2.5707288109931246 ppm (-6.018792837778619E-4 m/z)",
    "score" : 0.015013144501947823,
    "scores" : {
      "TreeSizeScorer" : -0.5,
      "StrangeElementFragmentScorer" : 0.0,
      "StrangeElementSmallFragmentScorer" : 0.0,
      "Common Fragments" : 0.0,
      "Mass Deviation" : -0.22674689565713443,
      "CarbohydrogenFragment" : 0.0,
      "MS2-Isotopes" : 0.0,
      "FragmentSizeScorer" : 0.0,
      "PhosphorScorer" : 0.0,
      "ClippedPeakIsNoiseScorer" : 0.7417600401590823
    },
    "molecularFormula" : "C11H15BN2O3",
    "relativeIntensity" : 0.012121951911297033,
    "ion" : "[M + H]+",
    "mz" : 234.127153,
    "recalibratedMass" : 234.12787891280675,
    "peaks" : [ {
      "intensity" : 500428.633618,
      "ce" : "35 eV",
      "spectrum" : 0,
      "mz" : 234.127153
    } ]
  }, {
    "id" : 5,
    "molecularFormula" : "C10H15BN2O3",
    "massDeviation" : "-4.1363263624001005 ppm (-9.187920905162628E-4 m/z)",
    "recalibratedMassDeviation" : "-1.156389893387427 ppm (-2.5686683318326686E-4 m/z)",
    "score" : 0.43476463980502755,
    "scores" : {
      "TreeSizeScorer" : -0.5,
      "StrangeElementFragmentScorer" : 0.0,
      "StrangeElementSmallFragmentScorer" : 0.0,
      "Common Fragments" : 0.0,
      "Mass Deviation" : -0.09657845645915851,
      "CarbohydrogenFragment" : 0.0,
      "MS2-Isotopes" : 0.0,
      "FragmentSizeScorer" : 0.0,
      "PhosphorScorer" : 0.0,
      "ClippedPeakIsNoiseScorer" : 1.031343096264186
    },
    "molecularFormula" : "C10H15BN2O3",
    "relativeIntensity" : 0.02288245392971518,
    "ion" : "[M + H]+",
    "mz" : 222.127562,
    "recalibratedMass" : 222.12822392525734,
    "peaks" : [ {
      "intensity" : 944652.745504,
      "ce" : "35 eV",
      "spectrum" : 0,
      "mz" : 222.127562
    } ]
  }, {
    "id" : 6,
    "molecularFormula" : "C10H13BN2O3",
    "massDeviation" : "-4.80541352292641 ppm (-0.0010577280905295083 m/z)",
    "recalibratedMassDeviation" : "-1.8470196958901735 ppm (-4.0655198276340343E-4 m/z)",
    "score" : 0.13976505597481217,
    "scores" : {
      "TreeSizeScorer" : -0.5,
      "StrangeElementFragmentScorer" : 0.0,
      "StrangeElementSmallFragmentScorer" : 0.0,
      "Common Fragments" : 0.0,
      "Mass Deviation" : -0.15845332147018584,
      "CarbohydrogenFragment" : 0.0,
      "MS2-Isotopes" : 0.0,
      "FragmentSizeScorer" : 0.0,
      "PhosphorScorer" : 0.0,
      "ClippedPeakIsNoiseScorer" : 0.798218377444998
    },
    "molecularFormula" : "C10H13BN2O3",
    "relativeIntensity" : 0.013768352467985193,
    "ion" : "[M + H]+",
    "mz" : 220.111773,
    "recalibratedMass" : 220.11242417610777,
    "peaks" : [ {
      "intensity" : 568396.728773,
      "ce" : "35 eV",
      "spectrum" : 0,
      "mz" : 220.111773
    } ]
  }, {
    "id" : 7,
    "molecularFormula" : "C10H11BN2O3",
    "massDeviation" : "0.8268596586848456 ppm (1.8033590947652556E-4 m/z)",
    "recalibratedMassDeviation" : "3.7633091780388526 ppm (8.207702105096359E-4 m/z)",
    "score" : -0.25097771061481283,
    "scores" : {
      "TreeSizeScorer" : -0.5,
      "StrangeElementFragmentScorer" : 0.0,
      "StrangeElementSmallFragmentScorer" : 0.0,
      "Common Fragments" : 0.0,
      "Mass Deviation" : -0.34719021399017785,
      "CarbohydrogenFragment" : 0.0,
      "MS2-Isotopes" : 0.0,
      "FragmentSizeScorer" : 0.0,
      "PhosphorScorer" : 0.0,
      "ClippedPeakIsNoiseScorer" : 0.596212503375365
    },
    "molecularFormula" : "C10H11BN2O3",
    "relativeIntensity" : 0.00866691053798035,
    "ion" : "[M + H]+",
    "mz" : 218.097361,
    "recalibratedMass" : 218.09800143430104,
    "peaks" : [ {
      "intensity" : 357794.704182,
      "ce" : "35 eV",
      "spectrum" : 0,
      "mz" : 218.097361
    } ]
  }, {
    "id" : 8,
    "molecularFormula" : "C9H13BN2O3",
    "massDeviation" : "-3.352654554402776 ppm (-6.977280905289263E-4 m/z)",
    "recalibratedMassDeviation" : "-0.5311534699463059 ppm (-1.105397934679786E-4 m/z)",
    "score" : 1.6405828897703063,
    "scores" : {
      "TreeSizeScorer" : -0.5,
      "StrangeElementFragmentScorer" : 0.0,
      "StrangeElementSmallFragmentScorer" : 0.0,
      "Common Fragments" : 0.0,
      "Mass Deviation" : -0.043283350777493575,
      "CarbohydrogenFragment" : 0.0,
      "MS2-Isotopes" : 0.0,
      "FragmentSizeScorer" : 0.0,
      "PhosphorScorer" : 0.0,
      "ClippedPeakIsNoiseScorer" : 2.1838662405478
    },
    "molecularFormula" : "C9H13BN2O3",
    "relativeIntensity" : 0.16926604244667737,
    "ion" : "[M + H]+",
    "mz" : 208.112133,
    "recalibratedMass" : 208.11272018829706,
    "peaks" : [ {
      "intensity" : 6987783.399848,
      "ce" : "35 eV",
      "spectrum" : 0,
      "mz" : 208.112133
    } ]
  }, {
    "id" : 9,
    "molecularFormula" : "C9H12BN2O3",
    "massDeviation" : "-6.531493147987109 ppm (-0.0013526960904926 m/z)",
    "recalibratedMassDeviation" : "-3.7222101763070494 ppm (-7.708854903683005E-4 m/z)",
    "score" : -0.0859197754044353,
    "scores" : {
      "TreeSizeScorer" : -0.5,
      "StrangeElementFragmentScorer" : 0.0,
      "StrangeElementSmallFragmentScorer" : 0.0,
      "Common Fragments" : 0.0,
      "Mass Deviation" : -0.3428730599766384,
      "CarbohydrogenFragment" : 0.0,
      "MS2-Isotopes" : 0.0,
      "FragmentSizeScorer" : 0.0,
      "PhosphorScorer" : 0.0,
      "ClippedPeakIsNoiseScorer" : 0.7569532845722031
    },
    "molecularFormula" : "C9H12BN2O3",
    "relativeIntensity" : 0.012546576660245506,
    "ion" : "[M + H]+",
    "mz" : 207.103653,
    "recalibratedMass" : 207.10423481060013,
    "peaks" : [ {
      "intensity" : 517958.350323,
      "ce" : "35 eV",
      "spectrum" : 0,
      "mz" : 207.103653
    } ]
  }, {
    "id" : 10,
    "molecularFormula" : "C9H11BN2O3",
    "massDeviation" : "-5.088227907734407 ppm (-0.001048664090518514 m/z)",
    "recalibratedMassDeviation" : "-2.291283917520549 ppm (-4.7222607349795E-4 m/z)",
    "score" : 0.3338795003261309,
    "scores" : {
      "TreeSizeScorer" : -0.5,
      "StrangeElementFragmentScorer" : 0.0,
      "StrangeElementSmallFragmentScorer" : 0.0,
      "Common Fragments" : 0.0,
      "Mass Deviation" : -0.19995313113073357,
      "CarbohydrogenFragment" : 0.0,
      "MS2-Isotopes" : 0.0,
      "FragmentSizeScorer" : 0.0,
      "PhosphorScorer" : 0.0,
      "ClippedPeakIsNoiseScorer" : 1.0338326314568644
    },
    "molecularFormula" : "C9H11BN2O3",
    "relativeIntensity" : 0.0230031755160103,
    "ion" : "[M + H]+",
    "mz" : 206.096132,
    "recalibratedMass" : 206.09670843801703,
    "peaks" : [ {
      "intensity" : 949636.475758,
      "ce" : "35 eV",
      "spectrum" : 0,
      "mz" : 206.096132
    } ]
  }, {
    "id" : 11,
    "molecularFormula" : "C9H10BN2O3",
    "massDeviation" : "-6.307690842064502 ppm (-0.0012936320904941567 m/z)",
    "recalibratedMassDeviation" : "-3.523206397686807 ppm (-7.225695840986646E-4 m/z)",
    "score" : -0.45422779257517154,
    "scores" : {
      "TreeSizeScorer" : -0.5,
      "StrangeElementFragmentScorer" : 0.0,
      "StrangeElementSmallFragmentScorer" : 0.0,
      "Common Fragments" : 0.0,
      "Mass Deviation" : -0.32213852156007955,
      "CarbohydrogenFragment" : 0.0,
      "MS2-Isotopes" : 0.0,
      "FragmentSizeScorer" : 0.0,
      "PhosphorScorer" : 0.0,
      "ClippedPeakIsNoiseScorer" : 0.367910728984908
    },
    "molecularFormula" : "C9H10BN2O3",
    "relativeIntensity" : 0.0050232617947430615,
    "ion" : "[M + H]+",
    "mz" : 205.088062,
    "recalibratedMass" : 205.0886330625064,
    "peaks" : [ {
      "intensity" : 207374.526367,
      "ce" : "35 eV",
      "spectrum" : 0,
      "mz" : 205.088062
    } ]
  }, {
    "id" : 12,
    "molecularFormula" : "C9H9BN2O3",
    "massDeviation" : "-2.070745767072779 ppm (-4.226000905305227E-4 m/z)",
    "recalibratedMassDeviation" : "0.7011548548273704 ppm (1.430928562911049E-4 m/z)",
    "score" : 0.32170174969623383,
    "scores" : {
      "TreeSizeScorer" : -0.5,
      "StrangeElementFragmentScorer" : 0.0,
      "StrangeElementSmallFragmentScorer" : 0.0,
      "Common Fragments" : 0.0,
      "Mass Deviation" : -0.05752134173344487,
      "CarbohydrogenFragment" : 0.0,
      "MS2-Isotopes" : 0.0,
      "FragmentSizeScorer" : 0.0,
      "PhosphorScorer" : 0.0,
      "ClippedPeakIsNoiseScorer" : 0.8792230914296787
    },
    "molecularFormula" : "C9H9BN2O3",
    "relativeIntensity" : 0.0164813213362122,
    "ion" : "[M + H]+",
    "mz" : 204.081108,
    "recalibratedMass" : 204.08167369294682,
    "peaks" : [ {
      "intensity" : 680395.795731,
      "ce" : "35 eV",
      "spectrum" : 0,
      "mz" : 204.081108
    } ]
  }, {
    "id" : 13,
    "molecularFormula" : "C8H11BN2O3",
    "massDeviation" : "0.28509375310981455 ppm (5.5335909479481415E-5 m/z)",
    "recalibratedMassDeviation" : "2.92527908064292 ppm (5.677900831528859E-4 m/z)",
    "score" : -0.023866764752215053,
    "scores" : {
      "TreeSizeScorer" : -0.5,
      "StrangeElementFragmentScorer" : 0.0,
      "StrangeElementSmallFragmentScorer" : 0.0,
      "Common Fragments" : 0.0,
      "Mass Deviation" : -0.2529704632717721,
      "CarbohydrogenFragment" : 0.0,
      "MS2-Isotopes" : 0.0,
      "FragmentSizeScorer" : 0.059027639999999826,
      "PhosphorScorer" : 0.0,
      "ClippedPeakIsNoiseScorer" : 0.6700760585195572
    },
    "molecularFormula" : "C8H11BN2O3",
    "relativeIntensity" : 0.010288641465202357,
    "ion" : "[M + H]+",
    "mz" : 194.097236,
    "recalibratedMass" : 194.09774845417368,
    "peaks" : [ {
      "intensity" : 424744.366905,
      "ce" : "35 eV",
      "spectrum" : 0,
      "mz" : 194.097236
    } ]
  }, {
    "id" : 14,
    "molecularFormula" : "C8H10BN2O3",
    "massDeviation" : "-0.013631463737638176 ppm (-2.632090513543517E-6 m/z)",
    "recalibratedMassDeviation" : "2.6125016067770312 ppm (5.044475697104644E-4 m/z)",
    "score" : 0.8666305019749174,
    "scores" : {
      "TreeSizeScorer" : -0.5,
      "StrangeElementFragmentScorer" : 0.0,
      "StrangeElementSmallFragmentScorer" : 0.0,
      "Common Fragments" : 0.0,
      "Mass Deviation" : -0.2220590213822873,
      "CarbohydrogenFragment" : 0.0,
      "MS2-Isotopes" : 0.0,
      "FragmentSizeScorer" : 0.06910647000000014,
      "PhosphorScorer" : 0.0,
      "ClippedPeakIsNoiseScorer" : 1.5195830533572046
    },
    "molecularFormula" : "C8H10BN2O3",
    "relativeIntensity" : 0.05969271750466184,
    "ion" : "[M + H]+",
    "mz" : 193.089353,
    "recalibratedMass" : 193.0898600796602,
    "peaks" : [ {
      "intensity" : 2464285.065342,
      "ce" : "35 eV",
      "spectrum" : 0,
      "mz" : 193.089353
    } ]
  }, {
    "id" : 15,
    "molecularFormula" : "C8H9BN2O3",
    "massDeviation" : "-4.1888642722664615 ppm (-8.046000905324036E-4 m/z)",
    "recalibratedMassDeviation" : "-1.5769313574746155 ppm (-3.028989111442115E-4 m/z)",
    "score" : 0.37400411027987424,
    "scores" : {
      "TreeSizeScorer" : -0.5,
      "StrangeElementFragmentScorer" : 0.0,
      "StrangeElementSmallFragmentScorer" : 0.0,
      "Common Fragments" : 0.0,
      "Mass Deviation" : -0.1282639421036392,
      "CarbohydrogenFragment" : 0.0,
      "MS2-Isotopes" : 0.0,
      "FragmentSizeScorer" : 0.0791927400000001,
      "PhosphorScorer" : 0.0,
      "ClippedPeakIsNoiseScorer" : 0.9230753123835134
    },
    "molecularFormula" : "C8H9BN2O3",
    "relativeIntensity" : 0.01814030347881829,
    "ion" : "[M + H]+",
    "mz" : 192.080726,
    "recalibratedMass" : 192.0812277011794,
    "peaks" : [ {
      "intensity" : 748883.294518,
      "ce" : "35 eV",
      "spectrum" : 0,
      "mz" : 192.080726
    } ]
  }, {
    "id" : 16,
    "molecularFormula" : "C8H10BNO3",
    "massDeviation" : "-2.873662710048121 ppm (-5.146320905282664E-4 m/z)",
    "recalibratedMassDeviation" : "-0.459143352878904 ppm (-8.22262380495431E-5 m/z)",
    "score" : 0.4799688495782945,
    "scores" : {
      "TreeSizeScorer" : -0.5,
      "StrangeElementFragmentScorer" : 0.0,
      "StrangeElementSmallFragmentScorer" : 0.0,
      "Common Fragments" : 0.0,
      "Mass Deviation" : -0.03334406987926367,
      "CarbohydrogenFragment" : 0.0,
      "MS2-Isotopes" : 0.0,
      "FragmentSizeScorer" : 0.20914232999999993,
      "PhosphorScorer" : 0.0,
      "ClippedPeakIsNoiseScorer" : 0.8041705894575583
    },
    "molecularFormula" : "C8H10BNO3",
    "relativeIntensity" : 0.013953143025549727,
    "ion" : "[M + H]+",
    "mz" : 179.085767,
    "recalibratedMass" : 179.08619940585248,
    "peaks" : [ {
      "intensity" : 576025.408288,
      "ce" : "35 eV",
      "spectrum" : 0,
      "mz" : 179.085767
    } ]
  }, {
    "id" : 17,
    "molecularFormula" : "C8H9BNO3",
    "massDeviation" : "-5.315663333988377 ppm (-9.466000905149485E-4 m/z)",
    "recalibratedMassDeviation" : "-2.917659281684933 ppm (-5.195707458369725E-4 m/z)",
    "score" : 0.733708125333558,
    "scores" : {
      "TreeSizeScorer" : -0.5,
      "StrangeElementFragmentScorer" : 0.0,
      "StrangeElementSmallFragmentScorer" : 0.0,
      "Common Fragments" : 0.0,
      "Mass Deviation" : -0.22937626638414083,
      "CarbohydrogenFragment" : 0.0,
      "MS2-Isotopes" : 0.0,
      "FragmentSizeScorer" : 0.21922490000000017,
      "PhosphorScorer" : 0.0,
      "ClippedPeakIsNoiseScorer" : 1.2438594917176986
    },
    "molecularFormula" : "C8H9BNO3",
    "relativeIntensity" : 0.03538433540863051,
    "ion" : "[M + H]+",
    "mz" : 178.07751,
    "recalibratedMass" : 178.07793702934467,
    "peaks" : [ {
      "intensity" : 1460765.951688,
      "ce" : "35 eV",
      "spectrum" : 0,
      "mz" : 178.07751
    } ]
  }, {
    "id" : 18,
    "molecularFormula" : "C12H13N",
    "massDeviation" : "-0.17934881044165918 ppm (-3.0868090533431314E-5 m/z)",
    "recalibratedMassDeviation" : "2.116933241939858 ppm (3.643505460502183E-4 m/z)",
    "score" : 0.0061230756438898915,
    "scores" : {
      "TreeSizeScorer" : -0.5,
      "StrangeElementFragmentScorer" : 0.0,
      "StrangeElementSmallFragmentScorer" : 0.0,
      "Common Fragments" : 0.01947412258652781,
      "Mass Deviation" : -0.15613327006812192,
      "CarbohydrogenFragment" : 0.0,
      "MS2-Isotopes" : 0.0,
      "FragmentSizeScorer" : 0.2788795500000001,
      "PhosphorScorer" : 0.0,
      "ClippedPeakIsNoiseScorer" : 0.3639026731254839
    },
    "molecularFormula" : "C12H13N",
    "relativeIntensity" : 0.004974430553685571,
    "ion" : "[M + H]+",
    "mz" : 172.112045,
    "recalibratedMass" : 172.11244021863658,
    "peaks" : [ {
      "intensity" : 205358.633925,
      "ce" : "35 eV",
      "spectrum" : 0,
      "mz" : 172.112045
    } ]
  }, {
    "id" : 19,
    "molecularFormula" : "C7H9BNO3",
    "massDeviation" : "-4.4232307720970825 ppm (-7.346000905101846E-4 m/z)",
    "recalibratedMassDeviation" : "-2.237256924417432 ppm (-3.7155934575139327E-4 m/z)",
    "score" : 0.1191831957615338,
    "scores" : {
      "TreeSizeScorer" : -0.5,
      "StrangeElementFragmentScorer" : 0.0,
      "StrangeElementSmallFragmentScorer" : 0.0,
      "Common Fragments" : 0.0,
      "Mass Deviation" : -0.15944419579200697,
      "CarbohydrogenFragment" : 0.0,
      "MS2-Isotopes" : 0.0,
      "FragmentSizeScorer" : 0.33922278000000006,
      "PhosphorScorer" : 0.0,
      "ClippedPeakIsNoiseScorer" : 0.4394046115535407
    },
    "molecularFormula" : "C7H9BNO3",
    "relativeIntensity" : 0.005972983148153147,
    "ion" : "[M + H]+",
    "mz" : 166.077722,
    "recalibratedMass" : 166.07808504074475,
    "peaks" : [ {
      "intensity" : 246581.723581,
      "ce" : "35 eV",
      "spectrum" : 0,
      "mz" : 166.077722
    } ]
  }, {
    "id" : 20,
    "molecularFormula" : "C7H8BNO3",
    "massDeviation" : "-3.3232435614780322 ppm (-5.485680905223944E-4 m/z)",
    "recalibratedMassDeviation" : "-1.1564793631347692 ppm (-1.909005580955636E-4 m/z)",
    "score" : 0.993801096391185,
    "scores" : {
      "TreeSizeScorer" : -0.5,
      "StrangeElementFragmentScorer" : 0.0,
      "StrangeElementSmallFragmentScorer" : 0.0,
      "Common Fragments" : 0.0,
      "Mass Deviation" : -0.07908954884751561,
      "CarbohydrogenFragment" : 0.0,
      "MS2-Isotopes" : 0.0,
      "FragmentSizeScorer" : 0.3492991699999999,
      "PhosphorScorer" : 0.0,
      "ClippedPeakIsNoiseScorer" : 1.2235914752387007
    },
    "molecularFormula" : "C7H8BNO3",
    "relativeIntensity" : 0.03398388092968575,
    "ion" : "[M + H]+",
    "mz" : 165.070083,
    "recalibratedMass" : 165.07044066753244,
    "peaks" : [ {
      "intensity" : 1402951.209766,
      "ce" : "35 eV",
      "spectrum" : 0,
      "mz" : 165.070083
    } ]
  }, {
    "id" : 21,
    "molecularFormula" : "C10H12N2",
    "massDeviation" : "-3.2204479959762566 ppm (-5.188360905208356E-4 m/z)",
    "recalibratedMassDeviation" : "-1.13156152349551 ppm (-1.8230264365115545E-4 m/z)",
    "score" : 2.170028129182749,
    "scores" : {
      "TreeSizeScorer" : -0.5,
      "StrangeElementFragmentScorer" : 0.0,
      "StrangeElementSmallFragmentScorer" : 0.0,
      "Common Fragments" : 1.391100725401066,
      "Mass Deviation" : -0.07540011831990427,
      "CarbohydrogenFragment" : 0.0,
      "MS2-Isotopes" : 0.0,
      "FragmentSizeScorer" : 0.38893194,
      "PhosphorScorer" : 0.0,
      "ClippedPeakIsNoiseScorer" : 0.965395582101587
    },
    "molecularFormula" : "C10H12N2",
    "relativeIntensity" : 0.01987963877606168,
    "ion" : "[M + H]+",
    "mz" : 161.106806,
    "recalibratedMass" : 161.10714253344688,
    "peaks" : [ {
      "intensity" : 820687.999946,
      "ce" : "35 eV",
      "spectrum" : 0,
      "mz" : 161.106806
    } ]
  }, {
    "id" : 22,
    "molecularFormula" : "C11H11N",
    "massDeviation" : "1.949413512037653 ppm (3.0819590946862263E-4 m/z)",
    "recalibratedMassDeviation" : "3.9765333838476624 ppm (6.286782150368708E-4 m/z)",
    "score" : 0.5735958847868008,
    "scores" : {
      "TreeSizeScorer" : -0.5,
      "StrangeElementFragmentScorer" : 0.0,
      "StrangeElementSmallFragmentScorer" : 0.0,
      "Common Fragments" : 0.0,
      "Mass Deviation" : -0.2833401802849747,
      "CarbohydrogenFragment" : 0.0,
      "MS2-Isotopes" : 0.0,
      "FragmentSizeScorer" : 0.41903266000000006,
      "PhosphorScorer" : 0.0,
      "ClippedPeakIsNoiseScorer" : 0.9379034050717754
    },
    "molecularFormula" : "C11H11N",
    "relativeIntensity" : 0.018733800239938498,
    "ion" : "[M + H]+",
    "mz" : 158.096734,
    "recalibratedMass" : 158.09705448230557,
    "peaks" : [ {
      "intensity" : 773384.527933,
      "ce" : "35 eV",
      "spectrum" : 0,
      "mz" : 158.096734
    } ]
  }, {
    "id" : 23,
    "molecularFormula" : "C11H10N",
    "massDeviation" : "1.573809424607735 ppm (2.4722790948317197E-4 m/z)",
    "recalibratedMassDeviation" : "3.579722970545031 ppm (5.623356856006012E-4 m/z)",
    "score" : 0.18149062424741957,
    "scores" : {
      "TreeSizeScorer" : -0.5,
      "StrangeElementFragmentScorer" : 0.0,
      "StrangeElementSmallFragmentScorer" : 0.0,
      "Common Fragments" : 0.09299768241065376,
      "Mass Deviation" : -0.2502813890679333,
      "CarbohydrogenFragment" : 0.0,
      "MS2-Isotopes" : 0.0,
      "FragmentSizeScorer" : 0.42911151999999997,
      "PhosphorScorer" : 0.0,
      "ClippedPeakIsNoiseScorer" : 0.40966281090469914
    },
    "molecularFormula" : "C11H10N",
    "relativeIntensity" : 0.0055592282146768686,
    "ion" : "[M + H]+",
    "mz" : 157.088848,
    "recalibratedMass" : 157.08916310777613,
    "peaks" : [ {
      "intensity" : 229500.743758,
      "ce" : "35 eV",
      "spectrum" : 0,
      "mz" : 157.088848
    } ]
  }, {
    "id" : 24,
    "molecularFormula" : "C6H7BNO3",
    "massDeviation" : "-4.047923329558604 ppm (-6.155360904926965E-4 m/z)",
    "recalibratedMassDeviation" : "-2.151963136544974 ppm (-3.272328499122068E-4 m/z)",
    "score" : 0.26353385027150994,
    "scores" : {
      "TreeSizeScorer" : -0.5,
      "StrangeElementFragmentScorer" : 0.0,
      "StrangeElementSmallFragmentScorer" : 0.0,
      "Common Fragments" : 0.0,
      "Mass Deviation" : -0.13922400631554716,
      "CarbohydrogenFragment" : 0.0,
      "MS2-Isotopes" : 0.0,
      "FragmentSizeScorer" : 0.47937809,
      "PhosphorScorer" : 0.0,
      "ClippedPeakIsNoiseScorer" : 0.4233797665870571
    },
    "molecularFormula" : "C6H7BNO3",
    "relativeIntensity" : 0.005746624472698066,
    "ion" : "[M + H]+",
    "mz" : 152.062191,
    "recalibratedMass" : 152.0624793032406,
    "peaks" : [ {
      "intensity" : 237236.993995,
      "ce" : "35 eV",
      "spectrum" : 0,
      "mz" : 152.062191
    } ]
  }, {
    "id" : 25,
    "molecularFormula" : "C10H11N",
    "massDeviation" : "-2.0657912219905827 ppm (-3.0180409052604773E-4 m/z)",
    "recalibratedMassDeviation" : "-0.31017036859452746 ppm (-4.531476818669944E-5 m/z)",
    "score" : 2.4916378470315745,
    "scores" : {
      "TreeSizeScorer" : -0.5,
      "StrangeElementFragmentScorer" : 0.0,
      "StrangeElementSmallFragmentScorer" : 0.0,
      "Common Fragments" : 1.4078640160603104,
      "Mass Deviation" : -0.01824180495253862,
      "CarbohydrogenFragment" : 0.0,
      "MS2-Isotopes" : 0.0,
      "FragmentSizeScorer" : 0.53903876,
      "PhosphorScorer" : 0.0,
      "ClippedPeakIsNoiseScorer" : 1.062976875923803
    },
    "molecularFormula" : "C10H11N",
    "relativeIntensity" : 0.0244581667200287,
    "ion" : "[M + H]+",
    "mz" : 146.096124,
    "recalibratedMass" : 146.09638048932234,
    "peaks" : [ {
      "intensity" : 1009702.648721,
      "ce" : "35 eV",
      "spectrum" : 0,
      "mz" : 146.096124
    } ]
  }, {
    "id" : 26,
    "molecularFormula" : "C10H9N",
    "massDeviation" : "1.146993546255893 ppm (1.6525990946547608E-4 m/z)",
    "recalibratedMassDeviation" : "2.852581402327095 ppm (4.110033137294522E-4 m/z)",
    "score" : 2.4402573582182834,
    "scores" : {
      "TreeSizeScorer" : -0.5,
      "StrangeElementFragmentScorer" : 0.0,
      "StrangeElementSmallFragmentScorer" : 0.0,
      "Common Fragments" : 1.391100725401066,
      "Mass Deviation" : -0.177715934494392,
      "CarbohydrogenFragment" : 0.0,
      "MS2-Isotopes" : 0.0,
      "FragmentSizeScorer" : 0.55919059,
      "PhosphorScorer" : 0.0,
      "ClippedPeakIsNoiseScorer" : 1.1676819773116094
    },
    "molecularFormula" : "C10H9N",
    "relativeIntensity" : 0.030361217340157638,
    "ion" : "[M + H]+",
    "mz" : 144.080941,
    "recalibratedMass" : 144.08118674340426,
    "peaks" : [ {
      "intensity" : 1253397.35875,
      "ce" : "35 eV",
      "spectrum" : 0,
      "mz" : 144.080941
    } ]
  }, {
    "id" : 27,
    "molecularFormula" : "C10H8N",
    "massDeviation" : "2.658020937985385 ppm (3.8029190946531344E-4 m/z)",
    "recalibratedMassDeviation" : "4.338063627651141 ppm (6.2066225603985E-4 m/z)",
    "score" : 0.15016142644433245,
    "scores" : {
      "TreeSizeScorer" : -0.5,
      "StrangeElementFragmentScorer" : 0.0,
      "StrangeElementSmallFragmentScorer" : 0.0,
      "Common Fragments" : 0.0,
      "Mass Deviation" : -0.27930504184189664,
      "CarbohydrogenFragment" : 0.0,
      "MS2-Isotopes" : 0.0,
      "FragmentSizeScorer" : 0.5692666900000001,
      "PhosphorScorer" : 0.0,
      "ClippedPeakIsNoiseScorer" : 0.360199778286229
    },
    "molecularFormula" : "C10H8N",
    "relativeIntensity" : 0.004929711452830087,
    "ion" : "[M + H]+",
    "mz" : 143.073331,
    "recalibratedMass" : 143.07357137034657,
    "peaks" : [ {
      "intensity" : 203512.50232,
      "ce" : "35 eV",
      "spectrum" : 0,
      "mz" : 143.073331
    } ]
  }, {
    "id" : 28,
    "molecularFormula" : "C9H9N",
    "massDeviation" : "-0.43715760645650964 ppm (-5.774009053993723E-5 m/z)",
    "recalibratedMassDeviation" : "0.9389123970828174 ppm (1.2401239419546073E-4 m/z)",
    "score" : 2.2570068685827116,
    "scores" : {
      "TreeSizeScorer" : -0.5,
      "StrangeElementFragmentScorer" : 0.0,
      "StrangeElementSmallFragmentScorer" : 0.0,
      "Common Fragments" : 1.391100725401066,
      "Mass Deviation" : -0.05070620683122442,
      "CarbohydrogenFragment" : 0.0,
      "MS2-Isotopes" : 0.0,
      "FragmentSizeScorer" : 0.6791928200000001,
      "PhosphorScorer" : 0.0,
      "ClippedPeakIsNoiseScorer" : 0.7374195300128699
    },
    "molecularFormula" : "C9H9N",
    "relativeIntensity" : 0.012003049422141098,
    "ion" : "[M + H]+",
    "mz" : 132.080718,
    "recalibratedMass" : 132.08089975248473,
    "peaks" : [ {
      "intensity" : 495520.000865,
      "ce" : "35 eV",
      "spectrum" : 0,
      "mz" : 132.080718
    } ]
  }, {
    "id" : 29,
    "molecularFormula" : "C9H8N",
    "massDeviation" : "-1.218468679251361 ppm (-1.5970809053555968E-4 m/z)",
    "recalibratedMassDeviation" : "0.12717836815862074 ppm (1.6669646100808677E-5 m/z)",
    "score" : 0.9192130494766677,
    "scores" : {
      "TreeSizeScorer" : -0.5,
      "StrangeElementFragmentScorer" : 0.0,
      "StrangeElementSmallFragmentScorer" : 0.0,
      "Common Fragments" : 0.0,
      "Mass Deviation" : -0.0066723604017965,
      "CarbohydrogenFragment" : 0.0,
      "MS2-Isotopes" : 0.0,
      "FragmentSizeScorer" : 0.68927209,
      "PhosphorScorer" : 0.0,
      "ClippedPeakIsNoiseScorer" : 0.7366133198784642
    },
    "molecularFormula" : "C9H8N",
    "relativeIntensity" : 0.011981080805003213,
    "ion" : "[M + H]+",
    "mz" : 131.072791,
    "recalibratedMass" : 131.07296737773663,
    "peaks" : [ {
      "intensity" : 494613.0739,
      "ce" : "35 eV",
      "spectrum" : 0,
      "mz" : 131.072791
    } ]
  }, {
    "id" : 30,
    "molecularFormula" : "C9H7N",
    "massDeviation" : "0.648320250098584 ppm (8.432390947632484E-5 m/z)",
    "recalibratedMassDeviation" : "1.9630799609642935 ppm (2.553287430657747E-4 m/z)",
    "score" : 1.4362666263373227,
    "scores" : {
      "TreeSizeScorer" : -0.5,
      "StrangeElementFragmentScorer" : 0.0,
      "StrangeElementSmallFragmentScorer" : 0.0,
      "Common Fragments" : 0.0,
      "Mass Deviation" : -0.10712363936221385,
      "CarbohydrogenFragment" : 0.0,
      "MS2-Isotopes" : 0.0,
      "FragmentSizeScorer" : 0.6993479,
      "PhosphorScorer" : 0.0,
      "ClippedPeakIsNoiseScorer" : 1.3440423656995366
    },
    "molecularFormula" : "C9H7N",
    "relativeIntensity" : 0.04303638586938665,
    "ion" : "[M + H]+",
    "mz" : 130.06521,
    "recalibratedMass" : 130.0653810048336,
    "peaks" : [ {
      "intensity" : 1776664.346969,
      "ce" : "35 eV",
      "spectrum" : 0,
      "mz" : 130.06521
    } ]
  }, {
    "id" : 31,
    "molecularFormula" : "C10H8",
    "massDeviation" : "0.8700078951724972 ppm (1.1229190945982737E-4 m/z)",
    "recalibratedMassDeviation" : "2.153787992938613 ppm (2.7798974943493704E-4 m/z)",
    "score" : 0.7504524203671044,
    "scores" : {
      "TreeSizeScorer" : -0.5,
      "StrangeElementFragmentScorer" : 0.0,
      "StrangeElementSmallFragmentScorer" : 0.0,
      "Common Fragments" : 0.0,
      "Mass Deviation" : -0.11714726379446405,
      "CarbohydrogenFragment" : 0.0,
      "MS2-Isotopes" : 0.0,
      "FragmentSizeScorer" : 0.70930011,
      "PhosphorScorer" : 0.0,
      "ClippedPeakIsNoiseScorer" : 0.6582995741615684
    },
    "molecularFormula" : "C10H8",
    "relativeIntensity" : 0.010012801379581665,
    "ion" : "[M + H]+",
    "mz" : 129.069989,
    "recalibratedMass" : 129.07015469783997,
    "peaks" : [ {
      "intensity" : 413356.904048,
      "ce" : "35 eV",
      "spectrum" : 0,
      "mz" : 129.069989
    } ]
  }, {
    "id" : 32,
    "molecularFormula" : "C8H9N",
    "massDeviation" : "-1.9215443311777096 ppm (-2.3074009052947986E-4 m/z)",
    "recalibratedMassDeviation" : "-0.9408530576742975 ppm (-1.129782587270256E-4 m/z)",
    "score" : 3.6952472949397652,
    "scores" : {
      "TreeSizeScorer" : -0.5,
      "StrangeElementFragmentScorer" : 0.0,
      "StrangeElementSmallFragmentScorer" : 0.0,
      "Common Fragments" : 2.301816214927566,
      "Mass Deviation" : -0.046094039013565305,
      "CarbohydrogenFragment" : 0.0,
      "MS2-Isotopes" : 0.0,
      "FragmentSizeScorer" : 0.79919455,
      "PhosphorScorer" : 0.0,
      "ClippedPeakIsNoiseScorer" : 1.1403305690257648
    },
    "molecularFormula" : "C8H9N",
    "relativeIntensity" : 0.02871225245002849,
    "ion" : "[M + H]+",
    "mz" : 120.080545,
    "recalibratedMass" : 120.0806627618318,
    "peaks" : [ {
      "intensity" : 1185323.400621,
      "ce" : "35 eV",
      "spectrum" : 0,
      "mz" : 120.080545
    } ]
  }, {
    "id" : 33,
    "molecularFormula" : "C8H7N",
    "massDeviation" : "-2.9363210050114996 ppm (-3.466760905297406E-4 m/z)",
    "recalibratedMassDeviation" : "-2.0299285732243497 ppm (-2.3966328561186856E-4 m/z)",
    "score" : 1.8149680425329533,
    "scores" : {
      "TreeSizeScorer" : -0.5,
      "StrangeElementFragmentScorer" : 0.0,
      "StrangeElementSmallFragmentScorer" : 0.0,
      "Common Fragments" : 0.0,
      "Mass Deviation" : -0.10024416518313635,
      "CarbohydrogenFragment" : 0.0,
      "MS2-Isotopes" : 0.0,
      "FragmentSizeScorer" : 0.8193522099999999,
      "PhosphorScorer" : 0.0,
      "ClippedPeakIsNoiseScorer" : 1.5958599977160897
    },
    "molecularFormula" : "C8H7N",
    "relativeIntensity" : 0.06836471575495585,
    "ion" : "[M + H]+",
    "mz" : 118.064779,
    "recalibratedMass" : 118.06488601280492,
    "peaks" : [ {
      "intensity" : 2822289.804751,
      "ce" : "35 eV",
      "spectrum" : 0,
      "mz" : 118.064779
    } ]
  }, {
    "id" : 34,
    "molecularFormula" : "C9H8",
    "massDeviation" : "-1.0225364227677862 ppm (-1.1970809053707399E-4 m/z)",
    "recalibratedMassDeviation" : "-0.1537647544759709 ppm (-1.8001218080598846E-5 m/z)",
    "score" : 1.5012819988383566,
    "scores" : {
      "TreeSizeScorer" : -0.5,
      "StrangeElementFragmentScorer" : 0.0,
      "StrangeElementSmallFragmentScorer" : 0.0,
      "Common Fragments" : 0.0,
      "Mass Deviation" : -0.007207260044166445,
      "CarbohydrogenFragment" : 0.09932258138450645,
      "MS2-Isotopes" : 0.0,
      "FragmentSizeScorer" : 0.82930243,
      "PhosphorScorer" : 0.0,
      "ClippedPeakIsNoiseScorer" : 1.0798642474980165
    },
    "molecularFormula" : "C9H8",
    "relativeIntensity" : 0.025337247565340795,
    "ion" : "[M + H]+",
    "mz" : 117.069757,
    "recalibratedMass" : 117.06985870687245,
    "peaks" : [ {
      "intensity" : 1045993.604953,
      "ce" : "35 eV",
      "spectrum" : 0,
      "mz" : 117.069757
    } ]
  }, {
    "id" : 35,
    "molecularFormula" : "C8H6N",
    "massDeviation" : "1.8568299856659312 ppm (2.1735590947002947E-4 m/z)",
    "recalibratedMassDeviation" : "2.725132449303503 ppm (3.1899751772357376E-4 m/z)",
    "score" : 1.3434030389947493,
    "scores" : {
      "TreeSizeScorer" : -0.5,
      "StrangeElementFragmentScorer" : 0.0,
      "StrangeElementSmallFragmentScorer" : 0.0,
      "Common Fragments" : 0.0,
      "Mass Deviation" : -0.1355036950940671,
      "CarbohydrogenFragment" : 0.0,
      "MS2-Isotopes" : 0.0,
      "FragmentSizeScorer" : 0.8294248200000001,
      "PhosphorScorer" : 0.0,
      "ClippedPeakIsNoiseScorer" : 1.1494819140888164
    },
    "molecularFormula" : "C8H6N",
    "relativeIntensity" : 0.029255231124334116,
    "ion" : "[M + H]+",
    "mz" : 117.057518,
    "recalibratedMass" : 117.05761964160826,
    "peaks" : [ {
      "intensity" : 1207739.103806,
      "ce" : "35 eV",
      "spectrum" : 0,
      "mz" : 117.057518
    } ]
  }, {
    "id" : 36,
    "molecularFormula" : "C9H7",
    "massDeviation" : "3.182114471550716 ppm (3.6932390946731175E-4 m/z)",
    "recalibratedMassDeviation" : "4.012141008265407 ppm (4.656591853233749E-4 m/z)",
    "score" : 1.2037635583744564,
    "scores" : {
      "TreeSizeScorer" : -0.5,
      "StrangeElementFragmentScorer" : 0.0,
      "StrangeElementSmallFragmentScorer" : 0.0,
      "Common Fragments" : 0.5803583202473606,
      "Mass Deviation" : -0.20347116202359689,
      "CarbohydrogenFragment" : 0.0,
      "MS2-Isotopes" : 0.0,
      "FragmentSizeScorer" : 0.8393757900000001,
      "PhosphorScorer" : 0.0,
      "ClippedPeakIsNoiseScorer" : 0.48750061015069257
    },
    "molecularFormula" : "C9H7",
    "relativeIntensity" : 0.006703016424041426,
    "ion" : "[M + H]+",
    "mz" : 116.062421,
    "recalibratedMass" : 116.06251733527586,
    "peaks" : [ {
      "intensity" : 276719.572454,
      "ce" : "35 eV",
      "spectrum" : 0,
      "mz" : 116.062421
    } ]
  }, {
    "id" : 37,
    "molecularFormula" : "C8H5N",
    "massDeviation" : "1.6578066338349355 ppm (1.9238790946474182E-4 m/z)",
    "recalibratedMassDeviation" : "2.487339651781716 ppm (2.886551802419035E-4 m/z)",
    "score" : 0.6400605175416318,
    "scores" : {
      "TreeSizeScorer" : -0.5,
      "StrangeElementFragmentScorer" : 0.0,
      "StrangeElementSmallFragmentScorer" : 0.0,
      "Common Fragments" : 0.0,
      "Mass Deviation" : -0.12189445928863216,
      "CarbohydrogenFragment" : 0.0,
      "MS2-Isotopes" : 0.0,
      "FragmentSizeScorer" : 0.8395033199999999,
      "PhosphorScorer" : 0.0,
      "ClippedPeakIsNoiseScorer" : 0.42245165683026414
    },
    "molecularFormula" : "C8H5N",
    "relativeIntensity" : 0.005733761943239197,
    "ion" : "[M + H]+",
    "mz" : 116.049668,
    "recalibratedMass" : 116.04976426727077,
    "peaks" : [ {
      "intensity" : 236705.992215,
      "ce" : "35 eV",
      "spectrum" : 0,
      "mz" : 116.049668
    } ]
  }, {
    "id" : 38,
    "molecularFormula" : "C9H6",
    "massDeviation" : "-0.9529784190912913 ppm (-1.0964409052860447E-4 m/z)",
    "recalibratedMassDeviation" : "-0.16240669021745158 ppm (-1.868557311013319E-5 m/z)",
    "score" : 2.3719170181735922,
    "scores" : {
      "TreeSizeScorer" : -0.5,
      "StrangeElementFragmentScorer" : 0.0,
      "StrangeElementSmallFragmentScorer" : 0.0,
      "Common Fragments" : 0.0,
      "Mass Deviation" : -0.007482279268087706,
      "CarbohydrogenFragment" : 0.45366580629850106,
      "MS2-Isotopes" : 0.0,
      "FragmentSizeScorer" : 0.8494588299999999,
      "PhosphorScorer" : 0.0,
      "ClippedPeakIsNoiseScorer" : 1.5762746611431793
    },
    "molecularFormula" : "C9H6",
    "relativeIntensity" : 0.0660499399136736,
    "ion" : "[M + H]+",
    "mz" : 115.054117,
    "recalibratedMass" : 115.05420795851742,
    "peaks" : [ {
      "intensity" : 2726729.277877,
      "ce" : "35 eV",
      "spectrum" : 0,
      "mz" : 115.054117
    } ]
  }, {
    "id" : 39,
    "molecularFormula" : "C7H7N",
    "massDeviation" : "3.0294871568760113 ppm (3.2132390947481326E-4 m/z)",
    "recalibratedMassDeviation" : "3.435146964268391 ppm (3.6435054607864004E-4 m/z)",
    "score" : 1.3546189449063772,
    "scores" : {
      "TreeSizeScorer" : -0.5,
      "StrangeElementFragmentScorer" : 0.0,
      "StrangeElementSmallFragmentScorer" : 0.0,
      "Common Fragments" : 0.0,
      "Mass Deviation" : -0.1561332700811585,
      "CarbohydrogenFragment" : 0.0,
      "MS2-Isotopes" : 0.0,
      "FragmentSizeScorer" : 0.93934553,
      "PhosphorScorer" : 0.0,
      "ClippedPeakIsNoiseScorer" : 1.0714066849875357
    },
    "molecularFormula" : "C7H7N",
    "relativeIntensity" : 0.024893625541053212,
    "ion" : "[M + H]+",
    "mz" : 106.065447,
    "recalibratedMass" : 106.06549002663661,
    "peaks" : [ {
      "intensity" : 1027679.626719,
      "ce" : "35 eV",
      "spectrum" : 0,
      "mz" : 106.065447
    } ]
  }, {
    "id" : 40,
    "molecularFormula" : "C8H8",
    "massDeviation" : "-1.2535301245396437 ppm (-1.317080905351986E-4 m/z)",
    "recalibratedMassDeviation" : "-0.8945579789593787 ppm (-9.399101247709041E-5 m/z)",
    "score" : 2.274064865424199,
    "scores" : {
      "TreeSizeScorer" : -0.5,
      "StrangeElementFragmentScorer" : 0.0,
      "StrangeElementSmallFragmentScorer" : 0.0,
      "Common Fragments" : 0.9025292970003989,
      "Mass Deviation" : -0.03820374899823124,
      "CarbohydrogenFragment" : 0.0,
      "MS2-Isotopes" : 0.0,
      "FragmentSizeScorer" : 0.9493025500000001,
      "PhosphorScorer" : 0.0,
      "ClippedPeakIsNoiseScorer" : 0.9604367674220315
    },
    "molecularFormula" : "C8H8",
    "relativeIntensity" : 0.01966851290669055,
    "ion" : "[M + H]+",
    "mz" : 105.069745,
    "recalibratedMass" : 105.06978271707806,
    "peaks" : [ {
      "intensity" : 811972.123897,
      "ce" : "35 eV",
      "spectrum" : 0,
      "mz" : 105.069745
    } ]
  }, {
    "id" : 41,
    "molecularFormula" : "C8H6",
    "massDeviation" : "-0.20032263933162558 ppm (-2.0644090540145044E-5 m/z)",
    "recalibratedMassDeviation" : "0.06137711089898156 ppm (6.325171085563852E-6 m/z)",
    "score" : 1.4990936305089062,
    "scores" : {
      "TreeSizeScorer" : -0.5,
      "StrangeElementFragmentScorer" : 0.0,
      "StrangeElementSmallFragmentScorer" : 0.0,
      "Common Fragments" : 0.0,
      "Mass Deviation" : -0.0025265630444054757,
      "CarbohydrogenFragment" : 0.030559371933034818,
      "MS2-Isotopes" : 0.0,
      "FragmentSizeScorer" : 0.9694579400000001,
      "PhosphorScorer" : 0.0,
      "ClippedPeakIsNoiseScorer" : 1.0016028816202769
    },
    "molecularFormula" : "C8H6",
    "relativeIntensity" : 0.021482456422717594,
    "ion" : "[M + H]+",
    "mz" : 103.054206,
    "recalibratedMass" : 103.05423296926162,
    "peaks" : [ {
      "intensity" : 886856.868683,
      "ce" : "35 eV",
      "spectrum" : 0,
      "mz" : 103.054206
    } ]
  }, {
    "id" : 42,
    "molecularFormula" : "C6H6O",
    "massDeviation" : "3.206077702615521 ppm (3.0473590946655804E-4 m/z)",
    "recalibratedMassDeviation" : "3.040733304318979 ppm (2.890199682212824E-4 m/z)",
    "score" : 2.7747883683617784,
    "scores" : {
      "TreeSizeScorer" : -0.5,
      "StrangeElementFragmentScorer" : 0.0,
      "StrangeElementSmallFragmentScorer" : 0.0,
      "Common Fragments" : 0.9025292970003989,
      "Mass Deviation" : -0.12205716208289089,
      "CarbohydrogenFragment" : 0.21813772837146939,
      "MS2-Isotopes" : 0.0,
      "FragmentSizeScorer" : 1.04950554,
      "PhosphorScorer" : 0.0,
      "ClippedPeakIsNoiseScorer" : 1.226672965072801
    },
    "molecularFormula" : "C6H6O",
    "relativeIntensity" : 0.03419374053247691,
    "ion" : "[M + H]+",
    "mz" : 95.049446,
    "recalibratedMass" : 95.04943028405876,
    "peaks" : [ {
      "intensity" : 1411614.810731,
      "ce" : "35 eV",
      "spectrum" : 0,
      "mz" : 95.049446
    } ]
  }, {
    "id" : 43,
    "molecularFormula" : "C6H5N",
    "massDeviation" : "0.2758071385336625 ppm (2.5387909474261505E-5 m/z)",
    "recalibratedMassDeviation" : "-0.068714910955632 ppm (-6.325171085563852E-6 m/z)",
    "score" : 0.9513733335261874,
    "scores" : {
      "TreeSizeScorer" : -0.5,
      "StrangeElementFragmentScorer" : 0.0,
      "StrangeElementSmallFragmentScorer" : 0.0,
      "Common Fragments" : 0.0,
      "Mass Deviation" : -0.0025265630444054757,
      "CarbohydrogenFragment" : 0.0,
      "MS2-Isotopes" : 0.0,
      "FragmentSizeScorer" : 1.0795049899999998,
      "PhosphorScorer" : 0.0,
      "ClippedPeakIsNoiseScorer" : 0.37439490657059304
    },
    "molecularFormula" : "C6H5N",
    "relativeIntensity" : 0.005103208892386325,
    "ion" : "[M + H]+",
    "mz" : 92.049501,
    "recalibratedMass" : 92.04946928691945,
    "peaks" : [ {
      "intensity" : 210674.969821,
      "ce" : "35 eV",
      "spectrum" : 0,
      "mz" : 92.049501
    } ]
  }, {
    "id" : 44,
    "molecularFormula" : "C7H6",
    "massDeviation" : "2.266291740780815 ppm (2.063559094693801E-4 m/z)",
    "recalibratedMassDeviation" : "1.8597306516054504 ppm (1.6933665116880547E-4 m/z)",
    "score" : 3.3897144358686067,
    "scores" : {
      "TreeSizeScorer" : -0.5,
      "StrangeElementFragmentScorer" : 0.0,
      "StrangeElementSmallFragmentScorer" : 0.0,
      "Common Fragments" : 0.0,
      "Mass Deviation" : -0.06985923448680913,
      "CarbohydrogenFragment" : 0.7236037601560805,
      "MS2-Isotopes" : 0.0,
      "FragmentSizeScorer" : 1.08945567,
      "PhosphorScorer" : 0.0,
      "ClippedPeakIsNoiseScorer" : 2.1465142401993353
    },
    "molecularFormula" : "C7H6",
    "relativeIntensity" : 0.16098614811977474,
    "ion" : "[M + H]+",
    "mz" : 91.054433,
    "recalibratedMass" : 91.0543959807417,
    "peaks" : [ {
      "intensity" : 6645965.825019,
      "ce" : "35 eV",
      "spectrum" : 0,
      "mz" : 91.054433
    } ]
  }, {
    "id" : 45,
    "molecularFormula" : "C7H5",
    "massDeviation" : "1.170371988679504 ppm (1.0538790947123289E-4 m/z)",
    "recalibratedMassDeviation" : "0.699571145747274 ppm (6.299390841491004E-5 m/z)",
    "score" : 1.1882635086013669,
    "scores" : {
      "TreeSizeScorer" : -0.5,
      "StrangeElementFragmentScorer" : 0.0,
      "StrangeElementSmallFragmentScorer" : 0.0,
      "Common Fragments" : 0.0,
      "Mass Deviation" : -0.02544784604733339,
      "CarbohydrogenFragment" : 0.0,
      "MS2-Isotopes" : 0.0,
      "FragmentSizeScorer" : 1.09953493,
      "PhosphorScorer" : 0.0,
      "ClippedPeakIsNoiseScorer" : 0.6141764246487003
    },
    "molecularFormula" : "C7H5",
    "relativeIntensity" : 0.009038220809349186,
    "ion" : "[M + H]+",
    "mz" : 90.046507,
    "recalibratedMass" : 90.04646460599895,
    "peaks" : [ {
      "intensity" : 373123.447697,
      "ce" : "35 eV",
      "spectrum" : 0,
      "mz" : 90.046507
    } ]
  }, {
    "id" : 46,
    "molecularFormula" : "C7H4",
    "massDeviation" : "-0.4669898324211329 ppm (-4.1580090538673176E-5 m/z)",
    "recalibratedMassDeviation" : "-1.0034882939159868 ppm (-8.93490796443075E-5 m/z)",
    "score" : 1.306315256130784,
    "scores" : {
      "TreeSizeScorer" : -0.5,
      "StrangeElementFragmentScorer" : 0.0,
      "StrangeElementSmallFragmentScorer" : 0.0,
      "Common Fragments" : 0.0,
      "Mass Deviation" : -0.036283633779093855,
      "CarbohydrogenFragment" : 0.0,
      "MS2-Isotopes" : 0.0,
      "FragmentSizeScorer" : 1.1096146500000001,
      "PhosphorScorer" : 0.0,
      "ClippedPeakIsNoiseScorer" : 0.7329842399098779
    },
    "molecularFormula" : "C7H4",
    "relativeIntensity" : 0.011882640509299764,
    "ion" : "[M + H]+",
    "mz" : 89.038535,
    "recalibratedMass" : 89.03848723101089,
    "peaks" : [ {
      "intensity" : 490549.17866,
      "ce" : "35 eV",
      "spectrum" : 0,
      "mz" : 89.038535
    } ]
  }, {
    "id" : 47,
    "molecularFormula" : "C4H8N2",
    "massDeviation" : "-0.4197199579046906 ppm (-3.570809052177992E-5 m/z)",
    "recalibratedMassDeviation" : "-1.229575501944116 ppm (-1.046072671613274E-4 m/z)",
    "score" : 2.637911833651624,
    "scores" : {
      "TreeSizeScorer" : -0.5,
      "StrangeElementFragmentScorer" : 0.0,
      "StrangeElementSmallFragmentScorer" : 0.0,
      "Common Fragments" : 1.2004803657924166,
      "Mass Deviation" : -0.04260821583985138,
      "CarbohydrogenFragment" : 0.0,
      "MS2-Isotopes" : 0.0,
      "FragmentSizeScorer" : 1.14924011,
      "PhosphorScorer" : 0.0,
      "ClippedPeakIsNoiseScorer" : 0.8307995736990588
    },
    "molecularFormula" : "C4H8N2",
    "relativeIntensity" : 0.014807382508018283,
    "ion" : "[M + H]+",
    "mz" : 85.075989,
    "recalibratedMass" : 85.07592010082337,
    "peaks" : [ {
      "intensity" : 611290.842446,
      "ce" : "35 eV",
      "spectrum" : 0,
      "mz" : 85.075989
    } ]
  }, {
    "id" : 48,
    "molecularFormula" : "C6H6",
    "massDeviation" : "0.3586892250649828 ppm (2.835590946403954E-5 m/z)",
    "recalibratedMassDeviation" : "-0.9190412490933185 ppm (-7.265402842904223E-5 m/z)",
    "score" : 3.5672027168515372,
    "scores" : {
      "TreeSizeScorer" : -0.5,
      "StrangeElementFragmentScorer" : 0.0,
      "StrangeElementSmallFragmentScorer" : 0.0,
      "Common Fragments" : 2.1594822157596214,
      "Mass Deviation" : -0.029406555610769426,
      "CarbohydrogenFragment" : 0.0,
      "MS2-Isotopes" : 0.0,
      "FragmentSizeScorer" : 1.20945745,
      "PhosphorScorer" : 0.0,
      "ClippedPeakIsNoiseScorer" : 0.7276696067026852
    },
    "molecularFormula" : "C6H6",
    "relativeIntensity" : 0.0117397985204374,
    "ion" : "[M + H]+",
    "mz" : 79.054255,
    "recalibratedMass" : 79.0541539900621,
    "peaks" : [ {
      "intensity" : 484652.255307,
      "ce" : "35 eV",
      "spectrum" : 0,
      "mz" : 79.054255
    } ]
  }, {
    "id" : 49,
    "molecularFormula" : "C4H9N",
    "massDeviation" : "-1.120134739606775 ppm (-8.074009052450037E-5 m/z)",
    "recalibratedMassDeviation" : "-3.0373847004401706 ppm (-2.1893638043479768E-4 m/z)",
    "score" : 3.020220866395902,
    "scores" : {
      "TreeSizeScorer" : -0.5,
      "StrangeElementFragmentScorer" : 0.0,
      "StrangeElementSmallFragmentScorer" : 0.0,
      "Common Fragments" : 2.004111279527133,
      "Mass Deviation" : -0.09120435454427953,
      "CarbohydrogenFragment" : 0.0,
      "MS2-Isotopes" : 0.0,
      "FragmentSizeScorer" : 1.27919305,
      "PhosphorScorer" : 0.0,
      "ClippedPeakIsNoiseScorer" : 0.3281208914130484
    },
    "molecularFormula" : "C4H9N",
    "relativeIntensity" : 0.00455772822295833,
    "ion" : "[M + H]+",
    "mz" : 72.080695,
    "recalibratedMass" : 72.0805568037101,
    "peaks" : [ {
      "intensity" : 188155.977165,
      "ce" : "35 eV",
      "spectrum" : 0,
      "mz" : 72.080695
    } ]
  }, {
    "id" : 50,
    "molecularFormula" : "C4H7N",
    "massDeviation" : "-0.45209516923264614 ppm (-3.167609052923126E-5 m/z)",
    "recalibratedMassDeviation" : "-2.577901507988746 ppm (-1.8062052751588453E-4 m/z)",
    "score" : 2.116057762501692,
    "scores" : {
      "TreeSizeScorer" : -0.5,
      "StrangeElementFragmentScorer" : 0.0,
      "StrangeElementSmallFragmentScorer" : 0.0,
      "Common Fragments" : 0.0,
      "Mass Deviation" : -0.0746797279937277,
      "CarbohydrogenFragment" : 0.0,
      "MS2-Isotopes" : 0.0,
      "FragmentSizeScorer" : 1.29934906,
      "PhosphorScorer" : 0.0,
      "ClippedPeakIsNoiseScorer" : 1.39138843049542
    },
    "molecularFormula" : "C4H7N",
    "relativeIntensity" : 0.04710166486872739,
    "ion" : "[M + H]+",
    "mz" : 70.065094,
    "recalibratedMass" : 70.06494505556302,
    "peaks" : [ {
      "intensity" : 1944490.620312,
      "ce" : "35 eV",
      "spectrum" : 0,
      "mz" : 70.065094
    } ]
  }, {
    "id" : 51,
    "molecularFormula" : "C5H4",
    "massDeviation" : "3.850314051067713 ppm (2.5041990946306214E-4 m/z)",
    "recalibratedMassDeviation" : "1.1481329207827817 ppm (7.467301662700265E-5 m/z)",
    "score" : 2.329248403973521,
    "scores" : {
      "TreeSizeScorer" : -0.5,
      "StrangeElementFragmentScorer" : 0.0,
      "StrangeElementSmallFragmentScorer" : 0.0,
      "Common Fragments" : 0.0,
      "Mass Deviation" : -0.030235834134368256,
      "CarbohydrogenFragment" : 0.24614282698845624,
      "MS2-Isotopes" : 0.0,
      "FragmentSizeScorer" : 1.34961173,
      "PhosphorScorer" : 0.0,
      "ClippedPeakIsNoiseScorer" : 1.2637296811194327
    },
    "molecularFormula" : "C5H4",
    "relativeIntensity" : 0.03680407611629618,
    "ion" : "[M + H]+",
    "mz" : 65.038827,
    "recalibratedMass" : 65.03865125310716,
    "peaks" : [ {
      "intensity" : 1519376.883956,
      "ce" : "35 eV",
      "spectrum" : 0,
      "mz" : 65.038827
    } ]
  }, {
    "id" : 52,
    "molecularFormula" : "C3H7N",
    "massDeviation" : "5.6199323044845135 ppm (3.263239094692949E-4 m/z)",
    "recalibratedMassDeviation" : "1.9528318997714846 ppm (1.1339165111934335E-4 m/z)",
    "score" : 3.292964026271078,
    "scores" : {
      "TreeSizeScorer" : -0.5,
      "StrangeElementFragmentScorer" : 0.0,
      "StrangeElementSmallFragmentScorer" : 0.0,
      "Common Fragments" : 0.0,
      "Mass Deviation" : -0.04626647698947911,
      "CarbohydrogenFragment" : 0.0,
      "MS2-Isotopes" : 0.0,
      "FragmentSizeScorer" : 1.41934548,
      "PhosphorScorer" : 0.0,
      "ClippedPeakIsNoiseScorer" : 2.4198850232605573
    },
    "molecularFormula" : "C3H7N",
    "relativeIntensity" : 0.22707558088027088,
    "ion" : "[M + H]+",
    "mz" : 58.065452,
    "recalibratedMass" : 58.06523906774165,
    "peaks" : [ {
      "intensity" : 9374325.479878,
      "ce" : "35 eV",
      "spectrum" : 0,
      "mz" : 58.065452
    } ]
  }, {
    "id" : 53,
    "molecularFormula" : "C3H5N",
    "massDeviation" : "3.254041433556528 ppm (1.8238790946867312E-4 m/z)",
    "recalibratedMassDeviation" : "-0.7367340205223843 ppm (-4.129352509352202E-5 m/z)",
    "score" : 1.6365041892211563,
    "scores" : {
      "TreeSizeScorer" : -0.5,
      "StrangeElementFragmentScorer" : 0.0,
      "StrangeElementSmallFragmentScorer" : 0.0,
      "Common Fragments" : 0.0,
      "Mass Deviation" : -0.016609743945272665,
      "CarbohydrogenFragment" : 0.0,
      "MS2-Isotopes" : 0.0,
      "FragmentSizeScorer" : 1.4395034199999999,
      "PhosphorScorer" : 0.0,
      "ClippedPeakIsNoiseScorer" : 0.7136105131664291
    },
    "molecularFormula" : "C3H5N",
    "relativeIntensity" : 0.011369392675958387,
    "ion" : "[M + H]+",
    "mz" : 56.049658,
    "recalibratedMass" : 56.04943431856544,
    "peaks" : [ {
      "intensity" : 469360.849105,
      "ce" : "35 eV",
      "spectrum" : 0,
      "mz" : 56.049658
    } ]
  } ],
  "losses" : [ {
    "source" : 0,
    "target" : 1,
    "molecularFormula" : "H2",
    "score" : -0.59627339519073,
    "scores" : {
      "StrangeElementLossScorer" : 0.0,
      "LossSizeScorer" : -13.386633740120256,
      "Loss RDBE" : 0.0,
      "Free Radical" : 0.011626542158820332,
      "PureCarbonNitrogenLossScorer" : 0.0,
      "CommonLossEdgeScorer" : 12.778733802770706,
      "MS2-Isotopes" : 0.0,
      "PhosphorScorer" : 0.0,
      "AdductSwitchLossScorer" : 0.0,
      "MultimereLossScorer" : 0.0
    }
  }, {
    "source" : 0,
    "target" : 2,
    "molecularFormula" : "CH3",
    "score" : 0.95838112468751,
    "scores" : {
      "StrangeElementLossScorer" : 0.0,
      "LossSizeScorer" : -0.4948195427766855,
      "Loss RDBE" : 0.0,
      "Free Radical" : -0.09373397349900595,
      "PureCarbonNitrogenLossScorer" : 0.0,
      "CommonLossEdgeScorer" : 1.5469346409632014,
      "MS2-Isotopes" : 0.0,
      "PhosphorScorer" : 0.0,
      "AdductSwitchLossScorer" : 0.0,
      "MultimereLossScorer" : 0.0
    }
  }, {
    "source" : 1,
    "target" : 3,
    "molecularFormula" : "CH3",
    "score" : 0.9586494119058473,
    "scores" : {
      "StrangeElementLossScorer" : 0.0,
      "LossSizeScorer" : -0.4945512555583482,
      "Loss RDBE" : 0.0,
      "Free Radical" : -0.09373397349900595,
      "PureCarbonNitrogenLossScorer" : 0.0,
      "CommonLossEdgeScorer" : 1.5469346409632014,
      "MS2-Isotopes" : 0.0,
      "PhosphorScorer" : 0.0,
      "AdductSwitchLossScorer" : 0.0,
      "MultimereLossScorer" : 0.0
    }
  }, {
    "source" : 1,
    "target" : 4,
    "molecularFormula" : "CH3N",
    "score" : -1.0829874167597633,
    "scores" : {
      "StrangeElementLossScorer" : 0.0,
      "LossSizeScorer" : 0.9198004549172731,
      "Loss RDBE" : 0.0,
      "Free Radical" : -0.09373397349900595,
      "PureCarbonNitrogenLossScorer" : 0.0,
      "CommonLossEdgeScorer" : -1.9090538981780305,
      "MS2-Isotopes" : 0.0,
      "PhosphorScorer" : 0.0,
      "AdductSwitchLossScorer" : 0.0,
      "MultimereLossScorer" : 0.0
    }
  }, {
    "source" : 0,
    "target" : 5,
    "molecularFormula" : "C2H5N",
    "score" : -0.8774576425872838,
    "scores" : {
      "StrangeElementLossScorer" : 0.0,
      "LossSizeScorer" : 1.1024015225390293,
      "Loss RDBE" : 0.0,
      "Free Radical" : -0.09373397349900595,
      "PureCarbonNitrogenLossScorer" : 0.0,
      "CommonLossEdgeScorer" : -1.8861251916273072,
      "MS2-Isotopes" : 0.0,
      "PhosphorScorer" : 0.0,
      "AdductSwitchLossScorer" : 0.0,
      "MultimereLossScorer" : 0.0
    }
  }, {
    "source" : 5,
    "target" : 6,
    "molecularFormula" : "H2",
    "score" : -0.5915375324848053,
    "scores" : {
      "StrangeElementLossScorer" : 0.0,
      "LossSizeScorer" : -13.381897877414332,
      "Loss RDBE" : 0.0,
      "Free Radical" : 0.011626542158820332,
      "PureCarbonNitrogenLossScorer" : 0.0,
      "CommonLossEdgeScorer" : 12.778733802770706,
      "MS2-Isotopes" : 0.0,
      "PhosphorScorer" : 0.0,
      "AdductSwitchLossScorer" : 0.0,
      "MultimereLossScorer" : 0.0
    }
  }, {
    "source" : 4,
    "target" : 7,
    "molecularFormula" : "CH4",
    "score" : 0.30863137222591075,
    "scores" : {
      "StrangeElementLossScorer" : 0.0,
      "LossSizeScorer" : -0.2940023377373082,
      "Loss RDBE" : 0.0,
      "Free Radical" : 0.011626542158820332,
      "PureCarbonNitrogenLossScorer" : 0.0,
      "CommonLossEdgeScorer" : 0.5910071678043987,
      "MS2-Isotopes" : 0.0,
      "PhosphorScorer" : 0.0,
      "AdductSwitchLossScorer" : 0.0,
      "MultimereLossScorer" : 0.0
    }
  }, {
    "source" : 4,
    "target" : 8,
    "molecularFormula" : "C2H2",
    "score" : 0.9973525893208649,
    "scores" : {
      "StrangeElementLossScorer" : 0.0,
      "LossSizeScorer" : 0.7807108300212215,
      "Loss RDBE" : 0.0,
      "Free Radical" : 0.011626542158820332,
      "PureCarbonNitrogenLossScorer" : 0.0,
      "CommonLossEdgeScorer" : 0.20501521714082305,
      "MS2-Isotopes" : 0.0,
      "PhosphorScorer" : 0.0,
      "AdductSwitchLossScorer" : 0.0,
      "MultimereLossScorer" : 0.0
    }
  }, {
    "source" : 5,
    "target" : 9,
    "molecularFormula" : "CH3",
    "score" : 0.9584290744713184,
    "scores" : {
      "StrangeElementLossScorer" : 0.0,
      "LossSizeScorer" : -0.4947715929928771,
      "Loss RDBE" : 0.0,
      "Free Radical" : -0.09373397349900595,
      "PureCarbonNitrogenLossScorer" : 0.0,
      "CommonLossEdgeScorer" : 1.5469346409632014,
      "MS2-Isotopes" : 0.0,
      "PhosphorScorer" : 0.0,
      "AdductSwitchLossScorer" : 0.0,
      "MultimereLossScorer" : 0.0
    }
  }, {
    "source" : 5,
    "target" : 10,
    "molecularFormula" : "CH4",
    "score" : 0.3089373112926276,
    "scores" : {
      "StrangeElementLossScorer" : 0.0,
      "LossSizeScorer" : -0.2936963986705914,
      "Loss RDBE" : 0.0,
      "Free Radical" : 0.011626542158820332,
      "PureCarbonNitrogenLossScorer" : 0.0,
      "CommonLossEdgeScorer" : 0.5910071678043987,
      "MS2-Isotopes" : 0.0,
      "PhosphorScorer" : 0.0,
      "AdductSwitchLossScorer" : 0.0,
      "MultimereLossScorer" : 0.0
    }
  }, {
    "source" : 6,
    "target" : 11,
    "molecularFormula" : "CH3",
    "score" : 0.9583868787373875,
    "scores" : {
      "StrangeElementLossScorer" : 0.0,
      "LossSizeScorer" : -0.49481378872680803,
      "Loss RDBE" : 0.0,
      "Free Radical" : -0.09373397349900595,
      "PureCarbonNitrogenLossScorer" : 0.0,
      "CommonLossEdgeScorer" : 1.5469346409632014,
      "MS2-Isotopes" : 0.0,
      "PhosphorScorer" : 0.0,
      "AdductSwitchLossScorer" : 0.0,
      "MultimereLossScorer" : 0.0
    }
  }, {
    "source" : 6,
    "target" : 12,
    "molecularFormula" : "CH4",
    "score" : 0.30879443571171816,
    "scores" : {
      "StrangeElementLossScorer" : 0.0,
      "LossSizeScorer" : -0.2938392742515008,
      "Loss RDBE" : 0.0,
      "Free Radical" : 0.011626542158820332,
      "PureCarbonNitrogenLossScorer" : 0.0,
      "CommonLossEdgeScorer" : 0.5910071678043987,
      "MS2-Isotopes" : 0.0,
      "PhosphorScorer" : 0.0,
      "AdductSwitchLossScorer" : 0.0,
      "MultimereLossScorer" : 0.0
    }
  }, {
    "source" : 6,
    "target" : 13,
    "molecularFormula" : "C2H2",
    "score" : 0.9973257677429889,
    "scores" : {
      "StrangeElementLossScorer" : 0.0,
      "LossSizeScorer" : 0.7806840084433455,
      "Loss RDBE" : 0.0,
      "Free Radical" : 0.011626542158820332,
      "PureCarbonNitrogenLossScorer" : 0.0,
      "CommonLossEdgeScorer" : 0.20501521714082305,
      "MS2-Isotopes" : 0.0,
      "PhosphorScorer" : 0.0,
      "AdductSwitchLossScorer" : 0.0,
      "MultimereLossScorer" : 0.0
    }
  }, {
    "source" : 8,
    "target" : 14,
    "molecularFormula" : "CH3",
    "score" : 0.9581884586367095,
    "scores" : {
      "StrangeElementLossScorer" : 0.0,
      "LossSizeScorer" : -0.495012208827486,
      "Loss RDBE" : 0.0,
      "Free Radical" : -0.09373397349900595,
      "PureCarbonNitrogenLossScorer" : 0.0,
      "CommonLossEdgeScorer" : 1.5469346409632014,
      "MS2-Isotopes" : 0.0,
      "PhosphorScorer" : 0.0,
      "AdductSwitchLossScorer" : 0.0,
      "MultimereLossScorer" : 0.0
    }
  }, {
    "source" : 7,
    "target" : 15,
    "molecularFormula" : "C2H2",
    "score" : 0.9974422606096148,
    "scores" : {
      "StrangeElementLossScorer" : 0.0,
      "LossSizeScorer" : 0.7808005013099715,
      "Loss RDBE" : 0.0,
      "Free Radical" : 0.011626542158820332,
      "PureCarbonNitrogenLossScorer" : 0.0,
      "CommonLossEdgeScorer" : 0.20501521714082305,
      "MS2-Isotopes" : 0.0,
      "PhosphorScorer" : 0.0,
      "AdductSwitchLossScorer" : 0.0,
      "MultimereLossScorer" : 0.0
    }
  }, {
    "source" : 10,
    "target" : 16,
    "molecularFormula" : "CHN",
    "score" : 0.2278771368817526,
    "scores" : {
      "StrangeElementLossScorer" : 0.0,
      "LossSizeScorer" : 0.8326949210383505,
      "Loss RDBE" : 0.0,
      "Free Radical" : 0.011626542158820332,
      "PureCarbonNitrogenLossScorer" : 0.0,
      "CommonLossEdgeScorer" : -0.6164443263154182,
      "MS2-Isotopes" : 0.0,
      "PhosphorScorer" : 0.0,
      "AdductSwitchLossScorer" : 0.0,
      "MultimereLossScorer" : 0.0
    }
  }, {
    "source" : 11,
    "target" : 17,
    "molecularFormula" : "CHN",
    "score" : 0.22788630622622563,
    "scores" : {
      "StrangeElementLossScorer" : 0.0,
      "LossSizeScorer" : 0.8327040903828236,
      "Loss RDBE" : 0.0,
      "Free Radical" : 0.011626542158820332,
      "PureCarbonNitrogenLossScorer" : 0.0,
      "CommonLossEdgeScorer" : -0.6164443263154182,
      "MS2-Isotopes" : 0.0,
      "PhosphorScorer" : 0.0,
      "AdductSwitchLossScorer" : 0.0,
      "MultimereLossScorer" : 0.0
    }
  }, {
    "source" : 1,
    "target" : 18,
    "molecularFormula" : "BH5N2O3",
    "score" : -2.603799842119818,
    "scores" : {
      "StrangeElementLossScorer" : 0.0,
      "LossSizeScorer" : 0.07937824165779706,
      "Loss RDBE" : 0.0,
      "Free Radical" : 0.011626542158820332,
      "PureCarbonNitrogenLossScorer" : 0.0,
      "CommonLossEdgeScorer" : -2.694804625936435,
      "MS2-Isotopes" : 0.0,
      "PhosphorScorer" : 0.0,
      "AdductSwitchLossScorer" : 0.0,
      "MultimereLossScorer" : 0.0
    }
  }, {
    "source" : 14,
    "target" : 19,
    "molecularFormula" : "CHN",
    "score" : 0.22793920959829805,
    "scores" : {
      "StrangeElementLossScorer" : 0.0,
      "LossSizeScorer" : 0.832756993754896,
      "Loss RDBE" : 0.0,
      "Free Radical" : 0.011626542158820332,
      "PureCarbonNitrogenLossScorer" : 0.0,
      "CommonLossEdgeScorer" : -0.6164443263154182,
      "MS2-Isotopes" : 0.0,
      "PhosphorScorer" : 0.0,
      "AdductSwitchLossScorer" : 0.0,
      "MultimereLossScorer" : 0.0
    }
  }, {
    "source" : 15,
    "target" : 20,
    "molecularFormula" : "CHN",
    "score" : 0.2278907682351915,
    "scores" : {
      "StrangeElementLossScorer" : 0.0,
      "LossSizeScorer" : 0.8327085523917894,
      "Loss RDBE" : 0.0,
      "Free Radical" : 0.011626542158820332,
      "PureCarbonNitrogenLossScorer" : 0.0,
      "CommonLossEdgeScorer" : -0.6164443263154182,
      "MS2-Isotopes" : 0.0,
      "PhosphorScorer" : 0.0,
      "AdductSwitchLossScorer" : 0.0,
      "MultimereLossScorer" : 0.0
    }
  }, {
    "source" : 6,
    "target" : 21,
    "molecularFormula" : "BHO3",
    "score" : -1.7926140505124017,
    "scores" : {
      "StrangeElementLossScorer" : 0.0,
      "LossSizeScorer" : 0.8905640332652132,
      "Loss RDBE" : 0.0,
      "Free Radical" : 0.011626542158820332,
      "PureCarbonNitrogenLossScorer" : 0.0,
      "CommonLossEdgeScorer" : -2.694804625936435,
      "MS2-Isotopes" : 0.0,
      "PhosphorScorer" : 0.0,
      "AdductSwitchLossScorer" : 0.0,
      "MultimereLossScorer" : 0.0
    }
  }, {
    "source" : 4,
    "target" : 22,
    "molecularFormula" : "BH4NO3",
    "score" : -2.1936668487964814,
    "scores" : {
      "StrangeElementLossScorer" : 0.0,
      "LossSizeScorer" : 0.48951123498113347,
      "Loss RDBE" : 0.0,
      "Free Radical" : 0.011626542158820332,
      "PureCarbonNitrogenLossScorer" : 0.0,
      "CommonLossEdgeScorer" : -2.694804625936435,
      "MS2-Isotopes" : 0.0,
      "PhosphorScorer" : 0.0,
      "AdductSwitchLossScorer" : 0.0,
      "MultimereLossScorer" : 0.0
    }
  }, {
    "source" : 18,
    "target" : 23,
    "molecularFormula" : "CH3",
    "score" : 0.9582773351267295,
    "scores" : {
      "StrangeElementLossScorer" : 0.0,
      "LossSizeScorer" : -0.494923332337466,
      "Loss RDBE" : 0.0,
      "Free Radical" : -0.09373397349900595,
      "PureCarbonNitrogenLossScorer" : 0.0,
      "CommonLossEdgeScorer" : 1.5469346409632014,
      "MS2-Isotopes" : 0.0,
      "PhosphorScorer" : 0.0,
      "AdductSwitchLossScorer" : 0.0,
      "MultimereLossScorer" : 0.0
    }
  }, {
    "source" : 17,
    "target" : 24,
    "molecularFormula" : "C2H2",
    "score" : 0.9973691923524003,
    "scores" : {
      "StrangeElementLossScorer" : 0.0,
      "LossSizeScorer" : 0.7807274330527569,
      "Loss RDBE" : 0.0,
      "Free Radical" : 0.011626542158820332,
      "PureCarbonNitrogenLossScorer" : 0.0,
      "CommonLossEdgeScorer" : 0.20501521714082305,
      "MS2-Isotopes" : 0.0,
      "PhosphorScorer" : 0.0,
      "AdductSwitchLossScorer" : 0.0,
      "MultimereLossScorer" : 0.0
    }
  }, {
    "source" : 18,
    "target" : 25,
    "molecularFormula" : "C2H2",
    "score" : 0.9974026186683448,
    "scores" : {
      "StrangeElementLossScorer" : 0.0,
      "LossSizeScorer" : 0.7807608593687014,
      "Loss RDBE" : 0.0,
      "Free Radical" : 0.011626542158820332,
      "PureCarbonNitrogenLossScorer" : 0.0,
      "CommonLossEdgeScorer" : 0.20501521714082305,
      "MS2-Isotopes" : 0.0,
      "PhosphorScorer" : 0.0,
      "AdductSwitchLossScorer" : 0.0,
      "MultimereLossScorer" : 0.0
    }
  }, {
    "source" : 21,
    "target" : 26,
    "molecularFormula" : "H3N",
    "score" : 0.3098497290561629,
    "scores" : {
      "StrangeElementLossScorer" : 0.0,
      "LossSizeScorer" : -0.11930759530016388,
      "Loss RDBE" : 0.0,
      "Free Radical" : 0.011626542158820332,
      "PureCarbonNitrogenLossScorer" : 0.0,
      "CommonLossEdgeScorer" : 0.4175307821975065,
      "MS2-Isotopes" : 0.0,
      "PhosphorScorer" : 0.0,
      "AdductSwitchLossScorer" : 0.0,
      "MultimereLossScorer" : 0.0
    }
  }, {
    "source" : 22,
    "target" : 27,
    "molecularFormula" : "CH3",
    "score" : 0.9583212387188034,
    "scores" : {
      "StrangeElementLossScorer" : 0.0,
      "LossSizeScorer" : -0.49487942874539215,
      "Loss RDBE" : 0.0,
      "Free Radical" : -0.09373397349900595,
      "PureCarbonNitrogenLossScorer" : 0.0,
      "CommonLossEdgeScorer" : 1.5469346409632014,
      "MS2-Isotopes" : 0.0,
      "PhosphorScorer" : 0.0,
      "AdductSwitchLossScorer" : 0.0,
      "MultimereLossScorer" : 0.0
    }
  }, {
    "source" : 22,
    "target" : 28,
    "molecularFormula" : "C2H2",
    "score" : 0.9974078933581035,
    "scores" : {
      "StrangeElementLossScorer" : 0.0,
      "LossSizeScorer" : 0.7807661340584602,
      "Loss RDBE" : 0.0,
      "Free Radical" : 0.011626542158820332,
      "PureCarbonNitrogenLossScorer" : 0.0,
      "CommonLossEdgeScorer" : 0.20501521714082305,
      "MS2-Isotopes" : 0.0,
      "PhosphorScorer" : 0.0,
      "AdductSwitchLossScorer" : 0.0,
      "MultimereLossScorer" : 0.0
    }
  }, {
    "source" : 23,
    "target" : 29,
    "molecularFormula" : "C2H2",
    "score" : 0.997410169784026,
    "scores" : {
      "StrangeElementLossScorer" : 0.0,
      "LossSizeScorer" : 0.7807684104843826,
      "Loss RDBE" : 0.0,
      "Free Radical" : 0.011626542158820332,
      "PureCarbonNitrogenLossScorer" : 0.0,
      "CommonLossEdgeScorer" : 0.20501521714082305,
      "MS2-Isotopes" : 0.0,
      "PhosphorScorer" : 0.0,
      "AdductSwitchLossScorer" : 0.0,
      "MultimereLossScorer" : 0.0
    }
  }, {
    "source" : 25,
    "target" : 30,
    "molecularFormula" : "CH4",
    "score" : 0.3088409418610151,
    "scores" : {
      "StrangeElementLossScorer" : 0.0,
      "LossSizeScorer" : -0.2937927681022039,
      "Loss RDBE" : 0.0,
      "Free Radical" : 0.011626542158820332,
      "PureCarbonNitrogenLossScorer" : 0.0,
      "CommonLossEdgeScorer" : 0.5910071678043987,
      "MS2-Isotopes" : 0.0,
      "PhosphorScorer" : 0.0,
      "AdductSwitchLossScorer" : 0.0,
      "MultimereLossScorer" : 0.0
    }
  }, {
    "source" : 25,
    "target" : 31,
    "molecularFormula" : "H3N",
    "score" : 0.3098941529642617,
    "scores" : {
      "StrangeElementLossScorer" : 0.0,
      "LossSizeScorer" : -0.1192631713920651,
      "Loss RDBE" : 0.0,
      "Free Radical" : 0.011626542158820332,
      "PureCarbonNitrogenLossScorer" : 0.0,
      "CommonLossEdgeScorer" : 0.4175307821975065,
      "MS2-Isotopes" : 0.0,
      "PhosphorScorer" : 0.0,
      "AdductSwitchLossScorer" : 0.0,
      "MultimereLossScorer" : 0.0
    }
  }, {
    "source" : 25,
    "target" : 32,
    "molecularFormula" : "C2H2",
    "score" : 0.9973836292723851,
    "scores" : {
      "StrangeElementLossScorer" : 0.0,
      "LossSizeScorer" : 0.7807418699727418,
      "Loss RDBE" : 0.0,
      "Free Radical" : 0.011626542158820332,
      "PureCarbonNitrogenLossScorer" : 0.0,
      "CommonLossEdgeScorer" : 0.20501521714082305,
      "MS2-Isotopes" : 0.0,
      "PhosphorScorer" : 0.0,
      "AdductSwitchLossScorer" : 0.0,
      "MultimereLossScorer" : 0.0
    }
  }, {
    "source" : 26,
    "target" : 33,
    "molecularFormula" : "C2H2",
    "score" : 0.9974159996026822,
    "scores" : {
      "StrangeElementLossScorer" : 0.0,
      "LossSizeScorer" : 0.7807742403030389,
      "Loss RDBE" : 0.0,
      "Free Radical" : 0.011626542158820332,
      "PureCarbonNitrogenLossScorer" : 0.0,
      "CommonLossEdgeScorer" : 0.20501521714082305,
      "MS2-Isotopes" : 0.0,
      "PhosphorScorer" : 0.0,
      "AdductSwitchLossScorer" : 0.0,
      "MultimereLossScorer" : 0.0
    }
  }, {
    "source" : 26,
    "target" : 34,
    "molecularFormula" : "CHN",
    "score" : 0.2279172940634312,
    "scores" : {
      "StrangeElementLossScorer" : 0.0,
      "LossSizeScorer" : 0.8327350782200291,
      "Loss RDBE" : 0.0,
      "Free Radical" : 0.011626542158820332,
      "PureCarbonNitrogenLossScorer" : 0.0,
      "CommonLossEdgeScorer" : -0.6164443263154182,
      "MS2-Isotopes" : 0.0,
      "PhosphorScorer" : 0.0,
      "AdductSwitchLossScorer" : 0.0,
      "MultimereLossScorer" : 0.0
    }
  }, {
    "source" : 27,
    "target" : 35,
    "molecularFormula" : "C2H2",
    "score" : 0.997396622103707,
    "scores" : {
      "StrangeElementLossScorer" : 0.0,
      "LossSizeScorer" : 0.7807548628040637,
      "Loss RDBE" : 0.0,
      "Free Radical" : 0.011626542158820332,
      "PureCarbonNitrogenLossScorer" : 0.0,
      "CommonLossEdgeScorer" : 0.20501521714082305,
      "MS2-Isotopes" : 0.0,
      "PhosphorScorer" : 0.0,
      "AdductSwitchLossScorer" : 0.0,
      "MultimereLossScorer" : 0.0
    }
  }, {
    "source" : 27,
    "target" : 36,
    "molecularFormula" : "CHN",
    "score" : 0.2279038597672952,
    "scores" : {
      "StrangeElementLossScorer" : 0.0,
      "LossSizeScorer" : 0.8327216439238931,
      "Loss RDBE" : 0.0,
      "Free Radical" : 0.011626542158820332,
      "PureCarbonNitrogenLossScorer" : 0.0,
      "CommonLossEdgeScorer" : -0.6164443263154182,
      "MS2-Isotopes" : 0.0,
      "PhosphorScorer" : 0.0,
      "AdductSwitchLossScorer" : 0.0,
      "MultimereLossScorer" : 0.0
    }
  }, {
    "source" : 29,
    "target" : 37,
    "molecularFormula" : "CH3",
    "score" : 0.958261563639591,
    "scores" : {
      "StrangeElementLossScorer" : 0.0,
      "LossSizeScorer" : -0.4949391038246045,
      "Loss RDBE" : 0.0,
      "Free Radical" : -0.09373397349900595,
      "PureCarbonNitrogenLossScorer" : 0.0,
      "CommonLossEdgeScorer" : 1.5469346409632014,
      "MS2-Isotopes" : 0.0,
      "PhosphorScorer" : 0.0,
      "AdductSwitchLossScorer" : 0.0,
      "MultimereLossScorer" : 0.0
    }
  }, {
    "source" : 28,
    "target" : 38,
    "molecularFormula" : "H3N",
    "score" : 0.3099708217886389,
    "scores" : {
      "StrangeElementLossScorer" : 0.0,
      "LossSizeScorer" : -0.11918650256768792,
      "Loss RDBE" : 0.0,
      "Free Radical" : 0.011626542158820332,
      "PureCarbonNitrogenLossScorer" : 0.0,
      "CommonLossEdgeScorer" : 0.4175307821975065,
      "MS2-Isotopes" : 0.0,
      "PhosphorScorer" : 0.0,
      "AdductSwitchLossScorer" : 0.0,
      "MultimereLossScorer" : 0.0
    }
  }, {
    "source" : 28,
    "target" : 39,
    "molecularFormula" : "C2H2",
    "score" : 0.9973665270241329,
    "scores" : {
      "StrangeElementLossScorer" : 0.0,
      "LossSizeScorer" : 0.7807247677244895,
      "Loss RDBE" : 0.0,
      "Free Radical" : 0.011626542158820332,
      "PureCarbonNitrogenLossScorer" : 0.0,
      "CommonLossEdgeScorer" : 0.20501521714082305,
      "MS2-Isotopes" : 0.0,
      "PhosphorScorer" : 0.0,
      "AdductSwitchLossScorer" : 0.0,
      "MultimereLossScorer" : 0.0
    }
  }, {
    "source" : 28,
    "target" : 40,
    "molecularFormula" : "CHN",
    "score" : 0.22790694871602046,
    "scores" : {
      "StrangeElementLossScorer" : 0.0,
      "LossSizeScorer" : 0.8327247328726184,
      "Loss RDBE" : 0.0,
      "Free Radical" : 0.011626542158820332,
      "PureCarbonNitrogenLossScorer" : 0.0,
      "CommonLossEdgeScorer" : -0.6164443263154182,
      "MS2-Isotopes" : 0.0,
      "PhosphorScorer" : 0.0,
      "AdductSwitchLossScorer" : 0.0,
      "MultimereLossScorer" : 0.0
    }
  }, {
    "source" : 31,
    "target" : 41,
    "molecularFormula" : "C2H2",
    "score" : 0.9973949563771033,
    "scores" : {
      "StrangeElementLossScorer" : 0.0,
      "LossSizeScorer" : 0.7807531970774599,
      "Loss RDBE" : 0.0,
      "Free Radical" : 0.011626542158820332,
      "PureCarbonNitrogenLossScorer" : 0.0,
      "CommonLossEdgeScorer" : 0.20501521714082305,
      "MS2-Isotopes" : 0.0,
      "PhosphorScorer" : 0.0,
      "AdductSwitchLossScorer" : 0.0,
      "MultimereLossScorer" : 0.0
    }
  }, {
    "source" : 20,
    "target" : 42,
    "molecularFormula" : "CH2BNO2",
    "score" : -2.040846514918404,
    "scores" : {
      "StrangeElementLossScorer" : 0.0,
      "LossSizeScorer" : 0.6423315688592108,
      "Loss RDBE" : 0.0,
      "Free Radical" : 0.011626542158820332,
      "PureCarbonNitrogenLossScorer" : 0.0,
      "CommonLossEdgeScorer" : -2.694804625936435,
      "MS2-Isotopes" : 0.0,
      "PhosphorScorer" : 0.0,
      "AdductSwitchLossScorer" : 0.0,
      "MultimereLossScorer" : 0.0
    }
  }, {
    "source" : 33,
    "target" : 43,
    "molecularFormula" : "C2H2",
    "score" : 0.9973669157188244,
    "scores" : {
      "StrangeElementLossScorer" : 0.0,
      "LossSizeScorer" : 0.780725156419181,
      "Loss RDBE" : 0.0,
      "Free Radical" : 0.011626542158820332,
      "PureCarbonNitrogenLossScorer" : 0.0,
      "CommonLossEdgeScorer" : 0.20501521714082305,
      "MS2-Isotopes" : 0.0,
      "PhosphorScorer" : 0.0,
      "AdductSwitchLossScorer" : 0.0,
      "MultimereLossScorer" : 0.0
    }
  }, {
    "source" : 34,
    "target" : 44,
    "molecularFormula" : "C2H2",
    "score" : 0.997369469989852,
    "scores" : {
      "StrangeElementLossScorer" : 0.0,
      "LossSizeScorer" : 0.7807277106902086,
      "Loss RDBE" : 0.0,
      "Free Radical" : 0.011626542158820332,
      "PureCarbonNitrogenLossScorer" : 0.0,
      "CommonLossEdgeScorer" : 0.20501521714082305,
      "MS2-Isotopes" : 0.0,
      "PhosphorScorer" : 0.0,
      "AdductSwitchLossScorer" : 0.0,
      "MultimereLossScorer" : 0.0
    }
  }, {
    "source" : 36,
    "target" : 45,
    "molecularFormula" : "C2H2",
    "score" : 0.997402230004545,
    "scores" : {
      "StrangeElementLossScorer" : 0.0,
      "LossSizeScorer" : 0.7807604707049016,
      "Loss RDBE" : 0.0,
      "Free Radical" : 0.011626542158820332,
      "PureCarbonNitrogenLossScorer" : 0.0,
      "CommonLossEdgeScorer" : 0.20501521714082305,
      "MS2-Isotopes" : 0.0,
      "PhosphorScorer" : 0.0,
      "AdductSwitchLossScorer" : 0.0,
      "MultimereLossScorer" : 0.0
    }
  }, {
    "source" : 38,
    "target" : 46,
    "molecularFormula" : "C2H2",
    "score" : 0.9973837958495247,
    "scores" : {
      "StrangeElementLossScorer" : 0.0,
      "LossSizeScorer" : 0.7807420365498814,
      "Loss RDBE" : 0.0,
      "Free Radical" : 0.011626542158820332,
      "PureCarbonNitrogenLossScorer" : 0.0,
      "CommonLossEdgeScorer" : 0.20501521714082305,
      "MS2-Isotopes" : 0.0,
      "PhosphorScorer" : 0.0,
      "AdductSwitchLossScorer" : 0.0,
      "MultimereLossScorer" : 0.0
    }
  }, {
    "source" : 21,
    "target" : 47,
    "molecularFormula" : "C6H4",
    "score" : -2.1936772536718268,
    "scores" : {
      "StrangeElementLossScorer" : 0.0,
      "LossSizeScorer" : 0.48950083010578815,
      "Loss RDBE" : 0.0,
      "Free Radical" : 0.011626542158820332,
      "PureCarbonNitrogenLossScorer" : 0.0,
      "CommonLossEdgeScorer" : -2.694804625936435,
      "MS2-Isotopes" : 0.0,
      "PhosphorScorer" : 0.0,
      "AdductSwitchLossScorer" : 0.0,
      "MultimereLossScorer" : 0.0
    }
  }, {
    "source" : 40,
    "target" : 48,
    "molecularFormula" : "C2H2",
    "score" : 0.9973786874558451,
    "scores" : {
      "StrangeElementLossScorer" : 0.0,
      "LossSizeScorer" : 0.7807369281562018,
      "Loss RDBE" : 0.0,
      "Free Radical" : 0.011626542158820332,
      "PureCarbonNitrogenLossScorer" : 0.0,
      "CommonLossEdgeScorer" : 0.20501521714082305,
      "MS2-Isotopes" : 0.0,
      "PhosphorScorer" : 0.0,
      "AdductSwitchLossScorer" : 0.0,
      "MultimereLossScorer" : 0.0
    }
  }, {
    "source" : 25,
    "target" : 49,
    "molecularFormula" : "C6H2",
    "score" : -2.141433079040798,
    "scores" : {
      "StrangeElementLossScorer" : 0.0,
      "LossSizeScorer" : 0.5417450047368169,
      "Loss RDBE" : 0.0,
      "Free Radical" : 0.011626542158820332,
      "PureCarbonNitrogenLossScorer" : 0.0,
      "CommonLossEdgeScorer" : -2.694804625936435,
      "MS2-Isotopes" : 0.0,
      "PhosphorScorer" : 0.0,
      "AdductSwitchLossScorer" : 0.0,
      "MultimereLossScorer" : 0.0
    }
  }, {
    "source" : 49,
    "target" : 50,
    "molecularFormula" : "H2",
    "score" : -0.5924357220832004,
    "scores" : {
      "StrangeElementLossScorer" : 0.0,
      "LossSizeScorer" : -13.382796067012727,
      "Loss RDBE" : 0.0,
      "Free Radical" : 0.011626542158820332,
      "PureCarbonNitrogenLossScorer" : 0.0,
      "CommonLossEdgeScorer" : 12.778733802770706,
      "MS2-Isotopes" : 0.0,
      "PhosphorScorer" : 0.0,
      "AdductSwitchLossScorer" : 0.0,
      "MultimereLossScorer" : 0.0
    }
  }, {
    "source" : 44,
    "target" : 51,
    "molecularFormula" : "C2H2",
    "score" : 0.997385128464409,
    "scores" : {
      "StrangeElementLossScorer" : 0.0,
      "LossSizeScorer" : 0.7807433691647656,
      "Loss RDBE" : 0.0,
      "Free Radical" : 0.011626542158820332,
      "PureCarbonNitrogenLossScorer" : 0.0,
      "CommonLossEdgeScorer" : 0.20501521714082305,
      "MS2-Isotopes" : 0.0,
      "PhosphorScorer" : 0.0,
      "AdductSwitchLossScorer" : 0.0,
      "MultimereLossScorer" : 0.0
    }
  }, {
    "source" : 47,
    "target" : 52,
    "molecularFormula" : "CHN",
    "score" : 0.22788557072531035,
    "scores" : {
      "StrangeElementLossScorer" : 0.0,
      "LossSizeScorer" : 0.8327033548819083,
      "Loss RDBE" : 0.0,
      "Free Radical" : 0.011626542158820332,
      "PureCarbonNitrogenLossScorer" : 0.0,
      "CommonLossEdgeScorer" : -0.6164443263154182,
      "MS2-Isotopes" : 0.0,
      "PhosphorScorer" : 0.0,
      "AdductSwitchLossScorer" : 0.0,
      "MultimereLossScorer" : 0.0
    }
  }, {
    "source" : 49,
    "target" : 53,
    "molecularFormula" : "CH4",
    "score" : 0.3088639142266897,
    "scores" : {
      "StrangeElementLossScorer" : 0.0,
      "LossSizeScorer" : -0.2937697957365293,
      "Loss RDBE" : 0.0,
      "Free Radical" : 0.011626542158820332,
      "PureCarbonNitrogenLossScorer" : 0.0,
      "CommonLossEdgeScorer" : 0.5910071678043987,
      "MS2-Isotopes" : 0.0,
      "PhosphorScorer" : 0.0,
      "AdductSwitchLossScorer" : 0.0,
      "MultimereLossScorer" : 0.0
    }
  } ]
}