{
  "molecularFormula" : "C15H21FN2O",
  "root" : "C15H21FN2O",
  "annotations" : {
    "recalibration" : {
      "merged" : "1.0000016912147847x + -2.6021034457812675E-4"
    },
    "nodeBoost" : 0.0,
    "numberOfUnconsideredCandidates" : 0,
    "lowestConsideredCandidateScore" : 116.98403776748073,
    "statistics" : {
      "explainedIntensity" : 0.8477863367832782,
      "explainedIntensityOfExplainablePeaks" : 0.878427593754816,
      "ratioOfExplainedPeaks" : 0.6551724137931034
    },
    "precursorIonType" : "[M + H]+"
  },
  "fragments" : [ {
    "id" : 0,
    "molecularFormula" : "C15H21FN2O",
    "massDeviation" : "-4.491324972557468 ppm (-0.001190964090540092 m/z)",
    "recalibratedMassDeviation" : "-3.781404276178814 ppm (-0.0010027152186466992 m/z)",
    "score" : 2.462793142186445,
    "scores" : {
      "Chemical Prior" : 1.0,
      "MS-Isotopes" : 3.4978946677103404,
      "Mass Deviation" : -0.4256636130897952,
      "CarbohydrogenCompound" : 0.0,
      "motif-search" : 0.0,
      "MS2-Isotopes" : 0.0,
      "PhosphorScorer" : 0.0,
      "BeautificationScorer" : -0.0,
      "IntrinsicallyChargedScorer" : 0.0,
      "StrangeElementRootScorer" : -1.6094379124341003
    },
    "molecularFormula" : "C15H21FN2O",
    "relativeIntensity" : 1.0,
    "ion" : "[M + H]+",
    "mz" : 265.169877,
    "recalibratedMass" : 265.1700652488719,
    "peaks" : [ {
      "intensity" : 4.1282842670876E7,
      "ce" : "35 eV",
      "spectrum" : 0,
      "mz" : 265.169533
    } ],
    "isotopes" : {
      "score" : 3.4978946677103404,
      "mz" : [ 265.169877, 266.172339, 267.176348 ],
      "relInt" : [ 1.0, 0.20735577296430813, 0.0289846980810308 ]
    }
  }, {
    "id" : 1,
    "molecularFormula" : "C15H19FN2O",
    "massDeviation" : "-1.287834123565747 ppm (-3.389000905258399E-4 m/z)",
    "recalibratedMassDeviation" : "-0.5854288170426292 ppm (-1.5405867480922097E-4 m/z)",
    "score" : 0.8860794545874237,
    "scores" : {
      "TreeSizeScorer" : -0.5,
      "StrangeElementFragmentScorer" : 0.0,
      "StrangeElementSmallFragmentScorer" : 0.0,
      "Common Fragments" : 0.0,
      "Mass Deviation" : -0.04780862932828637,
      "CarbohydrogenFragment" : 0.0,
      "MS2-Isotopes" : 0.0,
      "FragmentSizeScorer" : 0.0,
      "PhosphorScorer" : 0.0,
      "ClippedPeakIsNoiseScorer" : 1.43388808391571
    },
    "molecularFormula" : "C15H19FN2O",
    "relativeIntensity" : 0.05101247763654337,
    "ion" : "[M + H]+",
    "mz" : 263.155079,
    "recalibratedMass" : 263.1552638414157,
    "peaks" : [ {
      "intensity" : 2105940.088521,
      "ce" : "35 eV",
      "spectrum" : 0,
      "mz" : 263.155079
    } ]
  }, {
    "id" : 2,
    "molecularFormula" : "C14H18FN2O",
    "massDeviation" : "-5.596199861079098 ppm (-0.0013998680905160654 m/z)",
    "recalibratedMassDeviation" : "-4.945214936304155 ppm (-0.0012370274951649662 m/z)",
    "score" : -0.22070048253317281,
    "scores" : {
      "TreeSizeScorer" : -0.5,
      "StrangeElementFragmentScorer" : 0.0,
      "StrangeElementSmallFragmentScorer" : 0.0,
      "Common Fragments" : 0.0,
      "Mass Deviation" : -0.47652415266668496,
      "CarbohydrogenFragment" : 0.0,
      "MS2-Isotopes" : 0.0,
      "FragmentSizeScorer" : 0.0,
      "PhosphorScorer" : 0.0,
      "ClippedPeakIsNoiseScorer" : 0.7558236701335121
    },
    "molecularFormula" : "C14H18FN2O",
    "relativeIntensity" : 0.012514550082968822,
    "ion" : "[M + H]+",
    "mz" : 250.146193,
    "recalibratedMass" : 250.14635584059536,
    "peaks" : [ {
      "intensity" : 516636.202172,
      "ce" : "35 eV",
      "spectrum" : 0,
      "mz" : 250.146193
    } ]
  }, {
    "id" : 3,
    "molecularFormula" : "C12H14FNO",
    "massDeviation" : "-5.217091742223709 ppm (-0.0010857400905308623 m/z)",
    "recalibratedMassDeviation" : "-4.776212065897561 ppm (-9.93988118921152E-4 m/z)",
    "score" : 1.2264547317042287,
    "scores" : {
      "TreeSizeScorer" : -0.5,
      "StrangeElementFragmentScorer" : 0.0,
      "StrangeElementSmallFragmentScorer" : 0.0,
      "Common Fragments" : 0.0,
      "Mass Deviation" : -0.4574115088435714,
      "CarbohydrogenFragment" : 0.0,
      "MS2-Isotopes" : 0.0,
      "FragmentSizeScorer" : 0.0,
      "PhosphorScorer" : 0.0,
      "ClippedPeakIsNoiseScorer" : 2.1838662405478
    },
    "molecularFormula" : "C12H14FNO",
    "relativeIntensity" : 0.16926604244667737,
    "ion" : "[M + H]+",
    "mz" : 208.112133,
    "recalibratedMass" : 208.1122247519716,
    "peaks" : [ {
      "intensity" : 6987783.399848,
      "ce" : "35 eV",
      "spectrum" : 0,
      "mz" : 208.112133
    } ]
  }, {
    "id" : 4,
    "molecularFormula" : "C11H11FNO",
    "massDeviation" : "-2.0231260008618976 ppm (-3.9064409054390126E-4 m/z)",
    "recalibratedMassDeviation" : "-1.6795268620039425 ppm (-3.242988665590474E-4 m/z)",
    "score" : 0.9507922473876144,
    "scores" : {
      "TreeSizeScorer" : -0.5,
      "StrangeElementFragmentScorer" : 0.0,
      "StrangeElementSmallFragmentScorer" : 0.0,
      "Common Fragments" : 0.0,
      "Mass Deviation" : -0.13789727596959034,
      "CarbohydrogenFragment" : 0.0,
      "MS2-Isotopes" : 0.0,
      "FragmentSizeScorer" : 0.06910647000000014,
      "PhosphorScorer" : 0.0,
      "ClippedPeakIsNoiseScorer" : 1.5195830533572046
    },
    "molecularFormula" : "C11H11FNO",
    "relativeIntensity" : 0.05969271750466184,
    "ion" : "[M + H]+",
    "mz" : 193.089353,
    "recalibratedMass" : 193.08941934522397,
    "peaks" : [ {
      "intensity" : 2464285.065342,
      "ce" : "35 eV",
      "spectrum" : 0,
      "mz" : 193.089353
    } ]
  }, {
    "id" : 5,
    "molecularFormula" : "C12H13N",
    "massDeviation" : "-0.17934881044165918 ppm (-3.0868090533431314E-5 m/z)",
    "recalibratedMassDeviation" : "0.0 ppm (0.0 m/z)",
    "score" : 0.1622563457120118,
    "scores" : {
      "TreeSizeScorer" : -0.5,
      "StrangeElementFragmentScorer" : 0.0,
      "StrangeElementSmallFragmentScorer" : 0.0,
      "Common Fragments" : 0.01947412258652781,
      "Mass Deviation" : 0.0,
      "CarbohydrogenFragment" : 0.0,
      "MS2-Isotopes" : 0.0,
      "FragmentSizeScorer" : 0.2788795500000001,
      "PhosphorScorer" : 0.0,
      "ClippedPeakIsNoiseScorer" : 0.3639026731254839
    },
    "molecularFormula" : "C12H13N",
    "relativeIntensity" : 0.004974430553685571,
    "ion" : "[M + H]+",
    "mz" : 172.112045,
    "recalibratedMass" : 172.11207586809053,
    "peaks" : [ {
      "intensity" : 205358.633925,
      "ce" : "35 eV",
      "spectrum" : 0,
      "mz" : 172.112045
    } ]
  }, {
    "id" : 6,
    "molecularFormula" : "C10H9FO",
    "massDeviation" : "-5.673833038081955 ppm (-9.365800905243304E-4 m/z)",
    "recalibratedMassDeviation" : "-5.558980453360709 ppm (-9.176214702222296E-4 m/z)",
    "score" : 0.6365075931238027,
    "scores" : {
      "TreeSizeScorer" : -0.5,
      "StrangeElementFragmentScorer" : 0.0,
      "StrangeElementSmallFragmentScorer" : 0.0,
      "Common Fragments" : 0.0,
      "Mass Deviation" : -0.4363830521148979,
      "CarbohydrogenFragment" : 0.0,
      "MS2-Isotopes" : 0.0,
      "FragmentSizeScorer" : 0.3492991699999999,
      "PhosphorScorer" : 0.0,
      "ClippedPeakIsNoiseScorer" : 1.2235914752387007
    },
    "molecularFormula" : "C10H9FO",
    "relativeIntensity" : 0.03398388092968575,
    "ion" : "[M + H]+",
    "mz" : 165.070083,
    "recalibratedMass" : 165.0701019586203,
    "peaks" : [ {
      "intensity" : 1402951.209766,
      "ce" : "35 eV",
      "spectrum" : 0,
      "mz" : 165.070083
    } ]
  }, {
    "id" : 7,
    "molecularFormula" : "C10H12N2",
    "massDeviation" : "-3.2204479959762566 ppm (-5.188360905208356E-4 m/z)",
    "recalibratedMassDeviation" : "-3.1443748214635345 ppm (-5.065802228898519E-4 m/z)",
    "score" : 2.0223397408564256,
    "scores" : {
      "TreeSizeScorer" : -0.5,
      "StrangeElementFragmentScorer" : 0.0,
      "StrangeElementSmallFragmentScorer" : 0.0,
      "Common Fragments" : 1.391100725401066,
      "Mass Deviation" : -0.2230885066462276,
      "CarbohydrogenFragment" : 0.0,
      "MS2-Isotopes" : 0.0,
      "FragmentSizeScorer" : 0.38893194,
      "PhosphorScorer" : 0.0,
      "ClippedPeakIsNoiseScorer" : 0.965395582101587
    },
    "molecularFormula" : "C10H12N2",
    "relativeIntensity" : 0.01987963877606168,
    "ion" : "[M + H]+",
    "mz" : 161.106806,
    "recalibratedMass" : 161.10681825586764,
    "peaks" : [ {
      "intensity" : 820687.999946,
      "ce" : "35 eV",
      "spectrum" : 0,
      "mz" : 161.106806
    } ]
  }, {
    "id" : 8,
    "molecularFormula" : "C11H11N",
    "massDeviation" : "1.949413512037653 ppm (3.0819590946862263E-4 m/z)",
    "recalibratedMassDeviation" : "1.9947349737746658 ppm (3.1536109884200414E-4 m/z)",
    "score" : 0.7230715061551583,
    "scores" : {
      "TreeSizeScorer" : -0.5,
      "StrangeElementFragmentScorer" : 0.0,
      "StrangeElementSmallFragmentScorer" : 0.0,
      "Common Fragments" : 0.0,
      "Mass Deviation" : -0.13386455891661722,
      "CarbohydrogenFragment" : 0.0,
      "MS2-Isotopes" : 0.0,
      "FragmentSizeScorer" : 0.41903266000000006,
      "PhosphorScorer" : 0.0,
      "ClippedPeakIsNoiseScorer" : 0.9379034050717754
    },
    "molecularFormula" : "C11H11N",
    "relativeIntensity" : 0.018733800239938498,
    "ion" : "[M + H]+",
    "mz" : 158.096734,
    "recalibratedMass" : 158.09674116518937,
    "peaks" : [ {
      "intensity" : 773384.527933,
      "ce" : "35 eV",
      "spectrum" : 0,
      "mz" : 158.096734
    } ]
  }, {
    "id" : 9,
    "molecularFormula" : "C11H10N",
    "massDeviation" : "1.573809424607735 ppm (2.4722790948317197E-4 m/z)",
    "recalibratedMassDeviation" : "1.608570828348213 ppm (2.5268854713544897E-4 m/z)",
    "score" : 0.3258106636254401,
    "scores" : {
      "TreeSizeScorer" : -0.5,
      "StrangeElementFragmentScorer" : 0.0,
      "StrangeElementSmallFragmentScorer" : 0.0,
      "Common Fragments" : 0.09299768241065376,
      "Mass Deviation" : -0.10596134968991276,
      "CarbohydrogenFragment" : 0.0,
      "MS2-Isotopes" : 0.0,
      "FragmentSizeScorer" : 0.42911151999999997,
      "PhosphorScorer" : 0.0,
      "ClippedPeakIsNoiseScorer" : 0.40966281090469914
    },
    "molecularFormula" : "C11H10N",
    "relativeIntensity" : 0.0055592282146768686,
    "ion" : "[M + H]+",
    "mz" : 157.088848,
    "recalibratedMass" : 157.08885346063767,
    "peaks" : [ {
      "intensity" : 229500.743758,
      "ce" : "35 eV",
      "spectrum" : 0,
      "mz" : 157.088848
    } ]
  }, {
    "id" : 10,
    "molecularFormula" : "C10H11N",
    "massDeviation" : "-2.0657912219905827 ppm (-3.0180409052604773E-4 m/z)",
    "recalibratedMassDeviation" : "-2.155666624798877 ppm (-3.149345102144707E-4 m/z)",
    "score" : 2.3762072351922385,
    "scores" : {
      "TreeSizeScorer" : -0.5,
      "StrangeElementFragmentScorer" : 0.0,
      "StrangeElementSmallFragmentScorer" : 0.0,
      "Common Fragments" : 1.4078640160603104,
      "Mass Deviation" : -0.13367241679187483,
      "CarbohydrogenFragment" : 0.0,
      "MS2-Isotopes" : 0.0,
      "FragmentSizeScorer" : 0.53903876,
      "PhosphorScorer" : 0.0,
      "ClippedPeakIsNoiseScorer" : 1.062976875923803
    },
    "molecularFormula" : "C10H11N",
    "relativeIntensity" : 0.0244581667200287,
    "ion" : "[M + H]+",
    "mz" : 146.096124,
    "recalibratedMass" : 146.09611086958031,
    "peaks" : [ {
      "intensity" : 1009702.648721,
      "ce" : "35 eV",
      "spectrum" : 0,
      "mz" : 146.096124
    } ]
  }, {
    "id" : 11,
    "molecularFormula" : "C10H9N",
    "massDeviation" : "1.146993546255893 ppm (1.6525990946547608E-4 m/z)",
    "recalibratedMassDeviation" : "1.032207303244405 ppm (1.487213824873379E-4 m/z)",
    "score" : 2.556867152626147,
    "scores" : {
      "TreeSizeScorer" : -0.5,
      "StrangeElementFragmentScorer" : 0.0,
      "StrangeElementSmallFragmentScorer" : 0.0,
      "Common Fragments" : 1.391100725401066,
      "Mass Deviation" : -0.061106140086528704,
      "CarbohydrogenFragment" : 0.0,
      "MS2-Isotopes" : 0.0,
      "FragmentSizeScorer" : 0.55919059,
      "PhosphorScorer" : 0.0,
      "ClippedPeakIsNoiseScorer" : 1.1676819773116094
    },
    "molecularFormula" : "C10H9N",
    "relativeIntensity" : 0.030361217340157638,
    "ion" : "[M + H]+",
    "mz" : 144.080941,
    "recalibratedMass" : 144.08092446147302,
    "peaks" : [ {
      "intensity" : 1253397.35875,
      "ce" : "35 eV",
      "spectrum" : 0,
      "mz" : 144.080941
    } ]
  }, {
    "id" : 12,
    "molecularFormula" : "C10H8N",
    "massDeviation" : "2.658020937985385 ppm (3.8029190946531344E-4 m/z)",
    "recalibratedMassDeviation" : "2.5305159333114746 ppm (3.6204929756422644E-4 m/z)",
    "score" : 0.27438829195490244,
    "scores" : {
      "TreeSizeScorer" : -0.5,
      "StrangeElementFragmentScorer" : 0.0,
      "StrangeElementSmallFragmentScorer" : 0.0,
      "Common Fragments" : 0.0,
      "Mass Deviation" : -0.15507817633132664,
      "CarbohydrogenFragment" : 0.0,
      "MS2-Isotopes" : 0.0,
      "FragmentSizeScorer" : 0.5692666900000001,
      "PhosphorScorer" : 0.0,
      "ClippedPeakIsNoiseScorer" : 0.360199778286229
    },
    "molecularFormula" : "C10H8N",
    "relativeIntensity" : 0.004929711452830087,
    "ion" : "[M + H]+",
    "mz" : 143.073331,
    "recalibratedMass" : 143.0733127573881,
    "peaks" : [ {
      "intensity" : 203512.50232,
      "ce" : "35 eV",
      "spectrum" : 0,
      "mz" : 143.073331
    } ]
  }, {
    "id" : 13,
    "molecularFormula" : "C9H9N",
    "massDeviation" : "-0.43715760645650964 ppm (-5.774009053993723E-5 m/z)",
    "recalibratedMassDeviation" : "-0.7160288031608605 ppm (-9.457357205633343E-5 m/z)",
    "score" : 2.269268107197826,
    "scores" : {
      "TreeSizeScorer" : -0.5,
      "StrangeElementFragmentScorer" : 0.0,
      "StrangeElementSmallFragmentScorer" : 0.0,
      "Common Fragments" : 1.391100725401066,
      "Mass Deviation" : -0.03844496821610996,
      "CarbohydrogenFragment" : 0.0,
      "MS2-Isotopes" : 0.0,
      "FragmentSizeScorer" : 0.6791928200000001,
      "PhosphorScorer" : 0.0,
      "ClippedPeakIsNoiseScorer" : 0.7374195300128699
    },
    "molecularFormula" : "C9H9N",
    "relativeIntensity" : 0.012003049422141098,
    "ion" : "[M + H]+",
    "mz" : 132.080718,
    "recalibratedMass" : 132.08068116651847,
    "peaks" : [ {
      "intensity" : 495520.000865,
      "ce" : "35 eV",
      "spectrum" : 0,
      "mz" : 132.080718
    } ]
  }, {
    "id" : 14,
    "molecularFormula" : "C9H8N",
    "massDeviation" : "-1.218468679251361 ppm (-1.5970809053555968E-4 m/z)",
    "recalibratedMassDeviation" : "-1.5124897384850404 ppm (-1.982461930936097E-4 m/z)",
    "score" : 0.8436341770419582,
    "scores" : {
      "TreeSizeScorer" : -0.5,
      "StrangeElementFragmentScorer" : 0.0,
      "StrangeElementSmallFragmentScorer" : 0.0,
      "Common Fragments" : 0.0,
      "Mass Deviation" : -0.08225123283650608,
      "CarbohydrogenFragment" : 0.0,
      "MS2-Isotopes" : 0.0,
      "FragmentSizeScorer" : 0.68927209,
      "PhosphorScorer" : 0.0,
      "ClippedPeakIsNoiseScorer" : 0.7366133198784642
    },
    "molecularFormula" : "C9H8N",
    "relativeIntensity" : 0.011981080805003213,
    "ion" : "[M + H]+",
    "mz" : 131.072791,
    "recalibratedMass" : 131.07275246189744,
    "peaks" : [ {
      "intensity" : 494613.0739,
      "ce" : "35 eV",
      "spectrum" : 0,
      "mz" : 131.072791
    } ]
  }, {
    "id" : 15,
    "molecularFormula" : "C9H7N",
    "massDeviation" : "0.648320250098584 ppm (8.432390947632484E-5 m/z)",
    "recalibratedMassDeviation" : "0.3389206434346758 ppm (4.4081771022774774E-5 m/z)",
    "score" : 1.5256491603651818,
    "scores" : {
      "TreeSizeScorer" : -0.5,
      "StrangeElementFragmentScorer" : 0.0,
      "StrangeElementSmallFragmentScorer" : 0.0,
      "Common Fragments" : 0.0,
      "Mass Deviation" : -0.017741105334354808,
      "CarbohydrogenFragment" : 0.0,
      "MS2-Isotopes" : 0.0,
      "FragmentSizeScorer" : 0.6993479,
      "PhosphorScorer" : 0.0,
      "ClippedPeakIsNoiseScorer" : 1.3440423656995366
    },
    "molecularFormula" : "C9H7N",
    "relativeIntensity" : 0.04303638586938665,
    "ion" : "[M + H]+",
    "mz" : 130.06521,
    "recalibratedMass" : 130.06516975786155,
    "peaks" : [ {
      "intensity" : 1776664.346969,
      "ce" : "35 eV",
      "spectrum" : 0,
      "mz" : 130.06521
    } ]
  }, {
    "id" : 16,
    "molecularFormula" : "C10H8",
    "massDeviation" : "0.8700078951724972 ppm (1.1229190945982737E-4 m/z)",
    "recalibratedMassDeviation" : "0.5451822065004637 ppm (7.036663853909886E-5 m/z)",
    "score" : 0.8391318567800655,
    "scores" : {
      "TreeSizeScorer" : -0.5,
      "StrangeElementFragmentScorer" : 0.0,
      "StrangeElementSmallFragmentScorer" : 0.0,
      "Common Fragments" : 0.0,
      "Mass Deviation" : -0.028467827381502914,
      "CarbohydrogenFragment" : 0.0,
      "MS2-Isotopes" : 0.0,
      "FragmentSizeScorer" : 0.70930011,
      "PhosphorScorer" : 0.0,
      "ClippedPeakIsNoiseScorer" : 0.6582995741615684
    },
    "molecularFormula" : "C10H8",
    "relativeIntensity" : 0.010012801379581665,
    "ion" : "[M + H]+",
    "mz" : 129.069989,
    "recalibratedMass" : 129.06994707472907,
    "peaks" : [ {
      "intensity" : 413356.904048,
      "ce" : "35 eV",
      "spectrum" : 0,
      "mz" : 129.069989
    } ]
  }, {
    "id" : 17,
    "molecularFormula" : "C8H9N",
    "massDeviation" : "-1.9215443311777096 ppm (-2.3074009052947986E-4 m/z)",
    "recalibratedMassDeviation" : "-2.397295740217735 ppm (-2.8786844205797024E-4 m/z)",
    "score" : 3.619797700238735,
    "scores" : {
      "TreeSizeScorer" : -0.5,
      "StrangeElementFragmentScorer" : 0.0,
      "StrangeElementSmallFragmentScorer" : 0.0,
      "Common Fragments" : 2.301816214927566,
      "Mass Deviation" : -0.12154363371459564,
      "CarbohydrogenFragment" : 0.0,
      "MS2-Isotopes" : 0.0,
      "FragmentSizeScorer" : 0.79919455,
      "PhosphorScorer" : 0.0,
      "ClippedPeakIsNoiseScorer" : 1.1403305690257648
    },
    "molecularFormula" : "C8H9N",
    "relativeIntensity" : 0.02871225245002849,
    "ion" : "[M + H]+",
    "mz" : 120.080545,
    "recalibratedMass" : 120.08048787164847,
    "peaks" : [ {
      "intensity" : 1185323.400621,
      "ce" : "35 eV",
      "spectrum" : 0,
      "mz" : 120.080545
    } ]
  }, {
    "id" : 18,
    "molecularFormula" : "C8H7N",
    "massDeviation" : "-2.9363210050114996 ppm (-3.466760905297406E-4 m/z)",
    "recalibratedMassDeviation" : "-3.4490704811226633 ppm (-4.0721353531125715E-4 m/z)",
    "score" : 1.7392632675266817,
    "scores" : {
      "TreeSizeScorer" : -0.5,
      "StrangeElementFragmentScorer" : 0.0,
      "StrangeElementSmallFragmentScorer" : 0.0,
      "Common Fragments" : 0.0,
      "Mass Deviation" : -0.17594894018940796,
      "CarbohydrogenFragment" : 0.0,
      "MS2-Isotopes" : 0.0,
      "FragmentSizeScorer" : 0.8193522099999999,
      "PhosphorScorer" : 0.0,
      "ClippedPeakIsNoiseScorer" : 1.5958599977160897
    },
    "molecularFormula" : "C8H7N",
    "relativeIntensity" : 0.06836471575495585,
    "ion" : "[M + H]+",
    "mz" : 118.064779,
    "recalibratedMass" : 118.06471846255522,
    "peaks" : [ {
      "intensity" : 2822289.804751,
      "ce" : "35 eV",
      "spectrum" : 0,
      "mz" : 118.064779
    } ]
  }, {
    "id" : 19,
    "molecularFormula" : "C9H8",
    "massDeviation" : "-1.0225364227677862 ppm (-1.1970809053707399E-4 m/z)",
    "recalibratedMassDeviation" : "-1.5540173021426724 ppm (-1.8192833124430763E-4 m/z)",
    "score" : 1.4332494853495454,
    "scores" : {
      "TreeSizeScorer" : -0.5,
      "StrangeElementFragmentScorer" : 0.0,
      "StrangeElementSmallFragmentScorer" : 0.0,
      "Common Fragments" : 0.0,
      "Mass Deviation" : -0.0752397735329776,
      "CarbohydrogenFragment" : 0.09932258138450645,
      "MS2-Isotopes" : 0.0,
      "FragmentSizeScorer" : 0.82930243,
      "PhosphorScorer" : 0.0,
      "ClippedPeakIsNoiseScorer" : 1.0798642474980165
    },
    "molecularFormula" : "C9H8",
    "relativeIntensity" : 0.025337247565340795,
    "ion" : "[M + H]+",
    "mz" : 117.069757,
    "recalibratedMass" : 117.06969477975929,
    "peaks" : [ {
      "intensity" : 1045993.604953,
      "ce" : "35 eV",
      "spectrum" : 0,
      "mz" : 117.069757
    } ]
  }, {
    "id" : 20,
    "molecularFormula" : "C8H6N",
    "massDeviation" : "1.8568299856659312 ppm (2.1735590947002947E-4 m/z)",
    "recalibratedMassDeviation" : "1.3251182419705607 ppm (1.5511496998499297E-4 m/z)",
    "score" : 1.415093350002447,
    "scores" : {
      "TreeSizeScorer" : -0.5,
      "StrangeElementFragmentScorer" : 0.0,
      "StrangeElementSmallFragmentScorer" : 0.0,
      "Common Fragments" : 0.0,
      "Mass Deviation" : -0.06381338408636954,
      "CarbohydrogenFragment" : 0.0,
      "MS2-Isotopes" : 0.0,
      "FragmentSizeScorer" : 0.8294248200000001,
      "PhosphorScorer" : 0.0,
      "ClippedPeakIsNoiseScorer" : 1.1494819140888164
    },
    "molecularFormula" : "C8H6N",
    "relativeIntensity" : 0.029255231124334116,
    "ion" : "[M + H]+",
    "mz" : 117.057518,
    "recalibratedMass" : 117.05745575906052,
    "peaks" : [ {
      "intensity" : 1207739.103806,
      "ce" : "35 eV",
      "spectrum" : 0,
      "mz" : 117.057518
    } ]
  }, {
    "id" : 21,
    "molecularFormula" : "C9H7",
    "massDeviation" : "3.182114471550716 ppm (3.6932390946731175E-4 m/z)",
    "recalibratedMassDeviation" : "2.631344519604536 ppm (3.0540004722467984E-4 m/z)",
    "score" : 1.277848828605825,
    "scores" : {
      "TreeSizeScorer" : -0.5,
      "StrangeElementFragmentScorer" : 0.0,
      "StrangeElementSmallFragmentScorer" : 0.0,
      "Common Fragments" : 0.5803583202473606,
      "Mass Deviation" : -0.1293858917922284,
      "CarbohydrogenFragment" : 0.0,
      "MS2-Isotopes" : 0.0,
      "FragmentSizeScorer" : 0.8393757900000001,
      "PhosphorScorer" : 0.0,
      "ClippedPeakIsNoiseScorer" : 0.48750061015069257
    },
    "molecularFormula" : "C9H7",
    "relativeIntensity" : 0.006703016424041426,
    "ion" : "[M + H]+",
    "mz" : 116.062421,
    "recalibratedMass" : 116.06235707613776,
    "peaks" : [ {
      "intensity" : 276719.572454,
      "ce" : "35 eV",
      "spectrum" : 0,
      "mz" : 116.062421
    } ]
  }, {
    "id" : 22,
    "molecularFormula" : "C8H5N",
    "massDeviation" : "1.6578066338349355 ppm (1.9238790946474182E-4 m/z)",
    "recalibratedMassDeviation" : "1.1067894648389058 ppm (1.2844247916632412E-4 m/z)",
    "score" : 0.709391471393313,
    "scores" : {
      "TreeSizeScorer" : -0.5,
      "StrangeElementFragmentScorer" : 0.0,
      "StrangeElementSmallFragmentScorer" : 0.0,
      "Common Fragments" : 0.0,
      "Mass Deviation" : -0.05256350543695102,
      "CarbohydrogenFragment" : 0.0,
      "MS2-Isotopes" : 0.0,
      "FragmentSizeScorer" : 0.8395033199999999,
      "PhosphorScorer" : 0.0,
      "ClippedPeakIsNoiseScorer" : 0.42245165683026414
    },
    "molecularFormula" : "C8H5N",
    "relativeIntensity" : 0.005733761943239197,
    "ion" : "[M + H]+",
    "mz" : 116.049668,
    "recalibratedMass" : 116.0496040545697,
    "peaks" : [ {
      "intensity" : 236705.992215,
      "ce" : "35 eV",
      "spectrum" : 0,
      "mz" : 116.049668
    } ]
  }, {
    "id" : 23,
    "molecularFormula" : "C9H6",
    "massDeviation" : "-0.9529784190912913 ppm (-1.0964409052860447E-4 m/z)",
    "recalibratedMassDeviation" : "-1.5233988660868707 ppm (-1.7527321139709784E-4 m/z)",
    "score" : 2.3070065532409094,
    "scores" : {
      "TreeSizeScorer" : -0.5,
      "StrangeElementFragmentScorer" : 0.0,
      "StrangeElementSmallFragmentScorer" : 0.0,
      "Common Fragments" : 0.0,
      "Mass Deviation" : -0.07239274420077065,
      "CarbohydrogenFragment" : 0.45366580629850106,
      "MS2-Isotopes" : 0.0,
      "FragmentSizeScorer" : 0.8494588299999999,
      "PhosphorScorer" : 0.0,
      "ClippedPeakIsNoiseScorer" : 1.5762746611431793
    },
    "molecularFormula" : "C9H6",
    "relativeIntensity" : 0.0660499399136736,
    "ion" : "[M + H]+",
    "mz" : 115.054117,
    "recalibratedMass" : 115.05405137087914,
    "peaks" : [ {
      "intensity" : 2726729.277877,
      "ce" : "35 eV",
      "spectrum" : 0,
      "mz" : 115.054117
    } ]
  }, {
    "id" : 24,
    "molecularFormula" : "C7H7N",
    "massDeviation" : "3.0294871568760113 ppm (3.2132390947481326E-4 m/z)",
    "recalibratedMassDeviation" : "2.2674038254823285 ppm (2.404930170030184E-4 m/z)",
    "score" : 1.4101446932371229,
    "scores" : {
      "TreeSizeScorer" : -0.5,
      "StrangeElementFragmentScorer" : 0.0,
      "StrangeElementSmallFragmentScorer" : 0.0,
      "Common Fragments" : 0.0,
      "Mass Deviation" : -0.1006075217504127,
      "CarbohydrogenFragment" : 0.0,
      "MS2-Isotopes" : 0.0,
      "FragmentSizeScorer" : 0.93934553,
      "PhosphorScorer" : 0.0,
      "ClippedPeakIsNoiseScorer" : 1.0714066849875357
    },
    "molecularFormula" : "C7H7N",
    "relativeIntensity" : 0.024893625541053212,
    "ion" : "[M + H]+",
    "mz" : 106.065447,
    "recalibratedMass" : 106.06536616910753,
    "peaks" : [ {
      "intensity" : 1027679.626719,
      "ce" : "35 eV",
      "spectrum" : 0,
      "mz" : 106.065447
    } ]
  }, {
    "id" : 25,
    "molecularFormula" : "C8H8",
    "massDeviation" : "-1.2535301245396437 ppm (-1.317080905351986E-4 m/z)",
    "recalibratedMassDeviation" : "-2.0388656809131933 ppm (-2.1422292894612838E-4 m/z)",
    "score" : 2.2231100817534157,
    "scores" : {
      "TreeSizeScorer" : -0.5,
      "StrangeElementFragmentScorer" : 0.0,
      "StrangeElementSmallFragmentScorer" : 0.0,
      "Common Fragments" : 0.9025292970003989,
      "Mass Deviation" : -0.08915853266901443,
      "CarbohydrogenFragment" : 0.0,
      "MS2-Isotopes" : 0.0,
      "FragmentSizeScorer" : 0.9493025500000001,
      "PhosphorScorer" : 0.0,
      "ClippedPeakIsNoiseScorer" : 0.9604367674220315
    },
    "molecularFormula" : "C8H8",
    "relativeIntensity" : 0.01966851290669055,
    "ion" : "[M + H]+",
    "mz" : 105.069745,
    "recalibratedMass" : 105.06966248516159,
    "peaks" : [ {
      "intensity" : 811972.123897,
      "ce" : "35 eV",
      "spectrum" : 0,
      "mz" : 105.069745
    } ]
  }, {
    "id" : 26,
    "molecularFormula" : "C8H6",
    "massDeviation" : "-0.20032263933162558 ppm (-2.0644090540145044E-5 m/z)",
    "recalibratedMassDeviation" : "-1.034093913305096 ppm (-1.0656763831207172E-4 m/z)",
    "score" : 1.4581966641497877,
    "scores" : {
      "TreeSizeScorer" : -0.5,
      "StrangeElementFragmentScorer" : 0.0,
      "StrangeElementSmallFragmentScorer" : 0.0,
      "Common Fragments" : 0.0,
      "Mass Deviation" : -0.043423529403524105,
      "CarbohydrogenFragment" : 0.030559371933034818,
      "MS2-Isotopes" : 0.0,
      "FragmentSizeScorer" : 0.9694579400000001,
      "PhosphorScorer" : 0.0,
      "ClippedPeakIsNoiseScorer" : 1.0016028816202769
    },
    "molecularFormula" : "C8H6",
    "relativeIntensity" : 0.021482456422717594,
    "ion" : "[M + H]+",
    "mz" : 103.054206,
    "recalibratedMass" : 103.05412007645222,
    "peaks" : [ {
      "intensity" : 886856.868683,
      "ce" : "35 eV",
      "spectrum" : 0,
      "mz" : 103.054206
    } ]
  }, {
    "id" : 27,
    "molecularFormula" : "C6H6O",
    "massDeviation" : "3.206077702615521 ppm (3.0473590946655804E-4 m/z)",
    "recalibratedMassDeviation" : "2.1596633824112312 ppm (2.0527459324171105E-4 m/z)",
    "score" : 2.8115608517272133,
    "scores" : {
      "TreeSizeScorer" : -0.5,
      "StrangeElementFragmentScorer" : 0.0,
      "StrangeElementSmallFragmentScorer" : 0.0,
      "Common Fragments" : 0.9025292970003989,
      "Mass Deviation" : -0.08528467871745607,
      "CarbohydrogenFragment" : 0.21813772837146939,
      "MS2-Isotopes" : 0.0,
      "FragmentSizeScorer" : 1.04950554,
      "PhosphorScorer" : 0.0,
      "ClippedPeakIsNoiseScorer" : 1.226672965072801
    },
    "molecularFormula" : "C6H6O",
    "relativeIntensity" : 0.03419374053247691,
    "ion" : "[M + H]+",
    "mz" : 95.049446,
    "recalibratedMass" : 95.04934653868378,
    "peaks" : [ {
      "intensity" : 1411614.810731,
      "ce" : "35 eV",
      "spectrum" : 0,
      "mz" : 95.049446
    } ]
  }, {
    "id" : 28,
    "molecularFormula" : "C6H5N",
    "massDeviation" : "0.2758071385336625 ppm (2.5387909474261505E-5 m/z)",
    "recalibratedMassDeviation" : "-0.8598313636533735 ppm (-7.914695808608485E-5 m/z)",
    "score" : 0.9218240960190787,
    "scores" : {
      "TreeSizeScorer" : -0.5,
      "StrangeElementFragmentScorer" : 0.0,
      "StrangeElementSmallFragmentScorer" : 0.0,
      "Common Fragments" : 0.0,
      "Mass Deviation" : -0.0320758005515141,
      "CarbohydrogenFragment" : 0.0,
      "MS2-Isotopes" : 0.0,
      "FragmentSizeScorer" : 1.0795049899999998,
      "PhosphorScorer" : 0.0,
      "ClippedPeakIsNoiseScorer" : 0.37439490657059304
    },
    "molecularFormula" : "C6H5N",
    "relativeIntensity" : 0.005103208892386325,
    "ion" : "[M + H]+",
    "mz" : 92.049501,
    "recalibratedMass" : 92.04939646513245,
    "peaks" : [ {
      "intensity" : 210674.969821,
      "ce" : "35 eV",
      "spectrum" : 0,
      "mz" : 92.049501
    } ]
  }, {
    "id" : 29,
    "molecularFormula" : "C7H6",
    "massDeviation" : "2.266291740780815 ppm (2.063559094693801E-4 m/z)",
    "recalibratedMassDeviation" : "1.0997628748885457 ppm (1.0013816819309795E-4 m/z)",
    "score" : 3.4188218151906704,
    "scores" : {
      "TreeSizeScorer" : -0.5,
      "StrangeElementFragmentScorer" : 0.0,
      "StrangeElementSmallFragmentScorer" : 0.0,
      "Common Fragments" : 0.0,
      "Mass Deviation" : -0.04075185516474564,
      "CarbohydrogenFragment" : 0.7236037601560805,
      "MS2-Isotopes" : 0.0,
      "FragmentSizeScorer" : 1.08945567,
      "PhosphorScorer" : 0.0,
      "ClippedPeakIsNoiseScorer" : 2.1465142401993353
    },
    "molecularFormula" : "C7H6",
    "relativeIntensity" : 0.16098614811977474,
    "ion" : "[M + H]+",
    "mz" : 91.054433,
    "recalibratedMass" : 91.05432678225873,
    "peaks" : [ {
      "intensity" : 6645965.825019,
      "ce" : "35 eV",
      "spectrum" : 0,
      "mz" : 91.054433
    } ]
  }, {
    "id" : 30,
    "molecularFormula" : "C7H5",
    "massDeviation" : "1.170371988679504 ppm (1.0538790947123289E-4 m/z)",
    "recalibratedMassDeviation" : "-0.028146057827655138 ppm (-2.5344511556113503E-6 m/z)",
    "score" : 1.2126997436898588,
    "scores" : {
      "TreeSizeScorer" : -0.5,
      "StrangeElementFragmentScorer" : 0.0,
      "StrangeElementSmallFragmentScorer" : 0.0,
      "Common Fragments" : 0.0,
      "Mass Deviation" : -0.0010116109588413458,
      "CarbohydrogenFragment" : 0.0,
      "MS2-Isotopes" : 0.0,
      "FragmentSizeScorer" : 1.09953493,
      "PhosphorScorer" : 0.0,
      "ClippedPeakIsNoiseScorer" : 0.6141764246487003
    },
    "molecularFormula" : "C7H5",
    "relativeIntensity" : 0.009038220809349186,
    "ion" : "[M + H]+",
    "mz" : 90.046507,
    "recalibratedMass" : 90.04639907763938,
    "peaks" : [ {
      "intensity" : 373123.447697,
      "ce" : "35 eV",
      "spectrum" : 0,
      "mz" : 90.046507
    } ]
  }, {
    "id" : 31,
    "molecularFormula" : "C7H4",
    "massDeviation" : "-0.4669898324211329 ppm (-4.1580090538673176E-5 m/z)",
    "recalibratedMassDeviation" : "-1.6982235218914736 ppm (-1.5120714832050908E-4 m/z)",
    "score" : 1.2804409918651491,
    "scores" : {
      "TreeSizeScorer" : -0.5,
      "StrangeElementFragmentScorer" : 0.0,
      "StrangeElementSmallFragmentScorer" : 0.0,
      "Common Fragments" : 0.0,
      "Mass Deviation" : -0.06215789804472877,
      "CarbohydrogenFragment" : 0.0,
      "MS2-Isotopes" : 0.0,
      "FragmentSizeScorer" : 1.1096146500000001,
      "PhosphorScorer" : 0.0,
      "ClippedPeakIsNoiseScorer" : 0.7329842399098779
    },
    "molecularFormula" : "C7H4",
    "relativeIntensity" : 0.011882640509299764,
    "ion" : "[M + H]+",
    "mz" : 89.038535,
    "recalibratedMass" : 89.03842537294221,
    "peaks" : [ {
      "intensity" : 490549.17866,
      "ce" : "35 eV",
      "spectrum" : 0,
      "mz" : 89.038535
    } ]
  }, {
    "id" : 32,
    "molecularFormula" : "C4H8N2",
    "massDeviation" : "-0.4197199579046906 ppm (-3.570809052177992E-5 m/z)",
    "recalibratedMassDeviation" : "-1.7870714682457824 ppm (-1.5203666468721622E-4 m/z)",
    "score" : 2.6180109485380267,
    "scores" : {
      "TreeSizeScorer" : -0.5,
      "StrangeElementFragmentScorer" : 0.0,
      "StrangeElementSmallFragmentScorer" : 0.0,
      "Common Fragments" : 1.2004803657924166,
      "Mass Deviation" : -0.06250910095344855,
      "CarbohydrogenFragment" : 0.0,
      "MS2-Isotopes" : 0.0,
      "FragmentSizeScorer" : 1.14924011,
      "PhosphorScorer" : 0.0,
      "ClippedPeakIsNoiseScorer" : 0.8307995736990588
    },
    "molecularFormula" : "C4H8N2",
    "relativeIntensity" : 0.014807382508018283,
    "ion" : "[M + H]+",
    "mz" : 85.075989,
    "recalibratedMass" : 85.07587267142584,
    "peaks" : [ {
      "intensity" : 611290.842446,
      "ce" : "35 eV",
      "spectrum" : 0,
      "mz" : 85.075989
    } ]
  }, {
    "id" : 33,
    "molecularFormula" : "C6H6",
    "massDeviation" : "0.3586892250649828 ppm (2.835590946403954E-5 m/z)",
    "recalibratedMassDeviation" : "-1.2416392684823998 ppm (-9.815671026558448E-5 m/z)",
    "score" : 3.5566794347670045,
    "scores" : {
      "TreeSizeScorer" : -0.5,
      "StrangeElementFragmentScorer" : 0.0,
      "StrangeElementSmallFragmentScorer" : 0.0,
      "Common Fragments" : 2.1594822157596214,
      "Mass Deviation" : -0.039929837695301805,
      "CarbohydrogenFragment" : 0.0,
      "MS2-Isotopes" : 0.0,
      "FragmentSizeScorer" : 1.20945745,
      "PhosphorScorer" : 0.0,
      "ClippedPeakIsNoiseScorer" : 0.7276696067026852
    },
    "molecularFormula" : "C6H6",
    "relativeIntensity" : 0.0117397985204374,
    "ion" : "[M + H]+",
    "mz" : 79.054255,
    "recalibratedMass" : 79.05412848738027,
    "peaks" : [ {
      "intensity" : 484652.255307,
      "ce" : "35 eV",
      "spectrum" : 0,
      "mz" : 79.054255
    } ]
  }, {
    "id" : 34,
    "molecularFormula" : "C4H9N",
    "massDeviation" : "-1.120134739606775 ppm (-8.074009052450037E-5 m/z)",
    "recalibratedMassDeviation" : "-3.0389124068888926 ppm (-2.1904649803161647E-4 m/z)",
    "score" : 3.020173027265076,
    "scores" : {
      "TreeSizeScorer" : -0.5,
      "StrangeElementFragmentScorer" : 0.0,
      "StrangeElementSmallFragmentScorer" : 0.0,
      "Common Fragments" : 2.004111279527133,
      "Mass Deviation" : -0.09125219367510537,
      "CarbohydrogenFragment" : 0.0,
      "MS2-Isotopes" : 0.0,
      "FragmentSizeScorer" : 1.27919305,
      "PhosphorScorer" : 0.0,
      "ClippedPeakIsNoiseScorer" : 0.3281208914130484
    },
    "molecularFormula" : "C4H9N",
    "relativeIntensity" : 0.00455772822295833,
    "ion" : "[M + H]+",
    "mz" : 72.080695,
    "recalibratedMass" : 72.0805566935925,
    "peaks" : [ {
      "intensity" : 188155.977165,
      "ce" : "35 eV",
      "spectrum" : 0,
      "mz" : 72.080695
    } ]
  }, {
    "id" : 35,
    "molecularFormula" : "C4H7N",
    "massDeviation" : "-0.45209516923264614 ppm (-3.167609052923126E-5 m/z)",
    "recalibratedMassDeviation" : "-2.474722476656847 ppm (-1.7339131224503035E-4 m/z)",
    "score" : 2.1191484977110324,
    "scores" : {
      "TreeSizeScorer" : -0.5,
      "StrangeElementFragmentScorer" : 0.0,
      "StrangeElementSmallFragmentScorer" : 0.0,
      "Common Fragments" : 0.0,
      "Mass Deviation" : -0.07158899278438735,
      "CarbohydrogenFragment" : 0.0,
      "MS2-Isotopes" : 0.0,
      "FragmentSizeScorer" : 1.29934906,
      "PhosphorScorer" : 0.0,
      "ClippedPeakIsNoiseScorer" : 1.39138843049542
    },
    "molecularFormula" : "C4H7N",
    "relativeIntensity" : 0.04710166486872739,
    "ion" : "[M + H]+",
    "mz" : 70.065094,
    "recalibratedMass" : 70.06495228477829,
    "peaks" : [ {
      "intensity" : 1944490.620312,
      "ce" : "35 eV",
      "spectrum" : 0,
      "mz" : 70.065094
    } ]
  }, {
    "id" : 36,
    "molecularFormula" : "C5H4",
    "massDeviation" : "3.850314051067713 ppm (2.5041990946306214E-4 m/z)",
    "recalibratedMassDeviation" : "1.5406861830782834 ppm (1.002041906872364E-4 m/z)",
    "score" : 2.318704982251835,
    "scores" : {
      "TreeSizeScorer" : -0.5,
      "StrangeElementFragmentScorer" : 0.0,
      "StrangeElementSmallFragmentScorer" : 0.0,
      "Common Fragments" : 0.0,
      "Mass Deviation" : -0.04077925585605433,
      "CarbohydrogenFragment" : 0.24614282698845624,
      "MS2-Isotopes" : 0.0,
      "FragmentSizeScorer" : 1.34961173,
      "PhosphorScorer" : 0.0,
      "ClippedPeakIsNoiseScorer" : 1.2637296811194327
    },
    "molecularFormula" : "C5H4",
    "relativeIntensity" : 0.03680407611629618,
    "ion" : "[M + H]+",
    "mz" : 65.038827,
    "recalibratedMass" : 65.03867678428122,
    "peaks" : [ {
      "intensity" : 1519376.883956,
      "ce" : "35 eV",
      "spectrum" : 0,
      "mz" : 65.038827
    } ]
  }, {
    "id" : 37,
    "molecularFormula" : "C3H7N",
    "massDeviation" : "5.6199323044845135 ppm (3.263239094692949E-4 m/z)",
    "recalibratedMassDeviation" : "2.829826834848779 ppm (1.6431471578925994E-4 m/z)",
    "score" : 3.27150994585891,
    "scores" : {
      "TreeSizeScorer" : -0.5,
      "StrangeElementFragmentScorer" : 0.0,
      "StrangeElementSmallFragmentScorer" : 0.0,
      "Common Fragments" : 0.0,
      "Mass Deviation" : -0.0677205574016474,
      "CarbohydrogenFragment" : 0.0,
      "MS2-Isotopes" : 0.0,
      "FragmentSizeScorer" : 1.41934548,
      "PhosphorScorer" : 0.0,
      "ClippedPeakIsNoiseScorer" : 2.4198850232605573
    },
    "molecularFormula" : "C3H7N",
    "relativeIntensity" : 0.22707558088027088,
    "ion" : "[M + H]+",
    "mz" : 58.065452,
    "recalibratedMass" : 58.06528999080632,
    "peaks" : [ {
      "intensity" : 9374325.479878,
      "ce" : "35 eV",
      "spectrum" : 0,
      "mz" : 58.065452
    } ]
  }, {
    "id" : 38,
    "molecularFormula" : "C3H5N",
    "massDeviation" : "3.254041433556528 ppm (1.8238790946867312E-4 m/z)",
    "recalibratedMassDeviation" : "0.3027605495841638 ppm (1.6969575177938623E-5 m/z)",
    "score" : 1.6463211143327723,
    "scores" : {
      "TreeSizeScorer" : -0.5,
      "StrangeElementFragmentScorer" : 0.0,
      "StrangeElementSmallFragmentScorer" : 0.0,
      "Common Fragments" : 0.0,
      "Mass Deviation" : -0.006792818833656488,
      "CarbohydrogenFragment" : 0.0,
      "MS2-Isotopes" : 0.0,
      "FragmentSizeScorer" : 1.4395034199999999,
      "PhosphorScorer" : 0.0,
      "ClippedPeakIsNoiseScorer" : 0.7136105131664291
    },
    "molecularFormula" : "C3H5N",
    "relativeIntensity" : 0.011369392675958387,
    "ion" : "[M + H]+",
    "mz" : 56.049658,
    "recalibratedMass" : 56.04949258166571,
    "peaks" : [ {
      "intensity" : 469360.849105,
      "ce" : "35 eV",
      "spectrum" : 0,
      "mz" : 56.049658
    } ]
  } ],
  "losses" : [ {
    "source" : 0,
    "target" : 1,
    "molecularFormula" : "H2",
    "score" : -0.59627339519073,
    "scores" : {
      "StrangeElementLossScorer" : 0.0,
      "LossSizeScorer" : -13.386633740120256,
      "Loss RDBE" : 0.0,
      "Free Radical" : 0.011626542158820332,
      "PureCarbonNitrogenLossScorer" : 0.0,
      "CommonLossEdgeScorer" : 12.778733802770706,
      "MS2-Isotopes" : 0.0,
      "PhosphorScorer" : 0.0,
      "AdductSwitchLossScorer" : 0.0,
      "MultimereLossScorer" : 0.0
    }
  }, {
    "source" : 0,
    "target" : 2,
    "molecularFormula" : "CH3",
    "score" : 0.95838112468751,
    "scores" : {
      "StrangeElementLossScorer" : 0.0,
      "LossSizeScorer" : -0.4948195427766855,
      "Loss RDBE" : 0.0,
      "Free Radical" : -0.09373397349900595,
      "PureCarbonNitrogenLossScorer" : 0.0,
      "CommonLossEdgeScorer" : 1.5469346409632014,
      "MS2-Isotopes" : 0.0,
      "PhosphorScorer" : 0.0,
      "AdductSwitchLossScorer" : 0.0,
      "MultimereLossScorer" : 0.0
    }
  }, {
    "source" : 1,
    "target" : 3,
    "molecularFormula" : "C3H5N",
    "score" : -1.09015873413365,
    "scores" : {
      "StrangeElementLossScorer" : 0.0,
      "LossSizeScorer" : 0.9645968040314896,
      "Loss RDBE" : 0.0,
      "Free Radical" : 0.011626542158820332,
      "PureCarbonNitrogenLossScorer" : 0.0,
      "CommonLossEdgeScorer" : -2.06638208032396,
      "MS2-Isotopes" : 0.0,
      "PhosphorScorer" : 0.0,
      "AdductSwitchLossScorer" : 0.0,
      "MultimereLossScorer" : 0.0
    }
  }, {
    "source" : 3,
    "target" : 4,
    "molecularFormula" : "CH3",
    "score" : 0.9581884586367095,
    "scores" : {
      "StrangeElementLossScorer" : 0.0,
      "LossSizeScorer" : -0.495012208827486,
      "Loss RDBE" : 0.0,
      "Free Radical" : -0.09373397349900595,
      "PureCarbonNitrogenLossScorer" : 0.0,
      "CommonLossEdgeScorer" : 1.5469346409632014,
      "MS2-Isotopes" : 0.0,
      "PhosphorScorer" : 0.0,
      "AdductSwitchLossScorer" : 0.0,
      "MultimereLossScorer" : 0.0
    }
  }, {
    "source" : 3,
    "target" : 5,
    "molecularFormula" : "FHO",
    "score" : -1.6020521639314802,
    "scores" : {
      "StrangeElementLossScorer" : 0.0,
      "LossSizeScorer" : 1.0811259198461345,
      "Loss RDBE" : 0.0,
      "Free Radical" : 0.011626542158820332,
      "PureCarbonNitrogenLossScorer" : 0.0,
      "CommonLossEdgeScorer" : -2.694804625936435,
      "MS2-Isotopes" : 0.0,
      "PhosphorScorer" : 0.0,
      "AdductSwitchLossScorer" : 0.0,
      "MultimereLossScorer" : 0.0
    }
  }, {
    "source" : 3,
    "target" : 6,
    "molecularFormula" : "C2H5N",
    "score" : -0.8774566156463399,
    "scores" : {
      "StrangeElementLossScorer" : 0.0,
      "LossSizeScorer" : 1.1024025494799732,
      "Loss RDBE" : 0.0,
      "Free Radical" : -0.09373397349900595,
      "PureCarbonNitrogenLossScorer" : 0.0,
      "CommonLossEdgeScorer" : -1.8861251916273072,
      "MS2-Isotopes" : 0.0,
      "PhosphorScorer" : 0.0,
      "AdductSwitchLossScorer" : 0.0,
      "MultimereLossScorer" : 0.0
    }
  }, {
    "source" : 1,
    "target" : 7,
    "molecularFormula" : "C5H7FO",
    "score" : -2.9172650568779863,
    "scores" : {
      "StrangeElementLossScorer" : 0.0,
      "LossSizeScorer" : -0.2340869731003714,
      "Loss RDBE" : 0.0,
      "Free Radical" : 0.011626542158820332,
      "PureCarbonNitrogenLossScorer" : 0.0,
      "CommonLossEdgeScorer" : -2.694804625936435,
      "MS2-Isotopes" : 0.0,
      "PhosphorScorer" : 0.0,
      "AdductSwitchLossScorer" : 0.0,
      "MultimereLossScorer" : 0.0
    }
  }, {
    "source" : 3,
    "target" : 8,
    "molecularFormula" : "CH3FO",
    "score" : -1.6418972299486796,
    "scores" : {
      "StrangeElementLossScorer" : 0.0,
      "LossSizeScorer" : 1.041280853828935,
      "Loss RDBE" : 0.0,
      "Free Radical" : 0.011626542158820332,
      "PureCarbonNitrogenLossScorer" : 0.0,
      "CommonLossEdgeScorer" : -2.694804625936435,
      "MS2-Isotopes" : 0.0,
      "PhosphorScorer" : 0.0,
      "AdductSwitchLossScorer" : 0.0,
      "MultimereLossScorer" : 0.0
    }
  }, {
    "source" : 5,
    "target" : 9,
    "molecularFormula" : "CH3",
    "score" : 0.9582773351267295,
    "scores" : {
      "StrangeElementLossScorer" : 0.0,
      "LossSizeScorer" : -0.494923332337466,
      "Loss RDBE" : 0.0,
      "Free Radical" : -0.09373397349900595,
      "PureCarbonNitrogenLossScorer" : 0.0,
      "CommonLossEdgeScorer" : 1.5469346409632014,
      "MS2-Isotopes" : 0.0,
      "PhosphorScorer" : 0.0,
      "AdductSwitchLossScorer" : 0.0,
      "MultimereLossScorer" : 0.0
    }
  }, {
    "source" : 5,
    "target" : 10,
    "molecularFormula" : "C2H2",
    "score" : 0.9974026186683448,
    "scores" : {
      "StrangeElementLossScorer" : 0.0,
      "LossSizeScorer" : 0.7807608593687014,
      "Loss RDBE" : 0.0,
      "Free Radical" : 0.011626542158820332,
      "PureCarbonNitrogenLossScorer" : 0.0,
      "CommonLossEdgeScorer" : 0.20501521714082305,
      "MS2-Isotopes" : 0.0,
      "PhosphorScorer" : 0.0,
      "AdductSwitchLossScorer" : 0.0,
      "MultimereLossScorer" : 0.0
    }
  }, {
    "source" : 7,
    "target" : 11,
    "molecularFormula" : "H3N",
    "score" : 0.3098497290561629,
    "scores" : {
      "StrangeElementLossScorer" : 0.0,
      "LossSizeScorer" : -0.11930759530016388,
      "Loss RDBE" : 0.0,
      "Free Radical" : 0.011626542158820332,
      "PureCarbonNitrogenLossScorer" : 0.0,
      "CommonLossEdgeScorer" : 0.4175307821975065,
      "MS2-Isotopes" : 0.0,
      "PhosphorScorer" : 0.0,
      "AdductSwitchLossScorer" : 0.0,
      "MultimereLossScorer" : 0.0
    }
  }, {
    "source" : 8,
    "target" : 12,
    "molecularFormula" : "CH3",
    "score" : 0.9583212387188034,
    "scores" : {
      "StrangeElementLossScorer" : 0.0,
      "LossSizeScorer" : -0.49487942874539215,
      "Loss RDBE" : 0.0,
      "Free Radical" : -0.09373397349900595,
      "PureCarbonNitrogenLossScorer" : 0.0,
      "CommonLossEdgeScorer" : 1.5469346409632014,
      "MS2-Isotopes" : 0.0,
      "PhosphorScorer" : 0.0,
      "AdductSwitchLossScorer" : 0.0,
      "MultimereLossScorer" : 0.0
    }
  }, {
    "source" : 8,
    "target" : 13,
    "molecularFormula" : "C2H2",
    "score" : 0.9974078933581035,
    "scores" : {
      "StrangeElementLossScorer" : 0.0,
      "LossSizeScorer" : 0.7807661340584602,
      "Loss RDBE" : 0.0,
      "Free Radical" : 0.011626542158820332,
      "PureCarbonNitrogenLossScorer" : 0.0,
      "CommonLossEdgeScorer" : 0.20501521714082305,
      "MS2-Isotopes" : 0.0,
      "PhosphorScorer" : 0.0,
      "AdductSwitchLossScorer" : 0.0,
      "MultimereLossScorer" : 0.0
    }
  }, {
    "source" : 9,
    "target" : 14,
    "molecularFormula" : "C2H2",
    "score" : 0.997410169784026,
    "scores" : {
      "StrangeElementLossScorer" : 0.0,
      "LossSizeScorer" : 0.7807684104843826,
      "Loss RDBE" : 0.0,
      "Free Radical" : 0.011626542158820332,
      "PureCarbonNitrogenLossScorer" : 0.0,
      "CommonLossEdgeScorer" : 0.20501521714082305,
      "MS2-Isotopes" : 0.0,
      "PhosphorScorer" : 0.0,
      "AdductSwitchLossScorer" : 0.0,
      "MultimereLossScorer" : 0.0
    }
  }, {
    "source" : 10,
    "target" : 15,
    "molecularFormula" : "CH4",
    "score" : 0.3088409418610151,
    "scores" : {
      "StrangeElementLossScorer" : 0.0,
      "LossSizeScorer" : -0.2937927681022039,
      "Loss RDBE" : 0.0,
      "Free Radical" : 0.011626542158820332,
      "PureCarbonNitrogenLossScorer" : 0.0,
      "CommonLossEdgeScorer" : 0.5910071678043987,
      "MS2-Isotopes" : 0.0,
      "PhosphorScorer" : 0.0,
      "AdductSwitchLossScorer" : 0.0,
      "MultimereLossScorer" : 0.0
    }
  }, {
    "source" : 10,
    "target" : 16,
    "molecularFormula" : "H3N",
    "score" : 0.3098941529642617,
    "scores" : {
      "StrangeElementLossScorer" : 0.0,
      "LossSizeScorer" : -0.1192631713920651,
      "Loss RDBE" : 0.0,
      "Free Radical" : 0.011626542158820332,
      "PureCarbonNitrogenLossScorer" : 0.0,
      "CommonLossEdgeScorer" : 0.4175307821975065,
      "MS2-Isotopes" : 0.0,
      "PhosphorScorer" : 0.0,
      "AdductSwitchLossScorer" : 0.0,
      "MultimereLossScorer" : 0.0
    }
  }, {
    "source" : 10,
    "target" : 17,
    "molecularFormula" : "C2H2",
    "score" : 0.9973836292723851,
    "scores" : {
      "StrangeElementLossScorer" : 0.0,
      "LossSizeScorer" : 0.7807418699727418,
      "Loss RDBE" : 0.0,
      "Free Radical" : 0.011626542158820332,
      "PureCarbonNitrogenLossScorer" : 0.0,
      "CommonLossEdgeScorer" : 0.20501521714082305,
      "MS2-Isotopes" : 0.0,
      "PhosphorScorer" : 0.0,
      "AdductSwitchLossScorer" : 0.0,
      "MultimereLossScorer" : 0.0
    }
  }, {
    "source" : 11,
    "target" : 18,
    "molecularFormula" : "C2H2",
    "score" : 0.9974159996026822,
    "scores" : {
      "StrangeElementLossScorer" : 0.0,
      "LossSizeScorer" : 0.7807742403030389,
      "Loss RDBE" : 0.0,
      "Free Radical" : 0.011626542158820332,
      "PureCarbonNitrogenLossScorer" : 0.0,
      "CommonLossEdgeScorer" : 0.20501521714082305,
      "MS2-Isotopes" : 0.0,
      "PhosphorScorer" : 0.0,
      "AdductSwitchLossScorer" : 0.0,
      "MultimereLossScorer" : 0.0
    }
  }, {
    "source" : 11,
    "target" : 19,
    "molecularFormula" : "CHN",
    "score" : 0.2279172940634312,
    "scores" : {
      "StrangeElementLossScorer" : 0.0,
      "LossSizeScorer" : 0.8327350782200291,
      "Loss RDBE" : 0.0,
      "Free Radical" : 0.011626542158820332,
      "PureCarbonNitrogenLossScorer" : 0.0,
      "CommonLossEdgeScorer" : -0.6164443263154182,
      "MS2-Isotopes" : 0.0,
      "PhosphorScorer" : 0.0,
      "AdductSwitchLossScorer" : 0.0,
      "MultimereLossScorer" : 0.0
    }
  }, {
    "source" : 12,
    "target" : 20,
    "molecularFormula" : "C2H2",
    "score" : 0.997396622103707,
    "scores" : {
      "StrangeElementLossScorer" : 0.0,
      "LossSizeScorer" : 0.7807548628040637,
      "Loss RDBE" : 0.0,
      "Free Radical" : 0.011626542158820332,
      "PureCarbonNitrogenLossScorer" : 0.0,
      "CommonLossEdgeScorer" : 0.20501521714082305,
      "MS2-Isotopes" : 0.0,
      "PhosphorScorer" : 0.0,
      "AdductSwitchLossScorer" : 0.0,
      "MultimereLossScorer" : 0.0
    }
  }, {
    "source" : 12,
    "target" : 21,
    "molecularFormula" : "CHN",
    "score" : 0.2279038597672952,
    "scores" : {
      "StrangeElementLossScorer" : 0.0,
      "LossSizeScorer" : 0.8327216439238931,
      "Loss RDBE" : 0.0,
      "Free Radical" : 0.011626542158820332,
      "PureCarbonNitrogenLossScorer" : 0.0,
      "CommonLossEdgeScorer" : -0.6164443263154182,
      "MS2-Isotopes" : 0.0,
      "PhosphorScorer" : 0.0,
      "AdductSwitchLossScorer" : 0.0,
      "MultimereLossScorer" : 0.0
    }
  }, {
    "source" : 14,
    "target" : 22,
    "molecularFormula" : "CH3",
    "score" : 0.958261563639591,
    "scores" : {
      "StrangeElementLossScorer" : 0.0,
      "LossSizeScorer" : -0.4949391038246045,
      "Loss RDBE" : 0.0,
      "Free Radical" : -0.09373397349900595,
      "PureCarbonNitrogenLossScorer" : 0.0,
      "CommonLossEdgeScorer" : 1.5469346409632014,
      "MS2-Isotopes" : 0.0,
      "PhosphorScorer" : 0.0,
      "AdductSwitchLossScorer" : 0.0,
      "MultimereLossScorer" : 0.0
    }
  }, {
    "source" : 13,
    "target" : 23,
    "molecularFormula" : "H3N",
    "score" : 0.3099708217886389,
    "scores" : {
      "StrangeElementLossScorer" : 0.0,
      "LossSizeScorer" : -0.11918650256768792,
      "Loss RDBE" : 0.0,
      "Free Radical" : 0.011626542158820332,
      "PureCarbonNitrogenLossScorer" : 0.0,
      "CommonLossEdgeScorer" : 0.4175307821975065,
      "MS2-Isotopes" : 0.0,
      "PhosphorScorer" : 0.0,
      "AdductSwitchLossScorer" : 0.0,
      "MultimereLossScorer" : 0.0
    }
  }, {
    "source" : 13,
    "target" : 24,
    "molecularFormula" : "C2H2",
    "score" : 0.9973665270241329,
    "scores" : {
      "StrangeElementLossScorer" : 0.0,
      "LossSizeScorer" : 0.7807247677244895,
      "Loss RDBE" : 0.0,
      "Free Radical" : 0.011626542158820332,
      "PureCarbonNitrogenLossScorer" : 0.0,
      "CommonLossEdgeScorer" : 0.20501521714082305,
      "MS2-Isotopes" : 0.0,
      "PhosphorScorer" : 0.0,
      "AdductSwitchLossScorer" : 0.0,
      "MultimereLossScorer" : 0.0
    }
  }, {
    "source" : 13,
    "target" : 25,
    "molecularFormula" : "CHN",
    "score" : 0.22790694871602046,
    "scores" : {
      "StrangeElementLossScorer" : 0.0,
      "LossSizeScorer" : 0.8327247328726184,
      "Loss RDBE" : 0.0,
      "Free Radical" : 0.011626542158820332,
      "PureCarbonNitrogenLossScorer" : 0.0,
      "CommonLossEdgeScorer" : -0.6164443263154182,
      "MS2-Isotopes" : 0.0,
      "PhosphorScorer" : 0.0,
      "AdductSwitchLossScorer" : 0.0,
      "MultimereLossScorer" : 0.0
    }
  }, {
    "source" : 16,
    "target" : 26,
    "molecularFormula" : "C2H2",
    "score" : 0.9973949563771033,
    "scores" : {
      "StrangeElementLossScorer" : 0.0,
      "LossSizeScorer" : 0.7807531970774599,
      "Loss RDBE" : 0.0,
      "Free Radical" : 0.011626542158820332,
      "PureCarbonNitrogenLossScorer" : 0.0,
      "CommonLossEdgeScorer" : 0.20501521714082305,
      "MS2-Isotopes" : 0.0,
      "PhosphorScorer" : 0.0,
      "AdductSwitchLossScorer" : 0.0,
      "MultimereLossScorer" : 0.0
    }
  }, {
    "source" : 6,
    "target" : 27,
    "molecularFormula" : "C4H3F",
    "score" : -2.040846514918404,
    "scores" : {
      "StrangeElementLossScorer" : 0.0,
      "LossSizeScorer" : 0.6423315688592108,
      "Loss RDBE" : 0.0,
      "Free Radical" : 0.011626542158820332,
      "PureCarbonNitrogenLossScorer" : 0.0,
      "CommonLossEdgeScorer" : -2.694804625936435,
      "MS2-Isotopes" : 0.0,
      "PhosphorScorer" : 0.0,
      "AdductSwitchLossScorer" : 0.0,
      "MultimereLossScorer" : 0.0
    }
  }, {
    "source" : 18,
    "target" : 28,
    "molecularFormula" : "C2H2",
    "score" : 0.9973669157188244,
    "scores" : {
      "StrangeElementLossScorer" : 0.0,
      "LossSizeScorer" : 0.780725156419181,
      "Loss RDBE" : 0.0,
      "Free Radical" : 0.011626542158820332,
      "PureCarbonNitrogenLossScorer" : 0.0,
      "CommonLossEdgeScorer" : 0.20501521714082305,
      "MS2-Isotopes" : 0.0,
      "PhosphorScorer" : 0.0,
      "AdductSwitchLossScorer" : 0.0,
      "MultimereLossScorer" : 0.0
    }
  }, {
    "source" : 19,
    "target" : 29,
    "molecularFormula" : "C2H2",
    "score" : 0.997369469989852,
    "scores" : {
      "StrangeElementLossScorer" : 0.0,
      "LossSizeScorer" : 0.7807277106902086,
      "Loss RDBE" : 0.0,
      "Free Radical" : 0.011626542158820332,
      "PureCarbonNitrogenLossScorer" : 0.0,
      "CommonLossEdgeScorer" : 0.20501521714082305,
      "MS2-Isotopes" : 0.0,
      "PhosphorScorer" : 0.0,
      "AdductSwitchLossScorer" : 0.0,
      "MultimereLossScorer" : 0.0
    }
  }, {
    "source" : 21,
    "target" : 30,
    "molecularFormula" : "C2H2",
    "score" : 0.997402230004545,
    "scores" : {
      "StrangeElementLossScorer" : 0.0,
      "LossSizeScorer" : 0.7807604707049016,
      "Loss RDBE" : 0.0,
      "Free Radical" : 0.011626542158820332,
      "PureCarbonNitrogenLossScorer" : 0.0,
      "CommonLossEdgeScorer" : 0.20501521714082305,
      "MS2-Isotopes" : 0.0,
      "PhosphorScorer" : 0.0,
      "AdductSwitchLossScorer" : 0.0,
      "MultimereLossScorer" : 0.0
    }
  }, {
    "source" : 23,
    "target" : 31,
    "molecularFormula" : "C2H2",
    "score" : 0.9973837958495247,
    "scores" : {
      "StrangeElementLossScorer" : 0.0,
      "LossSizeScorer" : 0.7807420365498814,
      "Loss RDBE" : 0.0,
      "Free Radical" : 0.011626542158820332,
      "PureCarbonNitrogenLossScorer" : 0.0,
      "CommonLossEdgeScorer" : 0.20501521714082305,
      "MS2-Isotopes" : 0.0,
      "PhosphorScorer" : 0.0,
      "AdductSwitchLossScorer" : 0.0,
      "MultimereLossScorer" : 0.0
    }
  }, {
    "source" : 7,
    "target" : 32,
    "molecularFormula" : "C6H4",
    "score" : -2.1936772536718268,
    "scores" : {
      "StrangeElementLossScorer" : 0.0,
      "LossSizeScorer" : 0.48950083010578815,
      "Loss RDBE" : 0.0,
      "Free Radical" : 0.011626542158820332,
      "PureCarbonNitrogenLossScorer" : 0.0,
      "CommonLossEdgeScorer" : -2.694804625936435,
      "MS2-Isotopes" : 0.0,
      "PhosphorScorer" : 0.0,
      "AdductSwitchLossScorer" : 0.0,
      "MultimereLossScorer" : 0.0
    }
  }, {
    "source" : 25,
    "target" : 33,
    "molecularFormula" : "C2H2",
    "score" : 0.9973786874558451,
    "scores" : {
      "StrangeElementLossScorer" : 0.0,
      "LossSizeScorer" : 0.7807369281562018,
      "Loss RDBE" : 0.0,
      "Free Radical" : 0.011626542158820332,
      "PureCarbonNitrogenLossScorer" : 0.0,
      "CommonLossEdgeScorer" : 0.20501521714082305,
      "MS2-Isotopes" : 0.0,
      "PhosphorScorer" : 0.0,
      "AdductSwitchLossScorer" : 0.0,
      "MultimereLossScorer" : 0.0
    }
  }, {
    "source" : 10,
    "target" : 34,
    "molecularFormula" : "C6H2",
    "score" : -2.141433079040798,
    "scores" : {
      "StrangeElementLossScorer" : 0.0,
      "LossSizeScorer" : 0.5417450047368169,
      "Loss RDBE" : 0.0,
      "Free Radical" : 0.011626542158820332,
      "PureCarbonNitrogenLossScorer" : 0.0,
      "CommonLossEdgeScorer" : -2.694804625936435,
      "MS2-Isotopes" : 0.0,
      "PhosphorScorer" : 0.0,
      "AdductSwitchLossScorer" : 0.0,
      "MultimereLossScorer" : 0.0
    }
  }, {
    "source" : 34,
    "target" : 35,
    "molecularFormula" : "H2",
    "score" : -0.5924357220832004,
    "scores" : {
      "StrangeElementLossScorer" : 0.0,
      "LossSizeScorer" : -13.382796067012727,
      "Loss RDBE" : 0.0,
      "Free Radical" : 0.011626542158820332,
      "PureCarbonNitrogenLossScorer" : 0.0,
      "CommonLossEdgeScorer" : 12.778733802770706,
      "MS2-Isotopes" : 0.0,
      "PhosphorScorer" : 0.0,
      "AdductSwitchLossScorer" : 0.0,
      "MultimereLossScorer" : 0.0
    }
  }, {
    "source" : 29,
    "target" : 36,
    "molecularFormula" : "C2H2",
    "score" : 0.997385128464409,
    "scores" : {
      "StrangeElementLossScorer" : 0.0,
      "LossSizeScorer" : 0.7807433691647656,
      "Loss RDBE" : 0.0,
      "Free Radical" : 0.011626542158820332,
      "PureCarbonNitrogenLossScorer" : 0.0,
      "CommonLossEdgeScorer" : 0.20501521714082305,
      "MS2-Isotopes" : 0.0,
      "PhosphorScorer" : 0.0,
      "AdductSwitchLossScorer" : 0.0,
      "MultimereLossScorer" : 0.0
    }
  }, {
    "source" : 32,
    "target" : 37,
    "molecularFormula" : "CHN",
    "score" : 0.22788557072531035,
    "scores" : {
      "StrangeElementLossScorer" : 0.0,
      "LossSizeScorer" : 0.8327033548819083,
      "Loss RDBE" : 0.0,
      "Free Radical" : 0.011626542158820332,
      "PureCarbonNitrogenLossScorer" : 0.0,
      "CommonLossEdgeScorer" : -0.6164443263154182,
      "MS2-Isotopes" : 0.0,
      "PhosphorScorer" : 0.0,
      "AdductSwitchLossScorer" : 0.0,
      "MultimereLossScorer" : 0.0
    }
  }, {
    "source" : 34,
    "target" : 38,
    "molecularFormula" : "CH4",
    "score" : 0.3088639142266897,
    "scores" : {
      "StrangeElementLossScorer" : 0.0,
      "LossSizeScorer" : -0.2937697957365293,
      "Loss RDBE" : 0.0,
      "Free Radical" : 0.011626542158820332,
      "PureCarbonNitrogenLossScorer" : 0.0,
      "CommonLossEdgeScorer" : 0.5910071678043987,
      "MS2-Isotopes" : 0.0,
      "PhosphorScorer" : 0.0,
      "AdductSwitchLossScorer" : 0.0,
      "MultimereLossScorer" : 0.0
    }
  } ]
}