{
  "molecularFormula" : "C18H20N2",
  "root" : "C18H20N2",
  "annotations" : {
    "recalibration" : {
      "merged" : "1.0000016937525882x + -2.5790441375761475E-4"
    },
    "nodeBoost" : 0.0,
    "numberOfUnconsideredCandidates" : 0,
    "lowestConsideredCandidateScore" : 116.98403776748073,
    "statistics" : {
      "explainedIntensity" : 0.9515244315389748,
      "explainedIntensityOfExplainablePeaks" : 0.9718923917920667,
      "ratioOfExplainedPeaks" : 0.8793103448275862
    },
    "precursorIonType" : "[M + H]+"
  },
  "fragments" : [ {
    "id" : 0,
    "molecularFormula" : "C18H20N2",
    "massDeviation" : "-0.18136332482993908 ppm (-4.809209053746599E-5 m/z)",
    "recalibratedMassDeviation" : "0.5397881523081146 ppm (1.431356611760748E-4 m/z)",
    "score" : 6.475841017710106,
    "scores" : {
      "Chemical Prior" : 1.0,
      "MS-Isotopes" : 5.490416634205815,
      "Mass Deviation" : -0.014575616495708647,
      "CarbohydrogenCompound" : 0.0,
      "motif-search" : 0.0,
      "MS2-Isotopes" : 0.0,
      "PhosphorScorer" : 0.0,
      "BeautificationScorer" : -0.0,
      "IntrinsicallyChargedScorer" : 0.0,
      "StrangeElementRootScorer" : 0.0
    },
    "molecularFormula" : "C18H20N2",
    "relativeIntensity" : 1.0,
    "ion" : "[M + H]+",
    "mz" : 265.169877,
    "recalibratedMass" : 265.1700682277517,
    "peaks" : [ {
      "intensity" : 4.1282842670876E7,
      "ce" : "35 eV",
      "spectrum" : 0,
      "mz" : 265.169533
    } ],
    "isotopes" : {
      "score" : 5.490416634205815,
      "mz" : [ 265.169877, 266.172339, 267.176348 ],
      "relInt" : [ 1.0, 0.20735577296430813, 0.0289846980810308 ]
    }
  }, {
    "id" : 1,
    "molecularFormula" : "C18H18N2",
    "massDeviation" : "3.0551259452483763 ppm (8.039719094767861E-4 m/z)",
    "recalibratedMassDeviation" : "3.768828584878317 ppm (9.917870918343397E-4 m/z)",
    "score" : 0.5861171820517304,
    "scores" : {
      "TreeSizeScorer" : -0.5,
      "StrangeElementFragmentScorer" : 0.0,
      "StrangeElementSmallFragmentScorer" : 0.0,
      "Common Fragments" : 0.0,
      "Mass Deviation" : -0.3477709018639796,
      "CarbohydrogenFragment" : 0.0,
      "MS2-Isotopes" : 0.0,
      "FragmentSizeScorer" : 0.0,
      "PhosphorScorer" : 0.0,
      "ClippedPeakIsNoiseScorer" : 1.43388808391571
    },
    "molecularFormula" : "C18H18N2",
    "relativeIntensity" : 0.05101247763654337,
    "ion" : "[M + H]+",
    "mz" : 263.155079,
    "recalibratedMass" : 263.15526681518236,
    "peaks" : [ {
      "intensity" : 2105940.088521,
      "ce" : "35 eV",
      "spectrum" : 0,
      "mz" : 263.155079
    } ]
  }, {
    "id" : 2,
    "molecularFormula" : "C17H17N2",
    "massDeviation" : "-1.027383576904724 ppm (-2.569960905134394E-4 m/z)",
    "recalibratedMassDeviation" : "-0.3646454934802627 ppm (-9.121474244011551E-5 m/z)",
    "score" : 0.22630417090367883,
    "scores" : {
      "TreeSizeScorer" : -0.5,
      "StrangeElementFragmentScorer" : 0.0,
      "StrangeElementSmallFragmentScorer" : 0.0,
      "Common Fragments" : 0.0,
      "Mass Deviation" : -0.02951949922983332,
      "CarbohydrogenFragment" : 0.0,
      "MS2-Isotopes" : 0.0,
      "FragmentSizeScorer" : 0.0,
      "PhosphorScorer" : 0.0,
      "ClippedPeakIsNoiseScorer" : 0.7558236701335121
    },
    "molecularFormula" : "C17H17N2",
    "relativeIntensity" : 0.012514550082968822,
    "ion" : "[M + H]+",
    "mz" : 250.146193,
    "recalibratedMass" : 250.14635878134808,
    "peaks" : [ {
      "intensity" : 516636.202172,
      "ce" : "35 eV",
      "spectrum" : 0,
      "mz" : 250.146193
    } ]
  }, {
    "id" : 3,
    "molecularFormula" : "C17H15N2",
    "massDeviation" : "-2.675741452590713 ppm (-6.639320905321711E-4 m/z)",
    "recalibratedMassDeviation" : "-2.0213792815326337 ppm (-5.015654442388495E-4 m/z)",
    "score" : -0.1050544452623755,
    "scores" : {
      "TreeSizeScorer" : -0.5,
      "StrangeElementFragmentScorer" : 0.0,
      "StrangeElementSmallFragmentScorer" : 0.0,
      "Common Fragments" : 0.0,
      "Mass Deviation" : -0.17458091606838466,
      "CarbohydrogenFragment" : 0.0,
      "MS2-Isotopes" : 0.0,
      "FragmentSizeScorer" : 0.0,
      "PhosphorScorer" : 0.0,
      "ClippedPeakIsNoiseScorer" : 0.5695264708060092
    },
    "molecularFormula" : "C17H15N2",
    "relativeIntensity" : 0.008141078308376782,
    "ion" : "[M + H]+",
    "mz" : 248.130136,
    "recalibratedMass" : 248.1302983666463,
    "peaks" : [ {
      "intensity" : 336086.854976,
      "ce" : "35 eV",
      "spectrum" : 0,
      "mz" : 248.130136
    } ]
  }, {
    "id" : 4,
    "molecularFormula" : "C17H15N",
    "massDeviation" : "-2.44709801145769 ppm (-5.729320905345503E-4 m/z)",
    "recalibratedMassDeviation" : "-1.854901365347308 ppm (-4.3428303294490433E-4 m/z)",
    "score" : 0.08258213021664057,
    "scores" : {
      "TreeSizeScorer" : -0.5,
      "StrangeElementFragmentScorer" : 0.0,
      "StrangeElementSmallFragmentScorer" : 0.0,
      "Common Fragments" : 0.0,
      "Mass Deviation" : -0.1591779099424417,
      "CarbohydrogenFragment" : 0.0,
      "MS2-Isotopes" : 0.0,
      "FragmentSizeScorer" : 0.0,
      "PhosphorScorer" : 0.0,
      "ClippedPeakIsNoiseScorer" : 0.7417600401590823
    },
    "molecularFormula" : "C17H15N",
    "relativeIntensity" : 0.012121951911297033,
    "ion" : "[M + H]+",
    "mz" : 234.127153,
    "recalibratedMass" : 234.12729164905758,
    "peaks" : [ {
      "intensity" : 500428.633618,
      "ce" : "35 eV",
      "spectrum" : 0,
      "mz" : 234.127153
    } ]
  }, {
    "id" : 5,
    "molecularFormula" : "C16H15N",
    "massDeviation" : "-0.7380087776571048 ppm (-1.6393209051557278E-4 m/z)",
    "recalibratedMassDeviation" : "-0.2053205217530126 ppm (-4.560737122005776E-5 m/z)",
    "score" : 0.5148263868153531,
    "scores" : {
      "TreeSizeScorer" : -0.5,
      "StrangeElementFragmentScorer" : 0.0,
      "StrangeElementSmallFragmentScorer" : 0.0,
      "Common Fragments" : 0.0,
      "Mass Deviation" : -0.016516709448833006,
      "CarbohydrogenFragment" : 0.0,
      "MS2-Isotopes" : 0.0,
      "FragmentSizeScorer" : 0.0,
      "PhosphorScorer" : 0.0,
      "ClippedPeakIsNoiseScorer" : 1.031343096264186
    },
    "molecularFormula" : "C16H15N",
    "relativeIntensity" : 0.02288245392971518,
    "ion" : "[M + H]+",
    "mz" : 222.127562,
    "recalibratedMass" : 222.1276803247193,
    "peaks" : [ {
      "intensity" : 944652.745504,
      "ce" : "35 eV",
      "spectrum" : 0,
      "mz" : 222.127562
    } ]
  }, {
    "id" : 6,
    "molecularFormula" : "C16H13N",
    "massDeviation" : "-1.3759740626359789 ppm (-3.0286809052881836E-4 m/z)",
    "recalibratedMassDeviation" : "-0.8539185269567743 ppm (-1.8795761909018438E-4 m/z)",
    "score" : 0.2277421242692878,
    "scores" : {
      "TreeSizeScorer" : -0.5,
      "StrangeElementFragmentScorer" : 0.0,
      "StrangeElementSmallFragmentScorer" : 0.0,
      "Common Fragments" : 0.0,
      "Mass Deviation" : -0.07047625317571021,
      "CarbohydrogenFragment" : 0.0,
      "MS2-Isotopes" : 0.0,
      "FragmentSizeScorer" : 0.0,
      "PhosphorScorer" : 0.0,
      "ClippedPeakIsNoiseScorer" : 0.798218377444998
    },
    "molecularFormula" : "C16H13N",
    "relativeIntensity" : 0.013768352467985193,
    "ion" : "[M + H]+",
    "mz" : 220.111773,
    "recalibratedMass" : 220.11188791047144,
    "peaks" : [ {
      "intensity" : 568396.728773,
      "ce" : "35 eV",
      "spectrum" : 0,
      "mz" : 220.111773
    } ]
  }, {
    "id" : 7,
    "molecularFormula" : "C15H13N",
    "massDeviation" : "0.27452464519098324 ppm (5.713190947176372E-5 m/z)",
    "recalibratedMassDeviation" : "0.7290199205721487 ppm (1.5171795962487522E-4 m/z)",
    "score" : 1.6239932017492735,
    "scores" : {
      "TreeSizeScorer" : -0.5,
      "StrangeElementFragmentScorer" : 0.0,
      "StrangeElementSmallFragmentScorer" : 0.0,
      "Common Fragments" : 0.0,
      "Mass Deviation" : -0.05987303879852643,
      "CarbohydrogenFragment" : 0.0,
      "MS2-Isotopes" : 0.0,
      "FragmentSizeScorer" : 0.0,
      "PhosphorScorer" : 0.0,
      "ClippedPeakIsNoiseScorer" : 2.1838662405478
    },
    "molecularFormula" : "C15H13N",
    "relativeIntensity" : 0.16926604244667737,
    "ion" : "[M + H]+",
    "mz" : 208.112133,
    "recalibratedMass" : 208.11222758605015,
    "peaks" : [ {
      "intensity" : 6987783.399848,
      "ce" : "35 eV",
      "spectrum" : 0,
      "mz" : 208.112133
    } ]
  }, {
    "id" : 8,
    "molecularFormula" : "C15H12N",
    "massDeviation" : "-2.8866515962436052 ppm (-5.978360905203317E-4 m/z)",
    "recalibratedMassDeviation" : "-2.438189390827222 ppm (-5.04958156000157E-4 m/z)",
    "score" : 0.042981359573465494,
    "scores" : {
      "TreeSizeScorer" : -0.5,
      "StrangeElementFragmentScorer" : 0.0,
      "StrangeElementSmallFragmentScorer" : 0.0,
      "Common Fragments" : 0.0,
      "Mass Deviation" : -0.21397192499873763,
      "CarbohydrogenFragment" : 0.0,
      "MS2-Isotopes" : 0.0,
      "FragmentSizeScorer" : 0.0,
      "PhosphorScorer" : 0.0,
      "ClippedPeakIsNoiseScorer" : 0.7569532845722031
    },
    "molecularFormula" : "C15H12N",
    "relativeIntensity" : 0.012546576660245506,
    "ion" : "[M + H]+",
    "mz" : 207.103653,
    "recalibratedMass" : 207.10374587793453,
    "peaks" : [ {
      "intensity" : 517958.350323,
      "ce" : "35 eV",
      "spectrum" : 0,
      "mz" : 207.103653
    } ]
  }, {
    "id" : 9,
    "molecularFormula" : "C15H11N",
    "massDeviation" : "-1.4255681931858093 ppm (-2.938040905178241E-4 m/z)",
    "recalibratedMassDeviation" : "-0.9831943747192631 ppm (-2.0263264727304886E-4 m/z)",
    "score" : 0.4522739730729709,
    "scores" : {
      "TreeSizeScorer" : -0.5,
      "StrangeElementFragmentScorer" : 0.0,
      "StrangeElementSmallFragmentScorer" : 0.0,
      "Common Fragments" : 0.0,
      "Mass Deviation" : -0.08155865838389352,
      "CarbohydrogenFragment" : 0.0,
      "MS2-Isotopes" : 0.0,
      "FragmentSizeScorer" : 0.0,
      "PhosphorScorer" : 0.0,
      "ClippedPeakIsNoiseScorer" : 1.0338326314568644
    },
    "molecularFormula" : "C15H11N",
    "relativeIntensity" : 0.0230031755160103,
    "ion" : "[M + H]+",
    "mz" : 206.096132,
    "recalibratedMass" : 206.09622317144326,
    "peaks" : [ {
      "intensity" : 949636.475758,
      "ce" : "35 eV",
      "spectrum" : 0,
      "mz" : 206.096132
    } ]
  }, {
    "id" : 10,
    "molecularFormula" : "C15H10N",
    "massDeviation" : "-2.627028044771755 ppm (-5.387720905218885E-4 m/z)",
    "recalibratedMassDeviation" : "-2.190804613755673 ppm (-4.4930806845400184E-4 m/z)",
    "score" : -0.3225389267220202,
    "scores" : {
      "TreeSizeScorer" : -0.5,
      "StrangeElementFragmentScorer" : 0.0,
      "StrangeElementSmallFragmentScorer" : 0.0,
      "Common Fragments" : 0.0,
      "Mass Deviation" : -0.1904496557069282,
      "CarbohydrogenFragment" : 0.0,
      "MS2-Isotopes" : 0.0,
      "FragmentSizeScorer" : 0.0,
      "PhosphorScorer" : 0.0,
      "ClippedPeakIsNoiseScorer" : 0.367910728984908
    },
    "molecularFormula" : "C15H10N",
    "relativeIntensity" : 0.0050232617947430615,
    "ion" : "[M + H]+",
    "mz" : 205.088062,
    "recalibratedMass" : 205.08815146402208,
    "peaks" : [ {
      "intensity" : 207374.526367,
      "ce" : "35 eV",
      "spectrum" : 0,
      "mz" : 205.088062
    } ]
  }, {
    "id" : 11,
    "molecularFormula" : "C15H9N",
    "massDeviation" : "1.6280777418660783 ppm (3.3225990947016726E-4 m/z)",
    "recalibratedMassDeviation" : "2.0580945687540013 ppm (4.2001840057537265E-4 m/z)",
    "score" : 0.20121990163903786,
    "scores" : {
      "TreeSizeScorer" : -0.5,
      "StrangeElementFragmentScorer" : 0.0,
      "StrangeElementSmallFragmentScorer" : 0.0,
      "Common Fragments" : 0.0,
      "Mass Deviation" : -0.17800318979064084,
      "CarbohydrogenFragment" : 0.0,
      "MS2-Isotopes" : 0.0,
      "FragmentSizeScorer" : 0.0,
      "PhosphorScorer" : 0.0,
      "ClippedPeakIsNoiseScorer" : 0.8792230914296787
    },
    "molecularFormula" : "C15H9N",
    "relativeIntensity" : 0.0164813213362122,
    "ion" : "[M + H]+",
    "mz" : 204.081108,
    "recalibratedMass" : 204.0811957584911,
    "peaks" : [ {
      "intensity" : 680395.795731,
      "ce" : "35 eV",
      "spectrum" : 0,
      "mz" : 204.081108
    } ]
  }, {
    "id" : 12,
    "molecularFormula" : "C14H11N",
    "massDeviation" : "4.174175409072653 ppm (8.101959094801714E-4 m/z)",
    "recalibratedMassDeviation" : "4.539188131203745 ppm (8.810441915443334E-4 m/z)",
    "score" : -0.18708013151039515,
    "scores" : {
      "TreeSizeScorer" : -0.5,
      "StrangeElementFragmentScorer" : 0.0,
      "StrangeElementSmallFragmentScorer" : 0.0,
      "Common Fragments" : 0.0,
      "Mass Deviation" : -0.4161838300299522,
      "CarbohydrogenFragment" : 0.0,
      "MS2-Isotopes" : 0.0,
      "FragmentSizeScorer" : 0.059027639999999826,
      "PhosphorScorer" : 0.0,
      "ClippedPeakIsNoiseScorer" : 0.6700760585195572
    },
    "molecularFormula" : "C14H11N",
    "relativeIntensity" : 0.010288641465202357,
    "ion" : "[M + H]+",
    "mz" : 194.097236,
    "recalibratedMass" : 194.09730684828207,
    "peaks" : [ {
      "intensity" : 424744.366905,
      "ce" : "35 eV",
      "spectrum" : 0,
      "mz" : 194.097236
    } ]
  }, {
    "id" : 13,
    "molecularFormula" : "C14H10N",
    "massDeviation" : "3.8957503237308213 ppm (7.522279094587248E-4 m/z)",
    "recalibratedMassDeviation" : "4.253827465004295 ppm (8.213690871059498E-4 m/z)",
    "score" : 0.7049426507145764,
    "scores" : {
      "TreeSizeScorer" : -0.5,
      "StrangeElementFragmentScorer" : 0.0,
      "StrangeElementSmallFragmentScorer" : 0.0,
      "Common Fragments" : 0.0,
      "Mass Deviation" : -0.3837468726426283,
      "CarbohydrogenFragment" : 0.0,
      "MS2-Isotopes" : 0.0,
      "FragmentSizeScorer" : 0.06910647000000014,
      "PhosphorScorer" : 0.0,
      "ClippedPeakIsNoiseScorer" : 1.5195830533572046
    },
    "molecularFormula" : "C14H10N",
    "relativeIntensity" : 0.05969271750466184,
    "ion" : "[M + H]+",
    "mz" : 193.089353,
    "recalibratedMass" : 193.08942214117764,
    "peaks" : [ {
      "intensity" : 2464285.065342,
      "ce" : "35 eV",
      "spectrum" : 0,
      "mz" : 193.089353
    } ]
  }, {
    "id" : 14,
    "molecularFormula" : "C14H9N",
    "massDeviation" : "-0.2589540948096665 ppm (-4.974009053171358E-5 m/z)",
    "recalibratedMassDeviation" : "0.09211083623823475 ppm (1.769272250840004E-5 m/z)",
    "score" : 0.4951847418644007,
    "scores" : {
      "TreeSizeScorer" : -0.5,
      "StrangeElementFragmentScorer" : 0.0,
      "StrangeElementSmallFragmentScorer" : 0.0,
      "Common Fragments" : 0.0,
      "Mass Deviation" : -0.007083310519112772,
      "CarbohydrogenFragment" : 0.0,
      "MS2-Isotopes" : 0.0,
      "FragmentSizeScorer" : 0.0791927400000001,
      "PhosphorScorer" : 0.0,
      "ClippedPeakIsNoiseScorer" : 0.9230753123835134
    },
    "molecularFormula" : "C14H9N",
    "relativeIntensity" : 0.01814030347881829,
    "ion" : "[M + H]+",
    "mz" : 192.080726,
    "recalibratedMass" : 192.08079343281304,
    "peaks" : [ {
      "intensity" : 748883.294518,
      "ce" : "35 eV",
      "spectrum" : 0,
      "mz" : 192.080726
    } ]
  }, {
    "id" : 15,
    "molecularFormula" : "C14H10",
    "massDeviation" : "1.3414126286899368 ppm (2.4022790947242356E-4 m/z)",
    "recalibratedMassDeviation" : "1.5950480566703353 ppm (2.8565047708184466E-4 m/z)",
    "score" : 0.39275777450002614,
    "scores" : {
      "TreeSizeScorer" : -0.5,
      "StrangeElementFragmentScorer" : 0.0,
      "StrangeElementSmallFragmentScorer" : 0.0,
      "Common Fragments" : 0.0,
      "Mass Deviation" : -0.12055514495753204,
      "CarbohydrogenFragment" : 0.0,
      "MS2-Isotopes" : 0.0,
      "FragmentSizeScorer" : 0.20914232999999993,
      "PhosphorScorer" : 0.0,
      "ClippedPeakIsNoiseScorer" : 0.8041705894575583
    },
    "molecularFormula" : "C14H10",
    "relativeIntensity" : 0.013953143025549727,
    "ion" : "[M + H]+",
    "mz" : 179.085767,
    "recalibratedMass" : 179.0858124225676,
    "peaks" : [ {
      "intensity" : 576025.408288,
      "ce" : "35 eV",
      "spectrum" : 0,
      "mz" : 179.085767
    } ]
  }, {
    "id" : 16,
    "molecularFormula" : "C14H9",
    "massDeviation" : "-1.0767226616245942 ppm (-1.9174009054268026E-4 m/z)",
    "recalibratedMassDeviation" : "-0.831240421680111 ppm (-1.4802526084167766E-4 m/z)",
    "score" : 1.1334949202123967,
    "scores" : {
      "TreeSizeScorer" : -0.5,
      "StrangeElementFragmentScorer" : 0.0,
      "StrangeElementSmallFragmentScorer" : 0.0,
      "Common Fragments" : 0.0,
      "Mass Deviation" : -0.060811783175901586,
      "CarbohydrogenFragment" : 0.2312223116705996,
      "MS2-Isotopes" : 0.0,
      "FragmentSizeScorer" : 0.21922490000000017,
      "PhosphorScorer" : 0.0,
      "ClippedPeakIsNoiseScorer" : 1.2438594917176986
    },
    "molecularFormula" : "C14H9",
    "relativeIntensity" : 0.03538433540863051,
    "ion" : "[M + H]+",
    "mz" : 178.07751,
    "recalibratedMass" : 178.0775537148297,
    "peaks" : [ {
      "intensity" : 1460765.951688,
      "ce" : "35 eV",
      "spectrum" : 0,
      "mz" : 178.07751
    } ]
  }, {
    "id" : 17,
    "molecularFormula" : "C12H13N",
    "massDeviation" : "-0.17934881044165918 ppm (-3.0868090533431314E-5 m/z)",
    "recalibratedMassDeviation" : "0.01593564732295608 ppm (2.7427173847627273E-6 m/z)",
    "score" : 0.1611615610689224,
    "scores" : {
      "TreeSizeScorer" : -0.5,
      "StrangeElementFragmentScorer" : 0.0,
      "StrangeElementSmallFragmentScorer" : 0.0,
      "Common Fragments" : 0.01947412258652781,
      "Mass Deviation" : -0.0010947846430894085,
      "CarbohydrogenFragment" : 0.0,
      "MS2-Isotopes" : 0.0,
      "FragmentSizeScorer" : 0.2788795500000001,
      "PhosphorScorer" : 0.0,
      "ClippedPeakIsNoiseScorer" : 0.3639026731254839
    },
    "molecularFormula" : "C12H13N",
    "relativeIntensity" : 0.004974430553685571,
    "ion" : "[M + H]+",
    "mz" : 172.112045,
    "recalibratedMass" : 172.1120786108079,
    "peaks" : [ {
      "intensity" : 205358.633925,
      "ce" : "35 eV",
      "spectrum" : 0,
      "mz" : 172.112045
    } ]
  }, {
    "id" : 18,
    "molecularFormula" : "C13H9",
    "massDeviation" : "0.12199053080751956 ppm (2.025990946208367E-5 m/z)",
    "recalibratedMassDeviation" : "0.2628291169724162 ppm (4.365006716966491E-5 m/z)",
    "score" : 0.2610615363451084,
    "scores" : {
      "TreeSizeScorer" : -0.5,
      "StrangeElementFragmentScorer" : 0.0,
      "StrangeElementSmallFragmentScorer" : 0.0,
      "Common Fragments" : 0.0,
      "Mass Deviation" : -0.017565855208432336,
      "CarbohydrogenFragment" : 0.0,
      "MS2-Isotopes" : 0.0,
      "FragmentSizeScorer" : 0.33922278000000006,
      "PhosphorScorer" : 0.0,
      "ClippedPeakIsNoiseScorer" : 0.4394046115535407
    },
    "molecularFormula" : "C13H9",
    "relativeIntensity" : 0.005972983148153147,
    "ion" : "[M + H]+",
    "mz" : 166.077722,
    "recalibratedMass" : 166.0777453901577,
    "peaks" : [ {
      "intensity" : 246581.723581,
      "ce" : "35 eV",
      "spectrum" : 0,
      "mz" : 166.077722
    } ]
  }, {
    "id" : 19,
    "molecularFormula" : "C13H8",
    "massDeviation" : "1.2497231825969068 ppm (2.0629190947829557E-4 m/z)",
    "recalibratedMassDeviation" : "1.381082155716528 ppm (2.2797537602059492E-4 m/z)",
    "score" : 1.193526737145147,
    "scores" : {
      "TreeSizeScorer" : -0.5,
      "StrangeElementFragmentScorer" : 0.0,
      "StrangeElementSmallFragmentScorer" : 0.0,
      "Common Fragments" : 0.0,
      "Mass Deviation" : -0.0951378859391566,
      "CarbohydrogenFragment" : 0.21577397784560315,
      "MS2-Isotopes" : 0.0,
      "FragmentSizeScorer" : 0.3492991699999999,
      "PhosphorScorer" : 0.0,
      "ClippedPeakIsNoiseScorer" : 1.2235914752387007
    },
    "molecularFormula" : "C13H8",
    "relativeIntensity" : 0.03398388092968575,
    "ion" : "[M + H]+",
    "mz" : 165.070083,
    "recalibratedMass" : 165.07010468346655,
    "peaks" : [ {
      "intensity" : 1402951.209766,
      "ce" : "35 eV",
      "spectrum" : 0,
      "mz" : 165.070083
    } ]
  }, {
    "id" : 20,
    "molecularFormula" : "C10H12N2",
    "massDeviation" : "-3.2204479959762566 ppm (-5.188360905208356E-4 m/z)",
    "recalibratedMassDeviation" : "-3.127523909925874 ppm (-5.038654346378735E-4 m/z)",
    "score" : 2.023650101428032,
    "scores" : {
      "TreeSizeScorer" : -0.5,
      "StrangeElementFragmentScorer" : 0.0,
      "StrangeElementSmallFragmentScorer" : 0.0,
      "Common Fragments" : 1.391100725401066,
      "Mass Deviation" : -0.22177814607462126,
      "CarbohydrogenFragment" : 0.0,
      "MS2-Isotopes" : 0.0,
      "FragmentSizeScorer" : 0.38893194,
      "PhosphorScorer" : 0.0,
      "ClippedPeakIsNoiseScorer" : 0.965395582101587
    },
    "molecularFormula" : "C10H12N2",
    "relativeIntensity" : 0.01987963877606168,
    "ion" : "[M + H]+",
    "mz" : 161.106806,
    "recalibratedMass" : 161.1068209706559,
    "peaks" : [ {
      "intensity" : 820687.999946,
      "ce" : "35 eV",
      "spectrum" : 0,
      "mz" : 161.106806
    } ]
  }, {
    "id" : 21,
    "molecularFormula" : "C11H11N",
    "massDeviation" : "1.949413512037653 ppm (3.0819590946862263E-4 m/z)",
    "recalibratedMassDeviation" : "2.0118583110270154 ppm (3.1806824810587386E-4 m/z)",
    "score" : 0.7218514540813016,
    "scores" : {
      "TreeSizeScorer" : -0.5,
      "StrangeElementFragmentScorer" : 0.0,
      "StrangeElementSmallFragmentScorer" : 0.0,
      "Common Fragments" : 0.0,
      "Mass Deviation" : -0.13508461099047384,
      "CarbohydrogenFragment" : 0.0,
      "MS2-Isotopes" : 0.0,
      "FragmentSizeScorer" : 0.41903266000000006,
      "PhosphorScorer" : 0.0,
      "ClippedPeakIsNoiseScorer" : 0.9379034050717754
    },
    "molecularFormula" : "C11H11N",
    "relativeIntensity" : 0.018733800239938498,
    "ion" : "[M + H]+",
    "mz" : 158.096734,
    "recalibratedMass" : 158.09674387233864,
    "peaks" : [ {
      "intensity" : 773384.527933,
      "ce" : "35 eV",
      "spectrum" : 0,
      "mz" : 158.096734
    } ]
  }, {
    "id" : 22,
    "molecularFormula" : "C11H10N",
    "massDeviation" : "1.573809424607735 ppm (2.4722790948317197E-4 m/z)",
    "recalibratedMassDeviation" : "1.6257877536453065 ppm (2.553931385875785E-4 m/z)",
    "score" : 0.32462001076165875,
    "scores" : {
      "TreeSizeScorer" : -0.5,
      "StrangeElementFragmentScorer" : 0.0,
      "StrangeElementSmallFragmentScorer" : 0.0,
      "Common Fragments" : 0.09299768241065376,
      "Mass Deviation" : -0.10715200255369413,
      "CarbohydrogenFragment" : 0.0,
      "MS2-Isotopes" : 0.0,
      "FragmentSizeScorer" : 0.42911151999999997,
      "PhosphorScorer" : 0.0,
      "ClippedPeakIsNoiseScorer" : 0.40966281090469914
    },
    "molecularFormula" : "C11H10N",
    "relativeIntensity" : 0.0055592282146768686,
    "ion" : "[M + H]+",
    "mz" : 157.088848,
    "recalibratedMass" : 157.08885616522912,
    "peaks" : [ {
      "intensity" : 229500.743758,
      "ce" : "35 eV",
      "spectrum" : 0,
      "mz" : 157.088848
    } ]
  }, {
    "id" : 23,
    "molecularFormula" : "C12H7",
    "massDeviation" : "0.9162297910042064 ppm (1.3932390947957174E-4 m/z)",
    "recalibratedMassDeviation" : "0.9139367564174766 ppm (1.3897522529759954E-4 m/z)",
    "score" : 0.3457657150932447,
    "scores" : {
      "TreeSizeScorer" : -0.5,
      "StrangeElementFragmentScorer" : 0.0,
      "StrangeElementSmallFragmentScorer" : 0.0,
      "Common Fragments" : 0.0,
      "Mass Deviation" : -0.05699214149381236,
      "CarbohydrogenFragment" : 0.0,
      "MS2-Isotopes" : 0.0,
      "FragmentSizeScorer" : 0.47937809,
      "PhosphorScorer" : 0.0,
      "ClippedPeakIsNoiseScorer" : 0.4233797665870571
    },
    "molecularFormula" : "C12H7",
    "relativeIntensity" : 0.005746624472698066,
    "ion" : "[M + H]+",
    "mz" : 152.062191,
    "recalibratedMass" : 152.06219065131583,
    "peaks" : [ {
      "intensity" : 237236.993995,
      "ce" : "35 eV",
      "spectrum" : 0,
      "mz" : 152.062191
    } ]
  }, {
    "id" : 24,
    "molecularFormula" : "C10H11N",
    "massDeviation" : "-2.0657912219905827 ppm (-3.0180409052604773E-4 m/z)",
    "recalibratedMassDeviation" : "-2.1373451255373177 ppm (-3.12257816148076E-4 m/z)",
    "score" : 2.3774121645514583,
    "scores" : {
      "TreeSizeScorer" : -0.5,
      "StrangeElementFragmentScorer" : 0.0,
      "StrangeElementSmallFragmentScorer" : 0.0,
      "Common Fragments" : 1.4078640160603104,
      "Mass Deviation" : -0.13246748743265482,
      "CarbohydrogenFragment" : 0.0,
      "MS2-Isotopes" : 0.0,
      "FragmentSizeScorer" : 0.53903876,
      "PhosphorScorer" : 0.0,
      "ClippedPeakIsNoiseScorer" : 1.062976875923803
    },
    "molecularFormula" : "C10H11N",
    "relativeIntensity" : 0.0244581667200287,
    "ion" : "[M + H]+",
    "mz" : 146.096124,
    "recalibratedMass" : 146.09611354627438,
    "peaks" : [ {
      "intensity" : 1009702.648721,
      "ce" : "35 eV",
      "spectrum" : 0,
      "mz" : 146.096124
    } ]
  }, {
    "id" : 25,
    "molecularFormula" : "C10H9N",
    "massDeviation" : "1.146993546255893 ppm (1.6525990946547608E-4 m/z)",
    "recalibratedMassDeviation" : "1.050749502026715 ppm (1.5139296243660283E-4 m/z)",
    "score" : 2.5557367339393626,
    "scores" : {
      "TreeSizeScorer" : -0.5,
      "StrangeElementFragmentScorer" : 0.0,
      "StrangeElementSmallFragmentScorer" : 0.0,
      "Common Fragments" : 1.391100725401066,
      "Mass Deviation" : -0.062236558773312925,
      "CarbohydrogenFragment" : 0.0,
      "MS2-Isotopes" : 0.0,
      "FragmentSizeScorer" : 0.55919059,
      "PhosphorScorer" : 0.0,
      "ClippedPeakIsNoiseScorer" : 1.1676819773116094
    },
    "molecularFormula" : "C10H9N",
    "relativeIntensity" : 0.030361217340157638,
    "ion" : "[M + H]+",
    "mz" : 144.080941,
    "recalibratedMass" : 144.08092713305297,
    "peaks" : [ {
      "intensity" : 1253397.35875,
      "ce" : "35 eV",
      "spectrum" : 0,
      "mz" : 144.080941
    } ]
  }, {
    "id" : 26,
    "molecularFormula" : "C10H8N",
    "massDeviation" : "2.658020937985385 ppm (3.8029190946531344E-4 m/z)",
    "recalibratedMassDeviation" : "2.5491708170519285 ppm (3.647183203838722E-4 m/z)",
    "score" : 0.27316449552676614,
    "scores" : {
      "TreeSizeScorer" : -0.5,
      "StrangeElementFragmentScorer" : 0.0,
      "StrangeElementSmallFragmentScorer" : 0.0,
      "Common Fragments" : 0.0,
      "Mass Deviation" : -0.15630197275946295,
      "CarbohydrogenFragment" : 0.0,
      "MS2-Isotopes" : 0.0,
      "FragmentSizeScorer" : 0.5692666900000001,
      "PhosphorScorer" : 0.0,
      "ClippedPeakIsNoiseScorer" : 0.360199778286229
    },
    "molecularFormula" : "C10H8N",
    "relativeIntensity" : 0.004929711452830087,
    "ion" : "[M + H]+",
    "mz" : 143.073331,
    "recalibratedMass" : 143.07331542641091,
    "peaks" : [ {
      "intensity" : 203512.50232,
      "ce" : "35 eV",
      "spectrum" : 0,
      "mz" : 143.073331
    } ]
  }, {
    "id" : 27,
    "molecularFormula" : "C9H9N",
    "massDeviation" : "-0.43715760645650964 ppm (-5.774009053993723E-5 m/z)",
    "recalibratedMassDeviation" : "-0.6960324832364686 ppm (-9.193244633820541E-5 m/z)",
    "score" : 2.2703612730619867,
    "scores" : {
      "TreeSizeScorer" : -0.5,
      "StrangeElementFragmentScorer" : 0.0,
      "StrangeElementSmallFragmentScorer" : 0.0,
      "Common Fragments" : 1.391100725401066,
      "Mass Deviation" : -0.037351802351949716,
      "CarbohydrogenFragment" : 0.0,
      "MS2-Isotopes" : 0.0,
      "FragmentSizeScorer" : 0.6791928200000001,
      "PhosphorScorer" : 0.0,
      "ClippedPeakIsNoiseScorer" : 0.7374195300128699
    },
    "molecularFormula" : "C9H9N",
    "relativeIntensity" : 0.012003049422141098,
    "ion" : "[M + H]+",
    "mz" : 132.080718,
    "recalibratedMass" : 132.0806838076442,
    "peaks" : [ {
      "intensity" : 495520.000865,
      "ce" : "35 eV",
      "spectrum" : 0,
      "mz" : 132.080718
    } ]
  }, {
    "id" : 28,
    "molecularFormula" : "C9H8N",
    "massDeviation" : "-1.218468679251361 ppm (-1.5970809053555968E-4 m/z)",
    "recalibratedMassDeviation" : "-1.492359149321142 ppm (-1.956076253009087E-4 m/z)",
    "score" : 0.8447708811743697,
    "scores" : {
      "TreeSizeScorer" : -0.5,
      "StrangeElementFragmentScorer" : 0.0,
      "StrangeElementSmallFragmentScorer" : 0.0,
      "Common Fragments" : 0.0,
      "Mass Deviation" : -0.08111452870409448,
      "CarbohydrogenFragment" : 0.0,
      "MS2-Isotopes" : 0.0,
      "FragmentSizeScorer" : 0.68927209,
      "PhosphorScorer" : 0.0,
      "ClippedPeakIsNoiseScorer" : 0.7366133198784642
    },
    "molecularFormula" : "C9H8N",
    "relativeIntensity" : 0.011981080805003213,
    "ion" : "[M + H]+",
    "mz" : 131.072791,
    "recalibratedMass" : 131.07275510046523,
    "peaks" : [ {
      "intensity" : 494613.0739,
      "ce" : "35 eV",
      "spectrum" : 0,
      "mz" : 131.072791
    } ]
  }, {
    "id" : 29,
    "molecularFormula" : "C9H7N",
    "massDeviation" : "0.648320250098584 ppm (8.432390947632484E-5 m/z)",
    "recalibratedMassDeviation" : "0.3591874822421289 ppm (4.6717781799543445E-5 m/z)",
    "score" : 1.5245784237009596,
    "scores" : {
      "TreeSizeScorer" : -0.5,
      "StrangeElementFragmentScorer" : 0.0,
      "StrangeElementSmallFragmentScorer" : 0.0,
      "Common Fragments" : 0.0,
      "Mass Deviation" : -0.01881184199857695,
      "CarbohydrogenFragment" : 0.0,
      "MS2-Isotopes" : 0.0,
      "FragmentSizeScorer" : 0.6993479,
      "PhosphorScorer" : 0.0,
      "ClippedPeakIsNoiseScorer" : 1.3440423656995366
    },
    "molecularFormula" : "C9H7N",
    "relativeIntensity" : 0.04303638586938665,
    "ion" : "[M + H]+",
    "mz" : 130.06521,
    "recalibratedMass" : 130.06517239387233,
    "peaks" : [ {
      "intensity" : 1776664.346969,
      "ce" : "35 eV",
      "spectrum" : 0,
      "mz" : 130.06521
    } ]
  }, {
    "id" : 30,
    "molecularFormula" : "C10H8",
    "massDeviation" : "0.8700078951724972 ppm (1.1229190945982737E-4 m/z)",
    "recalibratedMassDeviation" : "0.5655857446732482 ppm (7.3000123620659E-5 m/z)",
    "score" : 0.8380510201774483,
    "scores" : {
      "TreeSizeScorer" : -0.5,
      "StrangeElementFragmentScorer" : 0.0,
      "StrangeElementSmallFragmentScorer" : 0.0,
      "Common Fragments" : 0.0,
      "Mass Deviation" : -0.02954866398412019,
      "CarbohydrogenFragment" : 0.0,
      "MS2-Isotopes" : 0.0,
      "FragmentSizeScorer" : 0.70930011,
      "PhosphorScorer" : 0.0,
      "ClippedPeakIsNoiseScorer" : 0.6582995741615684
    },
    "molecularFormula" : "C10H8",
    "relativeIntensity" : 0.010012801379581665,
    "ion" : "[M + H]+",
    "mz" : 129.069989,
    "recalibratedMass" : 129.06994970821415,
    "peaks" : [ {
      "intensity" : 413356.904048,
      "ce" : "35 eV",
      "spectrum" : 0,
      "mz" : 129.069989
    } ]
  }, {
    "id" : 31,
    "molecularFormula" : "C8H9N",
    "massDeviation" : "-1.9215443311777096 ppm (-2.3074009052947986E-4 m/z)",
    "recalibratedMassDeviation" : "-2.3755546738247904 ppm (-2.8525777040044886E-4 m/z)",
    "score" : 3.6209611226197786,
    "scores" : {
      "TreeSizeScorer" : -0.5,
      "StrangeElementFragmentScorer" : 0.0,
      "StrangeElementSmallFragmentScorer" : 0.0,
      "Common Fragments" : 2.301816214927566,
      "Mass Deviation" : -0.12038021133355219,
      "CarbohydrogenFragment" : 0.0,
      "MS2-Isotopes" : 0.0,
      "FragmentSizeScorer" : 0.79919455,
      "PhosphorScorer" : 0.0,
      "ClippedPeakIsNoiseScorer" : 1.1403305690257648
    },
    "molecularFormula" : "C8H9N",
    "relativeIntensity" : 0.02871225245002849,
    "ion" : "[M + H]+",
    "mz" : 120.080545,
    "recalibratedMass" : 120.08049048232013,
    "peaks" : [ {
      "intensity" : 1185323.400621,
      "ce" : "35 eV",
      "spectrum" : 0,
      "mz" : 120.080545
    } ]
  }, {
    "id" : 32,
    "molecularFormula" : "C8H7N",
    "massDeviation" : "-2.9363210050114996 ppm (-3.466760905297406E-4 m/z)",
    "recalibratedMassDeviation" : "-3.4270015260849918 ppm (-4.0460797927721615E-4 m/z)",
    "score" : 1.7404767013600477,
    "scores" : {
      "TreeSizeScorer" : -0.5,
      "StrangeElementFragmentScorer" : 0.0,
      "StrangeElementSmallFragmentScorer" : 0.0,
      "Common Fragments" : 0.0,
      "Mass Deviation" : -0.17473550635604188,
      "CarbohydrogenFragment" : 0.0,
      "MS2-Isotopes" : 0.0,
      "FragmentSizeScorer" : 0.8193522099999999,
      "PhosphorScorer" : 0.0,
      "ClippedPeakIsNoiseScorer" : 1.5958599977160897
    },
    "molecularFormula" : "C8H7N",
    "relativeIntensity" : 0.06836471575495585,
    "ion" : "[M + H]+",
    "mz" : 118.064779,
    "recalibratedMass" : 118.06472106811125,
    "peaks" : [ {
      "intensity" : 2822289.804751,
      "ce" : "35 eV",
      "spectrum" : 0,
      "mz" : 118.064779
    } ]
  }, {
    "id" : 33,
    "molecularFormula" : "C9H8",
    "massDeviation" : "-1.0225364227677862 ppm (-1.1970809053707399E-4 m/z)",
    "recalibratedMassDeviation" : "-1.5317823859518687 ppm (-1.7932530037967354E-4 m/z)",
    "score" : 1.4343639143110167,
    "scores" : {
      "TreeSizeScorer" : -0.5,
      "StrangeElementFragmentScorer" : 0.0,
      "StrangeElementSmallFragmentScorer" : 0.0,
      "Common Fragments" : 0.0,
      "Mass Deviation" : -0.07412534457150628,
      "CarbohydrogenFragment" : 0.09932258138450645,
      "MS2-Isotopes" : 0.0,
      "FragmentSizeScorer" : 0.82930243,
      "PhosphorScorer" : 0.0,
      "ClippedPeakIsNoiseScorer" : 1.0798642474980165
    },
    "molecularFormula" : "C9H8",
    "relativeIntensity" : 0.025337247565340795,
    "ion" : "[M + H]+",
    "mz" : 117.069757,
    "recalibratedMass" : 117.06969738279015,
    "peaks" : [ {
      "intensity" : 1045993.604953,
      "ce" : "35 eV",
      "spectrum" : 0,
      "mz" : 117.069757
    } ]
  }, {
    "id" : 34,
    "molecularFormula" : "C8H6N",
    "massDeviation" : "1.8568299856659312 ppm (2.1735590947002947E-4 m/z)",
    "recalibratedMassDeviation" : "1.3473551535424153 ppm (1.5771796978469865E-4 m/z)",
    "score" : 1.4139892471947832,
    "scores" : {
      "TreeSizeScorer" : -0.5,
      "StrangeElementFragmentScorer" : 0.0,
      "StrangeElementSmallFragmentScorer" : 0.0,
      "Common Fragments" : 0.0,
      "Mass Deviation" : -0.06491748689403319,
      "CarbohydrogenFragment" : 0.0,
      "MS2-Isotopes" : 0.0,
      "FragmentSizeScorer" : 0.8294248200000001,
      "PhosphorScorer" : 0.0,
      "ClippedPeakIsNoiseScorer" : 1.1494819140888164
    },
    "molecularFormula" : "C8H6N",
    "relativeIntensity" : 0.029255231124334116,
    "ion" : "[M + H]+",
    "mz" : 117.057518,
    "recalibratedMass" : 117.05745836206032,
    "peaks" : [ {
      "intensity" : 1207739.103806,
      "ce" : "35 eV",
      "spectrum" : 0,
      "mz" : 117.057518
    } ]
  }, {
    "id" : 35,
    "molecularFormula" : "C9H7",
    "massDeviation" : "3.182114471550716 ppm (3.6932390946731175E-4 m/z)",
    "recalibratedMassDeviation" : "2.6537502987913393 ppm (3.080005216702375E-4 m/z)",
    "score" : 1.276681209390489,
    "scores" : {
      "TreeSizeScorer" : -0.5,
      "StrangeElementFragmentScorer" : 0.0,
      "StrangeElementSmallFragmentScorer" : 0.0,
      "Common Fragments" : 0.5803583202473606,
      "Mass Deviation" : -0.1305535110075642,
      "CarbohydrogenFragment" : 0.0,
      "MS2-Isotopes" : 0.0,
      "FragmentSizeScorer" : 0.8393757900000001,
      "PhosphorScorer" : 0.0,
      "ClippedPeakIsNoiseScorer" : 0.48750061015069257
    },
    "molecularFormula" : "C9H7",
    "relativeIntensity" : 0.006703016424041426,
    "ion" : "[M + H]+",
    "mz" : 116.062421,
    "recalibratedMass" : 116.0623596766122,
    "peaks" : [ {
      "intensity" : 276719.572454,
      "ce" : "35 eV",
      "spectrum" : 0,
      "mz" : 116.062421
    } ]
  }, {
    "id" : 36,
    "molecularFormula" : "C8H5N",
    "massDeviation" : "1.6578066338349355 ppm (1.9238790946474182E-4 m/z)",
    "recalibratedMassDeviation" : "1.1291974614710636 ppm (1.3104292123955474E-4 m/z)",
    "score" : 0.7082997583940016,
    "scores" : {
      "TreeSizeScorer" : -0.5,
      "StrangeElementFragmentScorer" : 0.0,
      "StrangeElementSmallFragmentScorer" : 0.0,
      "Common Fragments" : 0.0,
      "Mass Deviation" : -0.05365521843626245,
      "CarbohydrogenFragment" : 0.0,
      "MS2-Isotopes" : 0.0,
      "FragmentSizeScorer" : 0.8395033199999999,
      "PhosphorScorer" : 0.0,
      "ClippedPeakIsNoiseScorer" : 0.42245165683026414
    },
    "molecularFormula" : "C8H5N",
    "relativeIntensity" : 0.005733761943239197,
    "ion" : "[M + H]+",
    "mz" : 116.049668,
    "recalibratedMass" : 116.04960665501177,
    "peaks" : [ {
      "intensity" : 236705.992215,
      "ce" : "35 eV",
      "spectrum" : 0,
      "mz" : 116.049668
    } ]
  }, {
    "id" : 37,
    "molecularFormula" : "C9H6",
    "massDeviation" : "-0.9529784190912913 ppm (-1.0964409052860447E-4 m/z)",
    "recalibratedMassDeviation" : "-1.5008188750145113 ppm (-1.7267529584330532E-4 m/z)",
    "score" : 2.308115959998524,
    "scores" : {
      "TreeSizeScorer" : -0.5,
      "StrangeElementFragmentScorer" : 0.0,
      "StrangeElementSmallFragmentScorer" : 0.0,
      "Common Fragments" : 0.0,
      "Mass Deviation" : -0.07128333744315636,
      "CarbohydrogenFragment" : 0.45366580629850106,
      "MS2-Isotopes" : 0.0,
      "FragmentSizeScorer" : 0.8494588299999999,
      "PhosphorScorer" : 0.0,
      "ClippedPeakIsNoiseScorer" : 1.5762746611431793
    },
    "molecularFormula" : "C9H6",
    "relativeIntensity" : 0.0660499399136736,
    "ion" : "[M + H]+",
    "mz" : 115.054117,
    "recalibratedMass" : 115.05405396879469,
    "peaks" : [ {
      "intensity" : 2726729.277877,
      "ce" : "35 eV",
      "spectrum" : 0,
      "mz" : 115.054117
    } ]
  }, {
    "id" : 38,
    "molecularFormula" : "C7H7N",
    "massDeviation" : "3.0294871568760113 ppm (3.2132390947481326E-4 m/z)",
    "recalibratedMassDeviation" : "2.2916822330581414 ppm (2.430681210938701E-4 m/z)",
    "score" : 1.409016276195576,
    "scores" : {
      "TreeSizeScorer" : -0.5,
      "StrangeElementFragmentScorer" : 0.0,
      "StrangeElementSmallFragmentScorer" : 0.0,
      "Common Fragments" : 0.0,
      "Mass Deviation" : -0.10173593879195958,
      "CarbohydrogenFragment" : 0.0,
      "MS2-Isotopes" : 0.0,
      "FragmentSizeScorer" : 0.93934553,
      "PhosphorScorer" : 0.0,
      "ClippedPeakIsNoiseScorer" : 1.0714066849875357
    },
    "molecularFormula" : "C7H7N",
    "relativeIntensity" : 0.024893625541053212,
    "ion" : "[M + H]+",
    "mz" : 106.065447,
    "recalibratedMass" : 106.06536874421163,
    "peaks" : [ {
      "intensity" : 1027679.626719,
      "ce" : "35 eV",
      "spectrum" : 0,
      "mz" : 106.065447
    } ]
  }, {
    "id" : 39,
    "molecularFormula" : "C8H8",
    "massDeviation" : "-1.2535301245396437 ppm (-1.317080905351986E-4 m/z)",
    "recalibratedMassDeviation" : "-2.014381140761227 ppm (-2.1165035175840785E-4 m/z)",
    "score" : 2.224225135708714,
    "scores" : {
      "TreeSizeScorer" : -0.5,
      "StrangeElementFragmentScorer" : 0.0,
      "StrangeElementSmallFragmentScorer" : 0.0,
      "Common Fragments" : 0.9025292970003989,
      "Mass Deviation" : -0.08804347871371627,
      "CarbohydrogenFragment" : 0.0,
      "MS2-Isotopes" : 0.0,
      "FragmentSizeScorer" : 0.9493025500000001,
      "PhosphorScorer" : 0.0,
      "ClippedPeakIsNoiseScorer" : 0.9604367674220315
    },
    "molecularFormula" : "C8H8",
    "relativeIntensity" : 0.01966851290669055,
    "ion" : "[M + H]+",
    "mz" : 105.069745,
    "recalibratedMass" : 105.06966505773877,
    "peaks" : [ {
      "intensity" : 811972.123897,
      "ce" : "35 eV",
      "spectrum" : 0,
      "mz" : 105.069745
    } ]
  }, {
    "id" : 40,
    "molecularFormula" : "C8H6",
    "massDeviation" : "-0.20032263933162558 ppm (-2.0644090540145044E-5 m/z)",
    "recalibratedMassDeviation" : "-1.0091801618120713 ppm (-1.0400017616518653E-4 m/z)",
    "score" : 1.4592643391364564,
    "scores" : {
      "TreeSizeScorer" : -0.5,
      "StrangeElementFragmentScorer" : 0.0,
      "StrangeElementSmallFragmentScorer" : 0.0,
      "Common Fragments" : 0.0,
      "Mass Deviation" : -0.042355854416855306,
      "CarbohydrogenFragment" : 0.030559371933034818,
      "MS2-Isotopes" : 0.0,
      "FragmentSizeScorer" : 0.9694579400000001,
      "PhosphorScorer" : 0.0,
      "ClippedPeakIsNoiseScorer" : 1.0016028816202769
    },
    "molecularFormula" : "C8H6",
    "relativeIntensity" : 0.021482456422717594,
    "ion" : "[M + H]+",
    "mz" : 103.054206,
    "recalibratedMass" : 103.05412264391437,
    "peaks" : [ {
      "intensity" : 886856.868683,
      "ce" : "35 eV",
      "spectrum" : 0,
      "mz" : 103.054206
    } ]
  }, {
    "id" : 41,
    "molecularFormula" : "C6H5N",
    "massDeviation" : "0.2758071385336625 ppm (2.5387909474261505E-5 m/z)",
    "recalibratedMassDeviation" : "-0.8322425192376195 ppm (-7.660742372195273E-5 m/z)",
    "score" : 0.9228689084574285,
    "scores" : {
      "TreeSizeScorer" : -0.5,
      "StrangeElementFragmentScorer" : 0.0,
      "StrangeElementSmallFragmentScorer" : 0.0,
      "Common Fragments" : 0.0,
      "Mass Deviation" : -0.03103098811316429,
      "CarbohydrogenFragment" : 0.0,
      "MS2-Isotopes" : 0.0,
      "FragmentSizeScorer" : 1.0795049899999998,
      "PhosphorScorer" : 0.0,
      "ClippedPeakIsNoiseScorer" : 0.37439490657059304
    },
    "molecularFormula" : "C6H5N",
    "relativeIntensity" : 0.005103208892386325,
    "ion" : "[M + H]+",
    "mz" : 92.049501,
    "recalibratedMass" : 92.04939900466681,
    "peaks" : [ {
      "intensity" : 210674.969821,
      "ce" : "35 eV",
      "spectrum" : 0,
      "mz" : 92.049501
    } ]
  }, {
    "id" : 42,
    "molecularFormula" : "C7H6",
    "massDeviation" : "2.266291740780815 ppm (2.063559094693801E-4 m/z)",
    "recalibratedMassDeviation" : "1.1276254302431006 ppm (1.0267517727413633E-4 m/z)",
    "score" : 3.417768396928976,
    "scores" : {
      "TreeSizeScorer" : -0.5,
      "StrangeElementFragmentScorer" : 0.0,
      "StrangeElementSmallFragmentScorer" : 0.0,
      "Common Fragments" : 0.0,
      "Mass Deviation" : -0.041805273426439964,
      "CarbohydrogenFragment" : 0.7236037601560805,
      "MS2-Isotopes" : 0.0,
      "FragmentSizeScorer" : 1.08945567,
      "PhosphorScorer" : 0.0,
      "ClippedPeakIsNoiseScorer" : 2.1465142401993353
    },
    "molecularFormula" : "C7H6",
    "relativeIntensity" : 0.16098614811977474,
    "ion" : "[M + H]+",
    "mz" : 91.054433,
    "recalibratedMass" : 91.05432931926781,
    "peaks" : [ {
      "intensity" : 6645965.825019,
      "ce" : "35 eV",
      "spectrum" : 0,
      "mz" : 91.054433
    } ]
  }, {
    "id" : 43,
    "molecularFormula" : "C7H5",
    "massDeviation" : "1.170371988679504 ppm (1.0538790947123289E-4 m/z)",
    "recalibratedMassDeviation" : "0.0 ppm (0.0 m/z)",
    "score" : 1.2137113546487002,
    "scores" : {
      "TreeSizeScorer" : -0.5,
      "StrangeElementFragmentScorer" : 0.0,
      "StrangeElementSmallFragmentScorer" : 0.0,
      "Common Fragments" : 0.0,
      "Mass Deviation" : 0.0,
      "CarbohydrogenFragment" : 0.0,
      "MS2-Isotopes" : 0.0,
      "FragmentSizeScorer" : 1.09953493,
      "PhosphorScorer" : 0.0,
      "ClippedPeakIsNoiseScorer" : 0.6141764246487003
    },
    "molecularFormula" : "C7H5",
    "relativeIntensity" : 0.009038220809349186,
    "ion" : "[M + H]+",
    "mz" : 90.046507,
    "recalibratedMass" : 90.04640161209053,
    "peaks" : [ {
      "intensity" : 373123.447697,
      "ce" : "35 eV",
      "spectrum" : 0,
      "mz" : 90.046507
    } ]
  }, {
    "id" : 44,
    "molecularFormula" : "C7H4",
    "massDeviation" : "-0.4669898324211329 ppm (-4.1580090538673176E-5 m/z)",
    "recalibratedMassDeviation" : "-1.6697875140911684 ppm (-1.4867525518980074E-4 m/z)",
    "score" : 1.2815122573206095,
    "scores" : {
      "TreeSizeScorer" : -0.5,
      "StrangeElementFragmentScorer" : 0.0,
      "StrangeElementSmallFragmentScorer" : 0.0,
      "Common Fragments" : 0.0,
      "Mass Deviation" : -0.06108663258926846,
      "CarbohydrogenFragment" : 0.0,
      "MS2-Isotopes" : 0.0,
      "FragmentSizeScorer" : 1.1096146500000001,
      "PhosphorScorer" : 0.0,
      "ClippedPeakIsNoiseScorer" : 0.7329842399098779
    },
    "molecularFormula" : "C7H4",
    "relativeIntensity" : 0.011882640509299764,
    "ion" : "[M + H]+",
    "mz" : 89.038535,
    "recalibratedMass" : 89.03842790483534,
    "peaks" : [ {
      "intensity" : 490549.17866,
      "ce" : "35 eV",
      "spectrum" : 0,
      "mz" : 89.038535
    } ]
  }, {
    "id" : 45,
    "molecularFormula" : "C4H8N2",
    "massDeviation" : "-0.4197199579046906 ppm (-3.570809052177992E-5 m/z)",
    "recalibratedMassDeviation" : "-1.757429205069968 ppm (-1.495148277115277E-4 m/z)",
    "score" : 2.6190783025568622,
    "scores" : {
      "TreeSizeScorer" : -0.5,
      "StrangeElementFragmentScorer" : 0.0,
      "StrangeElementSmallFragmentScorer" : 0.0,
      "Common Fragments" : 1.2004803657924166,
      "Mass Deviation" : -0.06144174693461291,
      "CarbohydrogenFragment" : 0.0,
      "MS2-Isotopes" : 0.0,
      "FragmentSizeScorer" : 1.14924011,
      "PhosphorScorer" : 0.0,
      "ClippedPeakIsNoiseScorer" : 0.8307995736990588
    },
    "molecularFormula" : "C4H8N2",
    "relativeIntensity" : 0.014807382508018283,
    "ion" : "[M + H]+",
    "mz" : 85.075989,
    "recalibratedMass" : 85.07587519326282,
    "peaks" : [ {
      "intensity" : 611290.842446,
      "ce" : "35 eV",
      "spectrum" : 0,
      "mz" : 85.075989
    } ]
  }, {
    "id" : 46,
    "molecularFormula" : "C6H6",
    "massDeviation" : "0.3586892250649828 ppm (2.835590946403954E-5 m/z)",
    "recalibratedMassDeviation" : "-1.2099324105012599 ppm (-9.565015527357446E-5 m/z)",
    "score" : 3.557718381282406,
    "scores" : {
      "TreeSizeScorer" : -0.5,
      "StrangeElementFragmentScorer" : 0.0,
      "StrangeElementSmallFragmentScorer" : 0.0,
      "Common Fragments" : 2.1594822157596214,
      "Mass Deviation" : -0.03889089117990052,
      "CarbohydrogenFragment" : 0.0,
      "MS2-Isotopes" : 0.0,
      "FragmentSizeScorer" : 1.20945745,
      "PhosphorScorer" : 0.0,
      "ClippedPeakIsNoiseScorer" : 0.7276696067026852
    },
    "molecularFormula" : "C6H6",
    "relativeIntensity" : 0.0117397985204374,
    "ion" : "[M + H]+",
    "mz" : 79.054255,
    "recalibratedMass" : 79.05413099393526,
    "peaks" : [ {
      "intensity" : 484652.255307,
      "ce" : "35 eV",
      "spectrum" : 0,
      "mz" : 79.054255
    } ]
  }, {
    "id" : 47,
    "molecularFormula" : "C4H9N",
    "massDeviation" : "-1.120134739606775 ppm (-8.074009052450037E-5 m/z)",
    "recalibratedMassDeviation" : "-3.0043834707498447 ppm (-2.1655764057015858E-4 m/z)",
    "score" : 3.02125379018951,
    "scores" : {
      "TreeSizeScorer" : -0.5,
      "StrangeElementFragmentScorer" : 0.0,
      "StrangeElementSmallFragmentScorer" : 0.0,
      "Common Fragments" : 2.004111279527133,
      "Mass Deviation" : -0.09017143075067137,
      "CarbohydrogenFragment" : 0.0,
      "MS2-Isotopes" : 0.0,
      "FragmentSizeScorer" : 1.27919305,
      "PhosphorScorer" : 0.0,
      "ClippedPeakIsNoiseScorer" : 0.3281208914130484
    },
    "molecularFormula" : "C4H9N",
    "relativeIntensity" : 0.00455772822295833,
    "ion" : "[M + H]+",
    "mz" : 72.080695,
    "recalibratedMass" : 72.08055918244996,
    "peaks" : [ {
      "intensity" : 188155.977165,
      "ce" : "35 eV",
      "spectrum" : 0,
      "mz" : 72.080695
    } ]
  }, {
    "id" : 48,
    "molecularFormula" : "C4H7N",
    "massDeviation" : "-0.45209516923264614 ppm (-3.167609052923126E-5 m/z)",
    "recalibratedMassDeviation" : "-2.4392732507338204 ppm (-1.709075699807272E-4 m/z)",
    "score" : 2.1202084059808257,
    "scores" : {
      "TreeSizeScorer" : -0.5,
      "StrangeElementFragmentScorer" : 0.0,
      "StrangeElementSmallFragmentScorer" : 0.0,
      "Common Fragments" : 0.0,
      "Mass Deviation" : -0.07052908451459393,
      "CarbohydrogenFragment" : 0.0,
      "MS2-Isotopes" : 0.0,
      "FragmentSizeScorer" : 1.29934906,
      "PhosphorScorer" : 0.0,
      "ClippedPeakIsNoiseScorer" : 1.39138843049542
    },
    "molecularFormula" : "C4H7N",
    "relativeIntensity" : 0.04710166486872739,
    "ion" : "[M + H]+",
    "mz" : 70.065094,
    "recalibratedMass" : 70.06495476852055,
    "peaks" : [ {
      "intensity" : 1944490.620312,
      "ce" : "35 eV",
      "spectrum" : 0,
      "mz" : 70.065094
    } ]
  }, {
    "id" : 49,
    "molecularFormula" : "C5H4",
    "massDeviation" : "3.850314051067713 ppm (2.5041990946306214E-4 m/z)",
    "recalibratedMassDeviation" : "1.5786786947371807 ppm (1.0267517727413633E-4 m/z)",
    "score" : 2.3176789646814493,
    "scores" : {
      "TreeSizeScorer" : -0.5,
      "StrangeElementFragmentScorer" : 0.0,
      "StrangeElementSmallFragmentScorer" : 0.0,
      "Common Fragments" : 0.0,
      "Mass Deviation" : -0.041805273426439964,
      "CarbohydrogenFragment" : 0.24614282698845624,
      "MS2-Isotopes" : 0.0,
      "FragmentSizeScorer" : 1.34961173,
      "PhosphorScorer" : 0.0,
      "ClippedPeakIsNoiseScorer" : 1.2637296811194327
    },
    "molecularFormula" : "C5H4",
    "relativeIntensity" : 0.03680407611629618,
    "ion" : "[M + H]+",
    "mz" : 65.038827,
    "recalibratedMass" : 65.03867925526781,
    "peaks" : [ {
      "intensity" : 1519376.883956,
      "ce" : "35 eV",
      "spectrum" : 0,
      "mz" : 65.038827
    } ]
  }, {
    "id" : 50,
    "molecularFormula" : "C3H7N",
    "massDeviation" : "5.6199323044845135 ppm (3.263239094692949E-4 m/z)",
    "recalibratedMassDeviation" : "2.872077247905578 ppm (1.6676800532167135E-4 m/z)",
    "score" : 3.2704656860225105,
    "scores" : {
      "TreeSizeScorer" : -0.5,
      "StrangeElementFragmentScorer" : 0.0,
      "StrangeElementSmallFragmentScorer" : 0.0,
      "Common Fragments" : 0.0,
      "Mass Deviation" : -0.06876481723804706,
      "CarbohydrogenFragment" : 0.0,
      "MS2-Isotopes" : 0.0,
      "FragmentSizeScorer" : 1.41934548,
      "PhosphorScorer" : 0.0,
      "ClippedPeakIsNoiseScorer" : 2.4198850232605573
    },
    "molecularFormula" : "C3H7N",
    "relativeIntensity" : 0.22707558088027088,
    "ion" : "[M + H]+",
    "mz" : 58.065452,
    "recalibratedMass" : 58.06529244409585,
    "peaks" : [ {
      "intensity" : 9374325.479878,
      "ce" : "35 eV",
      "spectrum" : 0,
      "mz" : 58.065452
    } ]
  }, {
    "id" : 51,
    "molecularFormula" : "C3H5N",
    "massDeviation" : "3.254041433556528 ppm (1.8238790946867312E-4 m/z)",
    "recalibratedMassDeviation" : "0.34643932127270366 ppm (1.941774901581539E-5 m/z)",
    "score" : 1.6453373342784372,
    "scores" : {
      "TreeSizeScorer" : -0.5,
      "StrangeElementFragmentScorer" : 0.0,
      "StrangeElementSmallFragmentScorer" : 0.0,
      "Common Fragments" : 0.0,
      "Mass Deviation" : -0.007776598887991719,
      "CarbohydrogenFragment" : 0.0,
      "MS2-Isotopes" : 0.0,
      "FragmentSizeScorer" : 1.4395034199999999,
      "PhosphorScorer" : 0.0,
      "ClippedPeakIsNoiseScorer" : 0.7136105131664291
    },
    "molecularFormula" : "C3H5N",
    "relativeIntensity" : 0.011369392675958387,
    "ion" : "[M + H]+",
    "mz" : 56.049658,
    "recalibratedMass" : 56.04949502983955,
    "peaks" : [ {
      "intensity" : 469360.849105,
      "ce" : "35 eV",
      "spectrum" : 0,
      "mz" : 56.049658
    } ]
  } ],
  "losses" : [ {
    "source" : 0,
    "target" : 1,
    "molecularFormula" : "H2",
    "score" : -0.59627339519073,
    "scores" : {
      "StrangeElementLossScorer" : 0.0,
      "LossSizeScorer" : -13.386633740120256,
      "Loss RDBE" : 0.0,
      "Free Radical" : 0.011626542158820332,
      "PureCarbonNitrogenLossScorer" : 0.0,
      "CommonLossEdgeScorer" : 12.778733802770706,
      "MS2-Isotopes" : 0.0,
      "PhosphorScorer" : 0.0,
      "AdductSwitchLossScorer" : 0.0,
      "MultimereLossScorer" : 0.0
    }
  }, {
    "source" : 0,
    "target" : 2,
    "molecularFormula" : "CH3",
    "score" : 0.95838112468751,
    "scores" : {
      "StrangeElementLossScorer" : 0.0,
      "LossSizeScorer" : -0.4948195427766855,
      "Loss RDBE" : 0.0,
      "Free Radical" : -0.09373397349900595,
      "PureCarbonNitrogenLossScorer" : 0.0,
      "CommonLossEdgeScorer" : 1.5469346409632014,
      "MS2-Isotopes" : 0.0,
      "PhosphorScorer" : 0.0,
      "AdductSwitchLossScorer" : 0.0,
      "MultimereLossScorer" : 0.0
    }
  }, {
    "source" : 1,
    "target" : 3,
    "molecularFormula" : "CH3",
    "score" : 0.9586494119058473,
    "scores" : {
      "StrangeElementLossScorer" : 0.0,
      "LossSizeScorer" : -0.4945512555583482,
      "Loss RDBE" : 0.0,
      "Free Radical" : -0.09373397349900595,
      "PureCarbonNitrogenLossScorer" : 0.0,
      "CommonLossEdgeScorer" : 1.5469346409632014,
      "MS2-Isotopes" : 0.0,
      "PhosphorScorer" : 0.0,
      "AdductSwitchLossScorer" : 0.0,
      "MultimereLossScorer" : 0.0
    }
  }, {
    "source" : 1,
    "target" : 4,
    "molecularFormula" : "CH3N",
    "score" : -1.0829874167597633,
    "scores" : {
      "StrangeElementLossScorer" : 0.0,
      "LossSizeScorer" : 0.9198004549172731,
      "Loss RDBE" : 0.0,
      "Free Radical" : -0.09373397349900595,
      "PureCarbonNitrogenLossScorer" : 0.0,
      "CommonLossEdgeScorer" : -1.9090538981780305,
      "MS2-Isotopes" : 0.0,
      "PhosphorScorer" : 0.0,
      "AdductSwitchLossScorer" : 0.0,
      "MultimereLossScorer" : 0.0
    }
  }, {
    "source" : 0,
    "target" : 5,
    "molecularFormula" : "C2H5N",
    "score" : -0.8774576425872838,
    "scores" : {
      "StrangeElementLossScorer" : 0.0,
      "LossSizeScorer" : 1.1024015225390293,
      "Loss RDBE" : 0.0,
      "Free Radical" : -0.09373397349900595,
      "PureCarbonNitrogenLossScorer" : 0.0,
      "CommonLossEdgeScorer" : -1.8861251916273072,
      "MS2-Isotopes" : 0.0,
      "PhosphorScorer" : 0.0,
      "AdductSwitchLossScorer" : 0.0,
      "MultimereLossScorer" : 0.0
    }
  }, {
    "source" : 5,
    "target" : 6,
    "molecularFormula" : "H2",
    "score" : -0.5915375324848053,
    "scores" : {
      "StrangeElementLossScorer" : 0.0,
      "LossSizeScorer" : -13.381897877414332,
      "Loss RDBE" : 0.0,
      "Free Radical" : 0.011626542158820332,
      "PureCarbonNitrogenLossScorer" : 0.0,
      "CommonLossEdgeScorer" : 12.778733802770706,
      "MS2-Isotopes" : 0.0,
      "PhosphorScorer" : 0.0,
      "AdductSwitchLossScorer" : 0.0,
      "MultimereLossScorer" : 0.0
    }
  }, {
    "source" : 4,
    "target" : 7,
    "molecularFormula" : "C2H2",
    "score" : 0.9973525893208649,
    "scores" : {
      "StrangeElementLossScorer" : 0.0,
      "LossSizeScorer" : 0.7807108300212215,
      "Loss RDBE" : 0.0,
      "Free Radical" : 0.011626542158820332,
      "PureCarbonNitrogenLossScorer" : 0.0,
      "CommonLossEdgeScorer" : 0.20501521714082305,
      "MS2-Isotopes" : 0.0,
      "PhosphorScorer" : 0.0,
      "AdductSwitchLossScorer" : 0.0,
      "MultimereLossScorer" : 0.0
    }
  }, {
    "source" : 5,
    "target" : 8,
    "molecularFormula" : "CH3",
    "score" : 0.9584290744713184,
    "scores" : {
      "StrangeElementLossScorer" : 0.0,
      "LossSizeScorer" : -0.4947715929928771,
      "Loss RDBE" : 0.0,
      "Free Radical" : -0.09373397349900595,
      "PureCarbonNitrogenLossScorer" : 0.0,
      "CommonLossEdgeScorer" : 1.5469346409632014,
      "MS2-Isotopes" : 0.0,
      "PhosphorScorer" : 0.0,
      "AdductSwitchLossScorer" : 0.0,
      "MultimereLossScorer" : 0.0
    }
  }, {
    "source" : 5,
    "target" : 9,
    "molecularFormula" : "CH4",
    "score" : 0.3089373112926276,
    "scores" : {
      "StrangeElementLossScorer" : 0.0,
      "LossSizeScorer" : -0.2936963986705914,
      "Loss RDBE" : 0.0,
      "Free Radical" : 0.011626542158820332,
      "PureCarbonNitrogenLossScorer" : 0.0,
      "CommonLossEdgeScorer" : 0.5910071678043987,
      "MS2-Isotopes" : 0.0,
      "PhosphorScorer" : 0.0,
      "AdductSwitchLossScorer" : 0.0,
      "MultimereLossScorer" : 0.0
    }
  }, {
    "source" : 6,
    "target" : 10,
    "molecularFormula" : "CH3",
    "score" : 0.9583868787373875,
    "scores" : {
      "StrangeElementLossScorer" : 0.0,
      "LossSizeScorer" : -0.49481378872680803,
      "Loss RDBE" : 0.0,
      "Free Radical" : -0.09373397349900595,
      "PureCarbonNitrogenLossScorer" : 0.0,
      "CommonLossEdgeScorer" : 1.5469346409632014,
      "MS2-Isotopes" : 0.0,
      "PhosphorScorer" : 0.0,
      "AdductSwitchLossScorer" : 0.0,
      "MultimereLossScorer" : 0.0
    }
  }, {
    "source" : 6,
    "target" : 11,
    "molecularFormula" : "CH4",
    "score" : 0.30879443571171816,
    "scores" : {
      "StrangeElementLossScorer" : 0.0,
      "LossSizeScorer" : -0.2938392742515008,
      "Loss RDBE" : 0.0,
      "Free Radical" : 0.011626542158820332,
      "PureCarbonNitrogenLossScorer" : 0.0,
      "CommonLossEdgeScorer" : 0.5910071678043987,
      "MS2-Isotopes" : 0.0,
      "PhosphorScorer" : 0.0,
      "AdductSwitchLossScorer" : 0.0,
      "MultimereLossScorer" : 0.0
    }
  }, {
    "source" : 6,
    "target" : 12,
    "molecularFormula" : "C2H2",
    "score" : 0.9973257677429889,
    "scores" : {
      "StrangeElementLossScorer" : 0.0,
      "LossSizeScorer" : 0.7806840084433455,
      "Loss RDBE" : 0.0,
      "Free Radical" : 0.011626542158820332,
      "PureCarbonNitrogenLossScorer" : 0.0,
      "CommonLossEdgeScorer" : 0.20501521714082305,
      "MS2-Isotopes" : 0.0,
      "PhosphorScorer" : 0.0,
      "AdductSwitchLossScorer" : 0.0,
      "MultimereLossScorer" : 0.0
    }
  }, {
    "source" : 7,
    "target" : 13,
    "molecularFormula" : "CH3",
    "score" : 0.9581884586367095,
    "scores" : {
      "StrangeElementLossScorer" : 0.0,
      "LossSizeScorer" : -0.495012208827486,
      "Loss RDBE" : 0.0,
      "Free Radical" : -0.09373397349900595,
      "PureCarbonNitrogenLossScorer" : 0.0,
      "CommonLossEdgeScorer" : 1.5469346409632014,
      "MS2-Isotopes" : 0.0,
      "PhosphorScorer" : 0.0,
      "AdductSwitchLossScorer" : 0.0,
      "MultimereLossScorer" : 0.0
    }
  }, {
    "source" : 8,
    "target" : 14,
    "molecularFormula" : "CH3",
    "score" : 0.9582197897608962,
    "scores" : {
      "StrangeElementLossScorer" : 0.0,
      "LossSizeScorer" : -0.49498087770329935,
      "Loss RDBE" : 0.0,
      "Free Radical" : -0.09373397349900595,
      "PureCarbonNitrogenLossScorer" : 0.0,
      "CommonLossEdgeScorer" : 1.5469346409632014,
      "MS2-Isotopes" : 0.0,
      "PhosphorScorer" : 0.0,
      "AdductSwitchLossScorer" : 0.0,
      "MultimereLossScorer" : 0.0
    }
  }, {
    "source" : 9,
    "target" : 15,
    "molecularFormula" : "CHN",
    "score" : 0.2278771368817526,
    "scores" : {
      "StrangeElementLossScorer" : 0.0,
      "LossSizeScorer" : 0.8326949210383505,
      "Loss RDBE" : 0.0,
      "Free Radical" : 0.011626542158820332,
      "PureCarbonNitrogenLossScorer" : 0.0,
      "CommonLossEdgeScorer" : -0.6164443263154182,
      "MS2-Isotopes" : 0.0,
      "PhosphorScorer" : 0.0,
      "AdductSwitchLossScorer" : 0.0,
      "MultimereLossScorer" : 0.0
    }
  }, {
    "source" : 10,
    "target" : 16,
    "molecularFormula" : "CHN",
    "score" : 0.22788630622622563,
    "scores" : {
      "StrangeElementLossScorer" : 0.0,
      "LossSizeScorer" : 0.8327040903828236,
      "Loss RDBE" : 0.0,
      "Free Radical" : 0.011626542158820332,
      "PureCarbonNitrogenLossScorer" : 0.0,
      "CommonLossEdgeScorer" : -0.6164443263154182,
      "MS2-Isotopes" : 0.0,
      "PhosphorScorer" : 0.0,
      "AdductSwitchLossScorer" : 0.0,
      "MultimereLossScorer" : 0.0
    }
  }, {
    "source" : 5,
    "target" : 17,
    "molecularFormula" : "C4H2",
    "score" : -1.6418987571938695,
    "scores" : {
      "StrangeElementLossScorer" : 0.0,
      "LossSizeScorer" : 1.0412793265837452,
      "Loss RDBE" : 0.0,
      "Free Radical" : 0.011626542158820332,
      "PureCarbonNitrogenLossScorer" : 0.0,
      "CommonLossEdgeScorer" : -2.694804625936435,
      "MS2-Isotopes" : 0.0,
      "PhosphorScorer" : 0.0,
      "AdductSwitchLossScorer" : 0.0,
      "MultimereLossScorer" : 0.0
    }
  }, {
    "source" : 13,
    "target" : 18,
    "molecularFormula" : "CHN",
    "score" : 0.22793920959829805,
    "scores" : {
      "StrangeElementLossScorer" : 0.0,
      "LossSizeScorer" : 0.832756993754896,
      "Loss RDBE" : 0.0,
      "Free Radical" : 0.011626542158820332,
      "PureCarbonNitrogenLossScorer" : 0.0,
      "CommonLossEdgeScorer" : -0.6164443263154182,
      "MS2-Isotopes" : 0.0,
      "PhosphorScorer" : 0.0,
      "AdductSwitchLossScorer" : 0.0,
      "MultimereLossScorer" : 0.0
    }
  }, {
    "source" : 14,
    "target" : 19,
    "molecularFormula" : "CHN",
    "score" : 0.2278907682351915,
    "scores" : {
      "StrangeElementLossScorer" : 0.0,
      "LossSizeScorer" : 0.8327085523917894,
      "Loss RDBE" : 0.0,
      "Free Radical" : 0.011626542158820332,
      "PureCarbonNitrogenLossScorer" : 0.0,
      "CommonLossEdgeScorer" : -0.6164443263154182,
      "MS2-Isotopes" : 0.0,
      "PhosphorScorer" : 0.0,
      "AdductSwitchLossScorer" : 0.0,
      "MultimereLossScorer" : 0.0
    }
  }, {
    "source" : 1,
    "target" : 20,
    "molecularFormula" : "C8H6",
    "score" : -2.9172650568779863,
    "scores" : {
      "StrangeElementLossScorer" : 0.0,
      "LossSizeScorer" : -0.2340869731003714,
      "Loss RDBE" : 0.0,
      "Free Radical" : 0.011626542158820332,
      "PureCarbonNitrogenLossScorer" : 0.0,
      "CommonLossEdgeScorer" : -2.694804625936435,
      "MS2-Isotopes" : 0.0,
      "PhosphorScorer" : 0.0,
      "AdductSwitchLossScorer" : 0.0,
      "MultimereLossScorer" : 0.0
    }
  }, {
    "source" : 7,
    "target" : 21,
    "molecularFormula" : "C4H2",
    "score" : -1.6418972299486796,
    "scores" : {
      "StrangeElementLossScorer" : 0.0,
      "LossSizeScorer" : 1.041280853828935,
      "Loss RDBE" : 0.0,
      "Free Radical" : 0.011626542158820332,
      "PureCarbonNitrogenLossScorer" : 0.0,
      "CommonLossEdgeScorer" : -2.694804625936435,
      "MS2-Isotopes" : 0.0,
      "PhosphorScorer" : 0.0,
      "AdductSwitchLossScorer" : 0.0,
      "MultimereLossScorer" : 0.0
    }
  }, {
    "source" : 17,
    "target" : 22,
    "molecularFormula" : "CH3",
    "score" : 0.9582773351267295,
    "scores" : {
      "StrangeElementLossScorer" : 0.0,
      "LossSizeScorer" : -0.494923332337466,
      "Loss RDBE" : 0.0,
      "Free Radical" : -0.09373397349900595,
      "PureCarbonNitrogenLossScorer" : 0.0,
      "CommonLossEdgeScorer" : 1.5469346409632014,
      "MS2-Isotopes" : 0.0,
      "PhosphorScorer" : 0.0,
      "AdductSwitchLossScorer" : 0.0,
      "MultimereLossScorer" : 0.0
    }
  }, {
    "source" : 16,
    "target" : 23,
    "molecularFormula" : "C2H2",
    "score" : 0.9973691923524003,
    "scores" : {
      "StrangeElementLossScorer" : 0.0,
      "LossSizeScorer" : 0.7807274330527569,
      "Loss RDBE" : 0.0,
      "Free Radical" : 0.011626542158820332,
      "PureCarbonNitrogenLossScorer" : 0.0,
      "CommonLossEdgeScorer" : 0.20501521714082305,
      "MS2-Isotopes" : 0.0,
      "PhosphorScorer" : 0.0,
      "AdductSwitchLossScorer" : 0.0,
      "MultimereLossScorer" : 0.0
    }
  }, {
    "source" : 17,
    "target" : 24,
    "molecularFormula" : "C2H2",
    "score" : 0.9974026186683448,
    "scores" : {
      "StrangeElementLossScorer" : 0.0,
      "LossSizeScorer" : 0.7807608593687014,
      "Loss RDBE" : 0.0,
      "Free Radical" : 0.011626542158820332,
      "PureCarbonNitrogenLossScorer" : 0.0,
      "CommonLossEdgeScorer" : 0.20501521714082305,
      "MS2-Isotopes" : 0.0,
      "PhosphorScorer" : 0.0,
      "AdductSwitchLossScorer" : 0.0,
      "MultimereLossScorer" : 0.0
    }
  }, {
    "source" : 20,
    "target" : 25,
    "molecularFormula" : "H3N",
    "score" : 0.3098497290561629,
    "scores" : {
      "StrangeElementLossScorer" : 0.0,
      "LossSizeScorer" : -0.11930759530016388,
      "Loss RDBE" : 0.0,
      "Free Radical" : 0.011626542158820332,
      "PureCarbonNitrogenLossScorer" : 0.0,
      "CommonLossEdgeScorer" : 0.4175307821975065,
      "MS2-Isotopes" : 0.0,
      "PhosphorScorer" : 0.0,
      "AdductSwitchLossScorer" : 0.0,
      "MultimereLossScorer" : 0.0
    }
  }, {
    "source" : 21,
    "target" : 26,
    "molecularFormula" : "CH3",
    "score" : 0.9583212387188034,
    "scores" : {
      "StrangeElementLossScorer" : 0.0,
      "LossSizeScorer" : -0.49487942874539215,
      "Loss RDBE" : 0.0,
      "Free Radical" : -0.09373397349900595,
      "PureCarbonNitrogenLossScorer" : 0.0,
      "CommonLossEdgeScorer" : 1.5469346409632014,
      "MS2-Isotopes" : 0.0,
      "PhosphorScorer" : 0.0,
      "AdductSwitchLossScorer" : 0.0,
      "MultimereLossScorer" : 0.0
    }
  }, {
    "source" : 21,
    "target" : 27,
    "molecularFormula" : "C2H2",
    "score" : 0.9974078933581035,
    "scores" : {
      "StrangeElementLossScorer" : 0.0,
      "LossSizeScorer" : 0.7807661340584602,
      "Loss RDBE" : 0.0,
      "Free Radical" : 0.011626542158820332,
      "PureCarbonNitrogenLossScorer" : 0.0,
      "CommonLossEdgeScorer" : 0.20501521714082305,
      "MS2-Isotopes" : 0.0,
      "PhosphorScorer" : 0.0,
      "AdductSwitchLossScorer" : 0.0,
      "MultimereLossScorer" : 0.0
    }
  }, {
    "source" : 22,
    "target" : 28,
    "molecularFormula" : "C2H2",
    "score" : 0.997410169784026,
    "scores" : {
      "StrangeElementLossScorer" : 0.0,
      "LossSizeScorer" : 0.7807684104843826,
      "Loss RDBE" : 0.0,
      "Free Radical" : 0.011626542158820332,
      "PureCarbonNitrogenLossScorer" : 0.0,
      "CommonLossEdgeScorer" : 0.20501521714082305,
      "MS2-Isotopes" : 0.0,
      "PhosphorScorer" : 0.0,
      "AdductSwitchLossScorer" : 0.0,
      "MultimereLossScorer" : 0.0
    }
  }, {
    "source" : 24,
    "target" : 29,
    "molecularFormula" : "CH4",
    "score" : 0.3088409418610151,
    "scores" : {
      "StrangeElementLossScorer" : 0.0,
      "LossSizeScorer" : -0.2937927681022039,
      "Loss RDBE" : 0.0,
      "Free Radical" : 0.011626542158820332,
      "PureCarbonNitrogenLossScorer" : 0.0,
      "CommonLossEdgeScorer" : 0.5910071678043987,
      "MS2-Isotopes" : 0.0,
      "PhosphorScorer" : 0.0,
      "AdductSwitchLossScorer" : 0.0,
      "MultimereLossScorer" : 0.0
    }
  }, {
    "source" : 24,
    "target" : 30,
    "molecularFormula" : "H3N",
    "score" : 0.3098941529642617,
    "scores" : {
      "StrangeElementLossScorer" : 0.0,
      "LossSizeScorer" : -0.1192631713920651,
      "Loss RDBE" : 0.0,
      "Free Radical" : 0.011626542158820332,
      "PureCarbonNitrogenLossScorer" : 0.0,
      "CommonLossEdgeScorer" : 0.4175307821975065,
      "MS2-Isotopes" : 0.0,
      "PhosphorScorer" : 0.0,
      "AdductSwitchLossScorer" : 0.0,
      "MultimereLossScorer" : 0.0
    }
  }, {
    "source" : 24,
    "target" : 31,
    "molecularFormula" : "C2H2",
    "score" : 0.9973836292723851,
    "scores" : {
      "StrangeElementLossScorer" : 0.0,
      "LossSizeScorer" : 0.7807418699727418,
      "Loss RDBE" : 0.0,
      "Free Radical" : 0.011626542158820332,
      "PureCarbonNitrogenLossScorer" : 0.0,
      "CommonLossEdgeScorer" : 0.20501521714082305,
      "MS2-Isotopes" : 0.0,
      "PhosphorScorer" : 0.0,
      "AdductSwitchLossScorer" : 0.0,
      "MultimereLossScorer" : 0.0
    }
  }, {
    "source" : 25,
    "target" : 32,
    "molecularFormula" : "C2H2",
    "score" : 0.9974159996026822,
    "scores" : {
      "StrangeElementLossScorer" : 0.0,
      "LossSizeScorer" : 0.7807742403030389,
      "Loss RDBE" : 0.0,
      "Free Radical" : 0.011626542158820332,
      "PureCarbonNitrogenLossScorer" : 0.0,
      "CommonLossEdgeScorer" : 0.20501521714082305,
      "MS2-Isotopes" : 0.0,
      "PhosphorScorer" : 0.0,
      "AdductSwitchLossScorer" : 0.0,
      "MultimereLossScorer" : 0.0
    }
  }, {
    "source" : 25,
    "target" : 33,
    "molecularFormula" : "CHN",
    "score" : 0.2279172940634312,
    "scores" : {
      "StrangeElementLossScorer" : 0.0,
      "LossSizeScorer" : 0.8327350782200291,
      "Loss RDBE" : 0.0,
      "Free Radical" : 0.011626542158820332,
      "PureCarbonNitrogenLossScorer" : 0.0,
      "CommonLossEdgeScorer" : -0.6164443263154182,
      "MS2-Isotopes" : 0.0,
      "PhosphorScorer" : 0.0,
      "AdductSwitchLossScorer" : 0.0,
      "MultimereLossScorer" : 0.0
    }
  }, {
    "source" : 26,
    "target" : 34,
    "molecularFormula" : "C2H2",
    "score" : 0.997396622103707,
    "scores" : {
      "StrangeElementLossScorer" : 0.0,
      "LossSizeScorer" : 0.7807548628040637,
      "Loss RDBE" : 0.0,
      "Free Radical" : 0.011626542158820332,
      "PureCarbonNitrogenLossScorer" : 0.0,
      "CommonLossEdgeScorer" : 0.20501521714082305,
      "MS2-Isotopes" : 0.0,
      "PhosphorScorer" : 0.0,
      "AdductSwitchLossScorer" : 0.0,
      "MultimereLossScorer" : 0.0
    }
  }, {
    "source" : 26,
    "target" : 35,
    "molecularFormula" : "CHN",
    "score" : 0.2279038597672952,
    "scores" : {
      "StrangeElementLossScorer" : 0.0,
      "LossSizeScorer" : 0.8327216439238931,
      "Loss RDBE" : 0.0,
      "Free Radical" : 0.011626542158820332,
      "PureCarbonNitrogenLossScorer" : 0.0,
      "CommonLossEdgeScorer" : -0.6164443263154182,
      "MS2-Isotopes" : 0.0,
      "PhosphorScorer" : 0.0,
      "AdductSwitchLossScorer" : 0.0,
      "MultimereLossScorer" : 0.0
    }
  }, {
    "source" : 28,
    "target" : 36,
    "molecularFormula" : "CH3",
    "score" : 0.958261563639591,
    "scores" : {
      "StrangeElementLossScorer" : 0.0,
      "LossSizeScorer" : -0.4949391038246045,
      "Loss RDBE" : 0.0,
      "Free Radical" : -0.09373397349900595,
      "PureCarbonNitrogenLossScorer" : 0.0,
      "CommonLossEdgeScorer" : 1.5469346409632014,
      "MS2-Isotopes" : 0.0,
      "PhosphorScorer" : 0.0,
      "AdductSwitchLossScorer" : 0.0,
      "MultimereLossScorer" : 0.0
    }
  }, {
    "source" : 27,
    "target" : 37,
    "molecularFormula" : "H3N",
    "score" : 0.3099708217886389,
    "scores" : {
      "StrangeElementLossScorer" : 0.0,
      "LossSizeScorer" : -0.11918650256768792,
      "Loss RDBE" : 0.0,
      "Free Radical" : 0.011626542158820332,
      "PureCarbonNitrogenLossScorer" : 0.0,
      "CommonLossEdgeScorer" : 0.4175307821975065,
      "MS2-Isotopes" : 0.0,
      "PhosphorScorer" : 0.0,
      "AdductSwitchLossScorer" : 0.0,
      "MultimereLossScorer" : 0.0
    }
  }, {
    "source" : 27,
    "target" : 38,
    "molecularFormula" : "C2H2",
    "score" : 0.9973665270241329,
    "scores" : {
      "StrangeElementLossScorer" : 0.0,
      "LossSizeScorer" : 0.7807247677244895,
      "Loss RDBE" : 0.0,
      "Free Radical" : 0.011626542158820332,
      "PureCarbonNitrogenLossScorer" : 0.0,
      "CommonLossEdgeScorer" : 0.20501521714082305,
      "MS2-Isotopes" : 0.0,
      "PhosphorScorer" : 0.0,
      "AdductSwitchLossScorer" : 0.0,
      "MultimereLossScorer" : 0.0
    }
  }, {
    "source" : 27,
    "target" : 39,
    "molecularFormula" : "CHN",
    "score" : 0.22790694871602046,
    "scores" : {
      "StrangeElementLossScorer" : 0.0,
      "LossSizeScorer" : 0.8327247328726184,
      "Loss RDBE" : 0.0,
      "Free Radical" : 0.011626542158820332,
      "PureCarbonNitrogenLossScorer" : 0.0,
      "CommonLossEdgeScorer" : -0.6164443263154182,
      "MS2-Isotopes" : 0.0,
      "PhosphorScorer" : 0.0,
      "AdductSwitchLossScorer" : 0.0,
      "MultimereLossScorer" : 0.0
    }
  }, {
    "source" : 30,
    "target" : 40,
    "molecularFormula" : "C2H2",
    "score" : 0.9973949563771033,
    "scores" : {
      "StrangeElementLossScorer" : 0.0,
      "LossSizeScorer" : 0.7807531970774599,
      "Loss RDBE" : 0.0,
      "Free Radical" : 0.011626542158820332,
      "PureCarbonNitrogenLossScorer" : 0.0,
      "CommonLossEdgeScorer" : 0.20501521714082305,
      "MS2-Isotopes" : 0.0,
      "PhosphorScorer" : 0.0,
      "AdductSwitchLossScorer" : 0.0,
      "MultimereLossScorer" : 0.0
    }
  }, {
    "source" : 32,
    "target" : 41,
    "molecularFormula" : "C2H2",
    "score" : 0.9973669157188244,
    "scores" : {
      "StrangeElementLossScorer" : 0.0,
      "LossSizeScorer" : 0.780725156419181,
      "Loss RDBE" : 0.0,
      "Free Radical" : 0.011626542158820332,
      "PureCarbonNitrogenLossScorer" : 0.0,
      "CommonLossEdgeScorer" : 0.20501521714082305,
      "MS2-Isotopes" : 0.0,
      "PhosphorScorer" : 0.0,
      "AdductSwitchLossScorer" : 0.0,
      "MultimereLossScorer" : 0.0
    }
  }, {
    "source" : 33,
    "target" : 42,
    "molecularFormula" : "C2H2",
    "score" : 0.997369469989852,
    "scores" : {
      "StrangeElementLossScorer" : 0.0,
      "LossSizeScorer" : 0.7807277106902086,
      "Loss RDBE" : 0.0,
      "Free Radical" : 0.011626542158820332,
      "PureCarbonNitrogenLossScorer" : 0.0,
      "CommonLossEdgeScorer" : 0.20501521714082305,
      "MS2-Isotopes" : 0.0,
      "PhosphorScorer" : 0.0,
      "AdductSwitchLossScorer" : 0.0,
      "MultimereLossScorer" : 0.0
    }
  }, {
    "source" : 35,
    "target" : 43,
    "molecularFormula" : "C2H2",
    "score" : 0.997402230004545,
    "scores" : {
      "StrangeElementLossScorer" : 0.0,
      "LossSizeScorer" : 0.7807604707049016,
      "Loss RDBE" : 0.0,
      "Free Radical" : 0.011626542158820332,
      "PureCarbonNitrogenLossScorer" : 0.0,
      "CommonLossEdgeScorer" : 0.20501521714082305,
      "MS2-Isotopes" : 0.0,
      "PhosphorScorer" : 0.0,
      "AdductSwitchLossScorer" : 0.0,
      "MultimereLossScorer" : 0.0
    }
  }, {
    "source" : 37,
    "target" : 44,
    "molecularFormula" : "C2H2",
    "score" : 0.9973837958495247,
    "scores" : {
      "StrangeElementLossScorer" : 0.0,
      "LossSizeScorer" : 0.7807420365498814,
      "Loss RDBE" : 0.0,
      "Free Radical" : 0.011626542158820332,
      "PureCarbonNitrogenLossScorer" : 0.0,
      "CommonLossEdgeScorer" : 0.20501521714082305,
      "MS2-Isotopes" : 0.0,
      "PhosphorScorer" : 0.0,
      "AdductSwitchLossScorer" : 0.0,
      "MultimereLossScorer" : 0.0
    }
  }, {
    "source" : 20,
    "target" : 45,
    "molecularFormula" : "C6H4",
    "score" : -2.1936772536718268,
    "scores" : {
      "StrangeElementLossScorer" : 0.0,
      "LossSizeScorer" : 0.48950083010578815,
      "Loss RDBE" : 0.0,
      "Free Radical" : 0.011626542158820332,
      "PureCarbonNitrogenLossScorer" : 0.0,
      "CommonLossEdgeScorer" : -2.694804625936435,
      "MS2-Isotopes" : 0.0,
      "PhosphorScorer" : 0.0,
      "AdductSwitchLossScorer" : 0.0,
      "MultimereLossScorer" : 0.0
    }
  }, {
    "source" : 39,
    "target" : 46,
    "molecularFormula" : "C2H2",
    "score" : 0.9973786874558451,
    "scores" : {
      "StrangeElementLossScorer" : 0.0,
      "LossSizeScorer" : 0.7807369281562018,
      "Loss RDBE" : 0.0,
      "Free Radical" : 0.011626542158820332,
      "PureCarbonNitrogenLossScorer" : 0.0,
      "CommonLossEdgeScorer" : 0.20501521714082305,
      "MS2-Isotopes" : 0.0,
      "PhosphorScorer" : 0.0,
      "AdductSwitchLossScorer" : 0.0,
      "MultimereLossScorer" : 0.0
    }
  }, {
    "source" : 24,
    "target" : 47,
    "molecularFormula" : "C6H2",
    "score" : -2.141433079040798,
    "scores" : {
      "StrangeElementLossScorer" : 0.0,
      "LossSizeScorer" : 0.5417450047368169,
      "Loss RDBE" : 0.0,
      "Free Radical" : 0.011626542158820332,
      "PureCarbonNitrogenLossScorer" : 0.0,
      "CommonLossEdgeScorer" : -2.694804625936435,
      "MS2-Isotopes" : 0.0,
      "PhosphorScorer" : 0.0,
      "AdductSwitchLossScorer" : 0.0,
      "MultimereLossScorer" : 0.0
    }
  }, {
    "source" : 47,
    "target" : 48,
    "molecularFormula" : "H2",
    "score" : -0.5924357220832004,
    "scores" : {
      "StrangeElementLossScorer" : 0.0,
      "LossSizeScorer" : -13.382796067012727,
      "Loss RDBE" : 0.0,
      "Free Radical" : 0.011626542158820332,
      "PureCarbonNitrogenLossScorer" : 0.0,
      "CommonLossEdgeScorer" : 12.778733802770706,
      "MS2-Isotopes" : 0.0,
      "PhosphorScorer" : 0.0,
      "AdductSwitchLossScorer" : 0.0,
      "MultimereLossScorer" : 0.0
    }
  }, {
    "source" : 42,
    "target" : 49,
    "molecularFormula" : "C2H2",
    "score" : 0.997385128464409,
    "scores" : {
      "StrangeElementLossScorer" : 0.0,
      "LossSizeScorer" : 0.7807433691647656,
      "Loss RDBE" : 0.0,
      "Free Radical" : 0.011626542158820332,
      "PureCarbonNitrogenLossScorer" : 0.0,
      "CommonLossEdgeScorer" : 0.20501521714082305,
      "MS2-Isotopes" : 0.0,
      "PhosphorScorer" : 0.0,
      "AdductSwitchLossScorer" : 0.0,
      "MultimereLossScorer" : 0.0
    }
  }, {
    "source" : 45,
    "target" : 50,
    "molecularFormula" : "CHN",
    "score" : 0.22788557072531035,
    "scores" : {
      "StrangeElementLossScorer" : 0.0,
      "LossSizeScorer" : 0.8327033548819083,
      "Loss RDBE" : 0.0,
      "Free Radical" : 0.011626542158820332,
      "PureCarbonNitrogenLossScorer" : 0.0,
      "CommonLossEdgeScorer" : -0.6164443263154182,
      "MS2-Isotopes" : 0.0,
      "PhosphorScorer" : 0.0,
      "AdductSwitchLossScorer" : 0.0,
      "MultimereLossScorer" : 0.0
    }
  }, {
    "source" : 47,
    "target" : 51,
    "molecularFormula" : "CH4",
    "score" : 0.3088639142266897,
    "scores" : {
      "StrangeElementLossScorer" : 0.0,
      "LossSizeScorer" : -0.2937697957365293,
      "Loss RDBE" : 0.0,
      "Free Radical" : 0.011626542158820332,
      "PureCarbonNitrogenLossScorer" : 0.0,
      "CommonLossEdgeScorer" : 0.5910071678043987,
      "MS2-Isotopes" : 0.0,
      "PhosphorScorer" : 0.0,
      "AdductSwitchLossScorer" : 0.0,
      "MultimereLossScorer" : 0.0
    }
  } ]
}