{
  "molecularFormula" : "C11H22F3N3O2S2",
  "root" : "C11H22F3N3O2S2",
  "annotations" : {
    "recalibration" : {
      "merged" : "1.000002757563829x + -2.3249761076016284E-4"
    },
    "nodeBoost" : 1.0,
    "numberOfUnconsideredCandidates" : 18,
    "lowestConsideredCandidateScore" : 6.469827657321139,
    "statistics" : {
      "explainedIntensity" : 0.9881874968150247,
      "explainedIntensityOfExplainablePeaks" : 0.9881874968150247,
      "ratioOfExplainedPeaks" : 0.875
    },
    "precursorIonType" : "[M - H]-"
  },
  "fragments" : [ {
    "id" : 0,
    "molecularFormula" : "C11H22F3N3O2S2",
    "massDeviation" : "NaN ppm (NaN m/z)",
    "recalibratedMassDeviation" : "NaN ppm (NaN m/z)",
    "score" : 1.8814660328897284,
    "scores" : {
      "Chemical Prior" : 0.017981805820014234,
      "MS-Isotopes" : 5.082360051937915,
      "Mass Deviation" : 0.0,
      "CarbohydrogenCompound" : 0.0,
      "motif-search" : 0.0,
      "MS2-Isotopes" : 0.0,
      "PhosphorScorer" : 0.0,
      "BeautificationScorer" : -0.0,
      "IntrinsicallyChargedScorer" : 0.0,
      "StrangeElementRootScorer" : -3.2188758248682006
    },
    "molecularFormula" : "C11H22F3N3O2S2",
    "relativeIntensity" : 0.0,
    "ion" : "[M - H]-",
    "mz" : 348.1023,
    "recalibratedMass" : 348.10302741670057,
    "peaks" : [ ],
    "isotopes" : {
      "score" : 5.082360051937915,
      "mz" : [ 348.1023, 349.106022, 350.1012229637998, 351.101364 ],
      "relInt" : [ 1.0, 0.15480121623732354, 0.058988461337166585, 0.01801512400870868 ]
    }
  }, {
    "id" : 1,
    "molecularFormula" : "C10H12N2OS",
    "massDeviation" : "-1.239025054178144 ppm (-2.5655190944462447E-4 m/z)",
    "recalibratedMassDeviation" : "0.3956840225671973 ppm (8.193027019842702E-5 m/z)",
    "score" : 11.449946121269928,
    "scores" : {
      "TreeSizeScorer" : 0.5,
      "StrangeElementFragmentScorer" : -0.4054652081081694,
      "StrangeElementSmallFragmentScorer" : 0.0,
      "Common Fragments" : 0.0,
      "Mass Deviation" : -0.032071621108964575,
      "CarbohydrogenFragment" : 0.0,
      "MS2-Isotopes" : 0.0,
      "FragmentSizeScorer" : 0.0,
      "PhosphorScorer" : 0.0,
      "ClippedPeakIsNoiseScorer" : 11.387482950487064
    },
    "molecularFormula" : "C10H12N2OS",
    "relativeIntensity" : 1.0,
    "ion" : "[M - H]-",
    "mz" : 207.059501,
    "recalibratedMass" : 207.05983948217965,
    "peaks" : [ {
      "intensity" : 734782.157018,
      "ce" : "35 eV",
      "spectrum" : 0,
      "mz" : 207.059501
    } ]
  }, {
    "id" : 2,
    "molecularFormula" : "C10H10N2O",
    "massDeviation" : "-3.94916834948245 ppm (-6.834879094697044E-4 m/z)",
    "recalibratedMassDeviation" : "-2.5349636973266936 ppm (-4.3873021735407747E-4 m/z)",
    "score" : 2.203060987323036,
    "scores" : {
      "TreeSizeScorer" : 0.5,
      "StrangeElementFragmentScorer" : 0.0,
      "StrangeElementSmallFragmentScorer" : 0.0,
      "Common Fragments" : 0.0,
      "Mass Deviation" : -0.19071793108819513,
      "CarbohydrogenFragment" : 0.0,
      "MS2-Isotopes" : 0.0,
      "FragmentSizeScorer" : 0.26928647000000017,
      "PhosphorScorer" : 0.0,
      "ClippedPeakIsNoiseScorer" : 1.624492448411231
    },
    "molecularFormula" : "C10H10N2O",
    "relativeIntensity" : 0.07186097808538171,
    "ion" : "[M - H]-",
    "mz" : 173.071353,
    "recalibratedMass" : 173.0715977576921,
    "peaks" : [ {
      "intensity" : 52802.164483,
      "ce" : "35 eV",
      "spectrum" : 0,
      "mz" : 173.071353
    } ]
  }, {
    "id" : 3,
    "molecularFormula" : "C3H3NOS",
    "massDeviation" : "2.397684640728669 ppm (2.397360905348478E-4 m/z)",
    "recalibratedMassDeviation" : "2.829957178151994 ppm (2.8295763004848595E-4 m/z)",
    "score" : 1.9732481564625655,
    "scores" : {
      "TreeSizeScorer" : 0.5,
      "StrangeElementFragmentScorer" : -0.4054652081081694,
      "StrangeElementSmallFragmentScorer" : 0.0,
      "Common Fragments" : 0.0,
      "Mass Deviation" : -0.11935611558360233,
      "CarbohydrogenFragment" : 0.0,
      "MS2-Isotopes" : 0.0,
      "FragmentSizeScorer" : 1.00013502,
      "PhosphorScorer" : 0.0,
      "ClippedPeakIsNoiseScorer" : 0.9979344601543371
    },
    "molecularFormula" : "C3H3NOS",
    "relativeIntensity" : 0.0213150661722129,
    "ion" : "[M - H]-",
    "mz" : 99.986498,
    "recalibratedMass" : 99.98654122153951,
    "peaks" : [ {
      "intensity" : 15661.930299,
      "ce" : "35 eV",
      "spectrum" : 0,
      "mz" : 99.986498
    } ]
  }, {
    "id" : 4,
    "molecularFormula" : "C3H3NS",
    "massDeviation" : "1.4210502624102535 ppm (1.1935609053637108E-4 m/z)",
    "recalibratedMassDeviation" : "1.410504081157599 ppm (1.1847030009448645E-4 m/z)",
    "score" : 3.1460803157195913,
    "scores" : {
      "TreeSizeScorer" : 0.5,
      "StrangeElementFragmentScorer" : 0.0,
      "StrangeElementSmallFragmentScorer" : 0.0,
      "Common Fragments" : 0.7584455729025272,
      "Mass Deviation" : -0.04838719162369884,
      "CarbohydrogenFragment" : 0.0,
      "MS2-Isotopes" : 0.0,
      "FragmentSizeScorer" : 1.16008537,
      "PhosphorScorer" : 0.0,
      "ClippedPeakIsNoiseScorer" : 0.7759365644407628
    },
    "molecularFormula" : "C3H3NS",
    "relativeIntensity" : 0.013095956933755908,
    "ion" : "[M - H]-",
    "mz" : 83.991463,
    "recalibratedMass" : 83.99146211420955,
    "peaks" : [ {
      "intensity" : 9622.675484,
      "ce" : "35 eV",
      "spectrum" : 0,
      "mz" : 83.991463
    } ]
  }, {
    "id" : 5,
    "molecularFormula" : "C2H5NS",
    "massDeviation" : "-0.18522454854908602 ppm (-1.3707909459981238E-5 m/z)",
    "recalibratedMassDeviation" : "-0.5692242169336938 ppm (-4.212654906154967E-5 m/z)",
    "score" : 6.3360964229744035,
    "scores" : {
      "TreeSizeScorer" : 0.5,
      "StrangeElementFragmentScorer" : 0.693147,
      "StrangeElementSmallFragmentScorer" : 0.0,
      "Common Fragments" : 0.0,
      "Mass Deviation" : -0.016947622013932392,
      "CarbohydrogenFragment" : 0.0,
      "MS2-Isotopes" : 0.0,
      "FragmentSizeScorer" : 1.2599302,
      "PhosphorScorer" : 0.0,
      "ClippedPeakIsNoiseScorer" : 3.8999668449883362
    },
    "molecularFormula" : "C2H5NS",
    "relativeIntensity" : 0.6638404856720695,
    "ion" : "[M - H]-",
    "mz" : 74.00698,
    "recalibratedMass" : 74.0069515813604,
    "peaks" : [ {
      "intensity" : 487778.143978,
      "ce" : "35 eV",
      "spectrum" : 0,
      "mz" : 74.00698
    } ]
  }, {
    "id" : 6,
    "molecularFormula" : "C2H4NS",
    "massDeviation" : "1.0044500261547291 ppm (7.332409053617539E-5 m/z)",
    "recalibratedMassDeviation" : "0.5770822533348662 ppm (4.212654906154967E-5 m/z)",
    "score" : 3.472185391949743,
    "scores" : {
      "TreeSizeScorer" : 0.5,
      "StrangeElementFragmentScorer" : 0.0,
      "StrangeElementSmallFragmentScorer" : 0.5,
      "Common Fragments" : 0.0,
      "Mass Deviation" : -0.016947622013932392,
      "CarbohydrogenFragment" : 0.0,
      "MS2-Isotopes" : 0.0,
      "FragmentSizeScorer" : 1.2700075800000001,
      "PhosphorScorer" : 0.0,
      "ClippedPeakIsNoiseScorer" : 1.219125433963675
    },
    "molecularFormula" : "C2H4NS",
    "relativeIntensity" : 0.03368165837265116,
    "ion" : "[M - H]-",
    "mz" : 72.999242,
    "recalibratedMass" : 72.99921080245852,
    "peaks" : [ {
      "intensity" : 24748.681591,
      "ce" : "35 eV",
      "spectrum" : 0,
      "mz" : 72.999242
    } ]
  }, {
    "id" : 7,
    "molecularFormula" : "C2H3NS",
    "massDeviation" : "-0.8007067613333559 ppm (-5.764390945728337E-5 m/z)",
    "recalibratedMassDeviation" : "-1.2726678776875011 ppm (-9.162095392412084E-5 m/z)",
    "score" : 4.870651621061489,
    "scores" : {
      "TreeSizeScorer" : 0.5,
      "StrangeElementFragmentScorer" : 0.693147,
      "StrangeElementSmallFragmentScorer" : 0.5,
      "Common Fragments" : 0.0,
      "Mass Deviation" : -0.03722294951481328,
      "CarbohydrogenFragment" : 0.0,
      "MS2-Isotopes" : 0.0,
      "FragmentSizeScorer" : 1.28008714,
      "PhosphorScorer" : 0.0,
      "ClippedPeakIsNoiseScorer" : 1.934640430576303
    },
    "molecularFormula" : "C2H3NS",
    "relativeIntensity" : 0.11882899374332667,
    "ion" : "[M - H]-",
    "mz" : 71.991286,
    "recalibratedMass" : 71.99125202295554,
    "peaks" : [ {
      "intensity" : 87313.424339,
      "ce" : "35 eV",
      "spectrum" : 0,
      "mz" : 71.991286
    } ]
  } ],
  "losses" : [ {
    "source" : 0,
    "target" : 1,
    "molecularFormula" : "CH10F3NOS",
    "score" : -7.028637367416659,
    "scores" : {
      "StrangeElementLossScorer" : 0.0,
      "LossSizeScorer" : -1.3497270100850534,
      "Loss RDBE" : -2.995732273553991,
      "Free Radical" : 0.011626542158820332,
      "PureCarbonNitrogenLossScorer" : 0.0,
      "CommonLossEdgeScorer" : -2.694804625936435,
      "MS2-Isotopes" : 0.0,
      "PhosphorScorer" : 0.0,
      "AdductSwitchLossScorer" : 0.0,
      "MultimereLossScorer" : 0.0
    }
  }, {
    "source" : 1,
    "target" : 2,
    "molecularFormula" : "H2S",
    "score" : -0.9374872132900123,
    "scores" : {
      "StrangeElementLossScorer" : 0.6931471805599453,
      "LossSizeScorer" : 1.0525436899276572,
      "Loss RDBE" : 0.0,
      "Free Radical" : 0.011626542158820332,
      "PureCarbonNitrogenLossScorer" : 0.0,
      "CommonLossEdgeScorer" : -2.694804625936435,
      "MS2-Isotopes" : 0.0,
      "PhosphorScorer" : 0.0,
      "AdductSwitchLossScorer" : 0.0,
      "MultimereLossScorer" : 0.0
    }
  }, {
    "source" : 1,
    "target" : 3,
    "molecularFormula" : "C7H9N",
    "score" : -3.0617707906765075,
    "scores" : {
      "StrangeElementLossScorer" : 0.0,
      "LossSizeScorer" : -0.3785927068988926,
      "Loss RDBE" : 0.0,
      "Free Radical" : 0.011626542158820332,
      "PureCarbonNitrogenLossScorer" : 0.0,
      "CommonLossEdgeScorer" : -2.694804625936435,
      "MS2-Isotopes" : 0.0,
      "PhosphorScorer" : 0.0,
      "AdductSwitchLossScorer" : 0.0,
      "MultimereLossScorer" : 0.0
    }
  }, {
    "source" : 3,
    "target" : 4,
    "molecularFormula" : "O",
    "score" : -2.983687469061116,
    "scores" : {
      "StrangeElementLossScorer" : 0.0,
      "LossSizeScorer" : -0.300509385283501,
      "Loss RDBE" : 0.0,
      "Free Radical" : 0.011626542158820332,
      "PureCarbonNitrogenLossScorer" : 0.0,
      "CommonLossEdgeScorer" : -2.694804625936435,
      "MS2-Isotopes" : 0.0,
      "PhosphorScorer" : 0.0,
      "AdductSwitchLossScorer" : 0.0,
      "MultimereLossScorer" : 0.0
    }
  }, {
    "source" : 1,
    "target" : 5,
    "molecularFormula" : "C8H7NO",
    "score" : -3.8070963942829117,
    "scores" : {
      "StrangeElementLossScorer" : 0.0,
      "LossSizeScorer" : -1.1239183105052968,
      "Loss RDBE" : 0.0,
      "Free Radical" : 0.011626542158820332,
      "PureCarbonNitrogenLossScorer" : 0.0,
      "CommonLossEdgeScorer" : -2.694804625936435,
      "MS2-Isotopes" : 0.0,
      "PhosphorScorer" : 0.0,
      "AdductSwitchLossScorer" : 0.0,
      "MultimereLossScorer" : 0.0
    }
  }, {
    "source" : 5,
    "target" : 6,
    "molecularFormula" : "H",
    "score" : -2.7895618549618817,
    "scores" : {
      "StrangeElementLossScorer" : 0.0,
      "LossSizeScorer" : -20.82758654451303,
      "Loss RDBE" : 0.0,
      "Free Radical" : -0.09373397349900595,
      "PureCarbonNitrogenLossScorer" : 0.0,
      "CommonLossEdgeScorer" : 18.131758663050153,
      "MS2-Isotopes" : 0.0,
      "PhosphorScorer" : 0.0,
      "AdductSwitchLossScorer" : 0.0,
      "MultimereLossScorer" : 0.0
    }
  }, {
    "source" : 3,
    "target" : 7,
    "molecularFormula" : "CO",
    "score" : 1.3683717677145704,
    "scores" : {
      "StrangeElementLossScorer" : 0.0,
      "LossSizeScorer" : 0.8780745204099523,
      "Loss RDBE" : 0.0,
      "Free Radical" : 0.011626542158820332,
      "PureCarbonNitrogenLossScorer" : 0.0,
      "CommonLossEdgeScorer" : 0.4786707051457979,
      "MS2-Isotopes" : 0.0,
      "PhosphorScorer" : 0.0,
      "AdductSwitchLossScorer" : 0.0,
      "MultimereLossScorer" : 0.0
    }
  } ]
}