{
  "molecularFormula" : "C13H17F2N3O6",
  "root" : "C13H17F2N3O6",
  "annotations" : {
    "nodeBoost" : 3.0,
    "numberOfUnconsideredCandidates" : 18,
    "lowestConsideredCandidateScore" : 6.469827657321139,
    "statistics" : {
      "explainedIntensity" : 0.5139787807503413,
      "explainedIntensityOfExplainablePeaks" : 0.9133725917451331,
      "ratioOfExplainedPeaks" : 0.125
    },
    "precursorIonType" : "[M - H]-"
  },
  "fragments" : [ {
    "id" : 0,
    "molecularFormula" : "C13H17F2N3O6",
    "massDeviation" : "NaN ppm (NaN m/z)",
    "recalibratedMassDeviation" : "NaN ppm (NaN m/z)",
    "score" : 0.31661067791281194,
    "scores" : {
      "Chemical Prior" : 1.0,
      "MS-Isotopes" : 2.9260485903469124,
      "Mass Deviation" : 0.0,
      "CarbohydrogenCompound" : 0.0,
      "motif-search" : 0.0,
      "MS2-Isotopes" : 0.0,
      "PhosphorScorer" : 0.0,
      "BeautificationScorer" : -2.0,
      "IntrinsicallyChargedScorer" : 0.0,
      "StrangeElementRootScorer" : -1.6094379124341003
    },
    "molecularFormula" : "C13H17F2N3O6",
    "relativeIntensity" : 0.0,
    "ion" : "[M - H]-",
    "mz" : 348.1023,
    "recalibratedMass" : 348.1023,
    "peaks" : [ ],
    "isotopes" : {
      "score" : 2.9260485903469124,
      "mz" : [ 348.1023, 349.106022 ],
      "relInt" : [ 1.0, 0.15480121623732354 ]
    }
  }, {
    "id" : 1,
    "molecularFormula" : "C7H10F2N2O3",
    "massDeviation" : "4.0028691587365035 ppm (8.288320905762703E-4 m/z)",
    "recalibratedMassDeviation" : "4.0028691587365035 ppm (8.288320905762703E-4 m/z)",
    "score" : 13.514889409327171,
    "scores" : {
      "TreeSizeScorer" : 2.5,
      "StrangeElementFragmentScorer" : 0.0,
      "StrangeElementSmallFragmentScorer" : 0.0,
      "Common Fragments" : 0.0,
      "Mass Deviation" : -0.3725935411598919,
      "CarbohydrogenFragment" : 0.0,
      "MS2-Isotopes" : 0.0,
      "FragmentSizeScorer" : 0.0,
      "PhosphorScorer" : 0.0,
      "ClippedPeakIsNoiseScorer" : 11.387482950487064
    },
    "molecularFormula" : "C7H10F2N2O3",
    "relativeIntensity" : 1.0,
    "ion" : "[M - H]-",
    "mz" : 207.059501,
    "recalibratedMass" : 207.059501,
    "peaks" : [ {
      "intensity" : 734782.157018,
      "ce" : "35 eV",
      "spectrum" : 0,
      "mz" : 207.059501
    } ]
  } ],
  "losses" : [ {
    "source" : 0,
    "target" : 1,
    "molecularFormula" : "C6H7NO3",
    "score" : -4.032905093862668,
    "scores" : {
      "StrangeElementLossScorer" : 0.0,
      "LossSizeScorer" : -1.3497270100850534,
      "Loss RDBE" : 0.0,
      "Free Radical" : 0.011626542158820332,
      "PureCarbonNitrogenLossScorer" : 0.0,
      "CommonLossEdgeScorer" : -2.694804625936435,
      "MS2-Isotopes" : 0.0,
      "PhosphorScorer" : 0.0,
      "AdductSwitchLossScorer" : 0.0,
      "MultimereLossScorer" : 0.0
    }
  } ]
}