{
  "molecularFormula" : "C14H21FNO6P",
  "root" : "C14H21FNO6P",
  "annotations" : {
    "nodeBoost" : 3.0,
    "numberOfUnconsideredCandidates" : 18,
    "lowestConsideredCandidateScore" : 6.469827657321139,
    "statistics" : {
      "explainedIntensity" : 0.5168064113851055,
      "explainedIntensityOfExplainablePeaks" : 1.0,
      "ratioOfExplainedPeaks" : 0.25
    },
    "precursorIonType" : "[M - H]-"
  },
  "fragments" : [ {
    "id" : 0,
    "molecularFormula" : "C14H21FNO6P",
    "massDeviation" : "NaN ppm (NaN m/z)",
    "recalibratedMassDeviation" : "NaN ppm (NaN m/z)",
    "score" : -1.6940613886064888,
    "scores" : {
      "Chemical Prior" : 1.0,
      "MS-Isotopes" : 3.3192490108740578,
      "Mass Deviation" : 0.0,
      "CarbohydrogenCompound" : 0.0,
      "motif-search" : 0.0,
      "MS2-Isotopes" : 0.0,
      "PhosphorScorer" : 0.0,
      "BeautificationScorer" : -2.794434574612346,
      "IntrinsicallyChargedScorer" : 0.0,
      "StrangeElementRootScorer" : -3.2188758248682006
    },
    "molecularFormula" : "C14H21FNO6P",
    "relativeIntensity" : 0.0,
    "ion" : "[M - H]-",
    "mz" : 348.1023,
    "recalibratedMass" : 348.1023,
    "peaks" : [ ],
    "isotopes" : {
      "score" : 3.3192490108740578,
      "mz" : [ 348.1023, 349.106022 ],
      "relInt" : [ 1.0, 0.15480121623732354 ]
    }
  }, {
    "id" : 1,
    "molecularFormula" : "C8H14FO3P",
    "massDeviation" : "1.537210748719623 ppm (3.1829409056172153E-4 m/z)",
    "recalibratedMassDeviation" : "1.537210748719623 ppm (3.1829409056172153E-4 m/z)",
    "score" : 13.351715037010088,
    "scores" : {
      "TreeSizeScorer" : 2.5,
      "StrangeElementFragmentScorer" : -0.4054652081081694,
      "StrangeElementSmallFragmentScorer" : 0.0,
      "Common Fragments" : 0.0,
      "Mass Deviation" : -0.1303027053688062,
      "CarbohydrogenFragment" : 0.0,
      "MS2-Isotopes" : 0.0,
      "FragmentSizeScorer" : 0.0,
      "PhosphorScorer" : 0.0,
      "ClippedPeakIsNoiseScorer" : 11.387482950487064
    },
    "molecularFormula" : "C8H14FO3P",
    "relativeIntensity" : 1.0,
    "ion" : "[M - H]-",
    "mz" : 207.059501,
    "recalibratedMass" : 207.059501,
    "peaks" : [ {
      "intensity" : 734782.157018,
      "ce" : "35 eV",
      "spectrum" : 0,
      "mz" : 207.059501
    } ]
  }, {
    "id" : 2,
    "molecularFormula" : "C8H13O2P",
    "massDeviation" : "4.899868982805182 ppm (8.381660905456556E-4 m/z)",
    "recalibratedMassDeviation" : "4.899868982805182 ppm (8.381660905456556E-4 m/z)",
    "score" : 2.396480720584906,
    "scores" : {
      "TreeSizeScorer" : 2.5,
      "StrangeElementFragmentScorer" : -0.4054652081081694,
      "StrangeElementSmallFragmentScorer" : 0.0,
      "Common Fragments" : 0.0,
      "Mass Deviation" : -0.39281233124872594,
      "CarbohydrogenFragment" : 0.0,
      "MS2-Isotopes" : 0.0,
      "FragmentSizeScorer" : 0.2894112200000001,
      "PhosphorScorer" : 0.0,
      "ClippedPeakIsNoiseScorer" : 0.40534703994180116
    },
    "molecularFormula" : "C8H13O2P",
    "relativeIntensity" : 0.00550145403013777,
    "ion" : "[M - H]-",
    "mz" : 171.058878,
    "recalibratedMass" : 171.058878,
    "peaks" : [ {
      "intensity" : 4042.370259,
      "ce" : "35 eV",
      "spectrum" : 0,
      "mz" : 171.058878
    } ]
  } ],
  "losses" : [ {
    "source" : 0,
    "target" : 1,
    "molecularFormula" : "C6H7NO3",
    "score" : -4.032905093862668,
    "scores" : {
      "StrangeElementLossScorer" : 0.0,
      "LossSizeScorer" : -1.3497270100850534,
      "Loss RDBE" : 0.0,
      "Free Radical" : 0.011626542158820332,
      "PureCarbonNitrogenLossScorer" : 0.0,
      "CommonLossEdgeScorer" : -2.694804625936435,
      "MS2-Isotopes" : 0.0,
      "PhosphorScorer" : 0.0,
      "AdductSwitchLossScorer" : 0.0,
      "MultimereLossScorer" : 0.0
    }
  }, {
    "source" : 1,
    "target" : 2,
    "molecularFormula" : "FHO",
    "score" : -1.6020461459725597,
    "scores" : {
      "StrangeElementLossScorer" : 0.0,
      "LossSizeScorer" : 1.081131937805055,
      "Loss RDBE" : 0.0,
      "Free Radical" : 0.011626542158820332,
      "PureCarbonNitrogenLossScorer" : 0.0,
      "CommonLossEdgeScorer" : -2.694804625936435,
      "MS2-Isotopes" : 0.0,
      "PhosphorScorer" : 0.0,
      "AdductSwitchLossScorer" : 0.0,
      "MultimereLossScorer" : 0.0
    }
  } ]
}