{
  "molecularFormula" : "C14H24NO5PS",
  "root" : "C14H24NO5PS",
  "annotations" : {
    "nodeBoost" : 3.0,
    "numberOfUnconsideredCandidates" : 18,
    "lowestConsideredCandidateScore" : 6.469827657321139,
    "statistics" : {
      "explainedIntensity" : 0.4462585707150429,
      "explainedIntensityOfExplainablePeaks" : 0.9937035904771393,
      "ratioOfExplainedPeaks" : 0.75
    },
    "precursorIonType" : "[M - H]-"
  },
  "fragments" : [ {
    "id" : 0,
    "molecularFormula" : "C14H24NO5PS",
    "massDeviation" : "NaN ppm (NaN m/z)",
    "recalibratedMassDeviation" : "NaN ppm (NaN m/z)",
    "score" : -6.438295564438642,
    "scores" : {
      "Chemical Prior" : 1.0,
      "MS-Isotopes" : 6.785514484016989,
      "Mass Deviation" : 0.0,
      "CarbohydrogenCompound" : 0.0,
      "motif-search" : 0.0,
      "MS2-Isotopes" : 0.0,
      "PhosphorScorer" : 0.0,
      "BeautificationScorer" : -11.00493422358743,
      "IntrinsicallyChargedScorer" : 0.0,
      "StrangeElementRootScorer" : -3.2188758248682006
    },
    "molecularFormula" : "C14H24NO5PS",
    "relativeIntensity" : 0.0,
    "ion" : "[M - H]-",
    "mz" : 348.1023,
    "recalibratedMass" : 348.1023,
    "peaks" : [ ],
    "isotopes" : {
      "score" : 6.785514484016989,
      "mz" : [ 348.1023, 349.106022, 350.1012229637998, 351.101364 ],
      "relInt" : [ 1.0, 0.15480121623732354, 0.058988461337166585, 0.01801512400870868 ]
    }
  }, {
    "id" : 1,
    "molecularFormula" : "C7H6NO3PS",
    "massDeviation" : "-2.1415327935520097 ppm (-4.5822990946930986E-4 m/z)",
    "recalibratedMassDeviation" : "-2.1415327935520097 ppm (-4.5822990946930986E-4 m/z)",
    "score" : 2.8148120466125777,
    "scores" : {
      "TreeSizeScorer" : 2.5,
      "StrangeElementFragmentScorer" : -0.4054652081081694,
      "StrangeElementSmallFragmentScorer" : 0.0,
      "Common Fragments" : 0.0,
      "Mass Deviation" : -0.18581461622982437,
      "CarbohydrogenFragment" : 0.0,
      "MS2-Isotopes" : 0.0,
      "FragmentSizeScorer" : 0.0,
      "PhosphorScorer" : 0.0,
      "ClippedPeakIsNoiseScorer" : 0.9060918709505711
    },
    "molecularFormula" : "C7H6NO3PS",
    "relativeIntensity" : 0.01748101845195642,
    "ion" : "[M - H]-",
    "mz" : 213.972866,
    "recalibratedMass" : 213.972866,
    "peaks" : [ {
      "intensity" : 12844.740445,
      "ce" : "35 eV",
      "spectrum" : 0,
      "mz" : 213.972866
    } ]
  }, {
    "id" : 2,
    "molecularFormula" : "C3H3NOS",
    "massDeviation" : "2.397684640728669 ppm (2.397360905348478E-4 m/z)",
    "recalibratedMassDeviation" : "2.397684640728669 ppm (2.397360905348478E-4 m/z)",
    "score" : 3.992328228638673,
    "scores" : {
      "TreeSizeScorer" : 2.5,
      "StrangeElementFragmentScorer" : -0.4054652081081694,
      "StrangeElementSmallFragmentScorer" : 0.0,
      "Common Fragments" : 0.0,
      "Mass Deviation" : -0.10027604340749431,
      "CarbohydrogenFragment" : 0.0,
      "MS2-Isotopes" : 0.0,
      "FragmentSizeScorer" : 1.00013502,
      "PhosphorScorer" : 0.0,
      "ClippedPeakIsNoiseScorer" : 0.9979344601543371
    },
    "molecularFormula" : "C3H3NOS",
    "relativeIntensity" : 0.0213150661722129,
    "ion" : "[M - H]-",
    "mz" : 99.986498,
    "recalibratedMass" : 99.986498,
    "peaks" : [ {
      "intensity" : 15661.930299,
      "ce" : "35 eV",
      "spectrum" : 0,
      "mz" : 99.986498
    } ]
  }, {
    "id" : 3,
    "molecularFormula" : "C3H3NS",
    "massDeviation" : "1.4210502624102535 ppm (1.1935609053637108E-4 m/z)",
    "recalibratedMassDeviation" : "1.4210502624102535 ppm (1.1935609053637108E-4 m/z)",
    "score" : 5.145710003436413,
    "scores" : {
      "TreeSizeScorer" : 2.5,
      "StrangeElementFragmentScorer" : 0.0,
      "StrangeElementSmallFragmentScorer" : 0.0,
      "Common Fragments" : 0.7584455729025272,
      "Mass Deviation" : -0.04875750390687766,
      "CarbohydrogenFragment" : 0.0,
      "MS2-Isotopes" : 0.0,
      "FragmentSizeScorer" : 1.16008537,
      "PhosphorScorer" : 0.0,
      "ClippedPeakIsNoiseScorer" : 0.7759365644407628
    },
    "molecularFormula" : "C3H3NS",
    "relativeIntensity" : 0.013095956933755908,
    "ion" : "[M - H]-",
    "mz" : 83.991463,
    "recalibratedMass" : 83.991463,
    "peaks" : [ {
      "intensity" : 9622.675484,
      "ce" : "35 eV",
      "spectrum" : 0,
      "mz" : 83.991463
    } ]
  }, {
    "id" : 4,
    "molecularFormula" : "C2H5NS",
    "massDeviation" : "-0.18522454854908602 ppm (-1.3707909459981238E-5 m/z)",
    "recalibratedMassDeviation" : "-0.18522454854908602 ppm (-1.3707909459981238E-5 m/z)",
    "score" : 8.347560415493612,
    "scores" : {
      "TreeSizeScorer" : 2.5,
      "StrangeElementFragmentScorer" : 0.693147,
      "StrangeElementSmallFragmentScorer" : 0.0,
      "Common Fragments" : 0.0,
      "Mass Deviation" : -0.005483629494723733,
      "CarbohydrogenFragment" : 0.0,
      "MS2-Isotopes" : 0.0,
      "FragmentSizeScorer" : 1.2599302,
      "PhosphorScorer" : 0.0,
      "ClippedPeakIsNoiseScorer" : 3.8999668449883362
    },
    "molecularFormula" : "C2H5NS",
    "relativeIntensity" : 0.6638404856720695,
    "ion" : "[M - H]-",
    "mz" : 74.00698,
    "recalibratedMass" : 74.00698,
    "peaks" : [ {
      "intensity" : 487778.143978,
      "ce" : "35 eV",
      "spectrum" : 0,
      "mz" : 74.00698
    } ]
  }, {
    "id" : 5,
    "molecularFormula" : "C2H4NS",
    "massDeviation" : "1.0044500261547291 ppm (7.332409053617539E-5 m/z)",
    "recalibratedMassDeviation" : "1.0044500261547291 ppm (7.332409053617539E-5 m/z)",
    "score" : 5.4594513100959325,
    "scores" : {
      "TreeSizeScorer" : 2.5,
      "StrangeElementFragmentScorer" : 0.0,
      "StrangeElementSmallFragmentScorer" : 0.5,
      "Common Fragments" : 0.0,
      "Mass Deviation" : -0.029681703867742496,
      "CarbohydrogenFragment" : 0.0,
      "MS2-Isotopes" : 0.0,
      "FragmentSizeScorer" : 1.2700075800000001,
      "PhosphorScorer" : 0.0,
      "ClippedPeakIsNoiseScorer" : 1.219125433963675
    },
    "molecularFormula" : "C2H4NS",
    "relativeIntensity" : 0.03368165837265116,
    "ion" : "[M - H]-",
    "mz" : 72.999242,
    "recalibratedMass" : 72.999242,
    "peaks" : [ {
      "intensity" : 24748.681591,
      "ce" : "35 eV",
      "spectrum" : 0,
      "mz" : 72.999242
    } ]
  }, {
    "id" : 6,
    "molecularFormula" : "C2H3NS",
    "massDeviation" : "-0.8007067613333559 ppm (-5.764390945728337E-5 m/z)",
    "recalibratedMassDeviation" : "-0.8007067613333559 ppm (-5.764390945728337E-5 m/z)",
    "score" : 6.884612689582333,
    "scores" : {
      "TreeSizeScorer" : 2.5,
      "StrangeElementFragmentScorer" : 0.693147,
      "StrangeElementSmallFragmentScorer" : 0.5,
      "Common Fragments" : 0.0,
      "Mass Deviation" : -0.023261880993969346,
      "CarbohydrogenFragment" : 0.0,
      "MS2-Isotopes" : 0.0,
      "FragmentSizeScorer" : 1.28008714,
      "PhosphorScorer" : 0.0,
      "ClippedPeakIsNoiseScorer" : 1.934640430576303
    },
    "molecularFormula" : "C2H3NS",
    "relativeIntensity" : 0.11882899374332667,
    "ion" : "[M - H]-",
    "mz" : 71.991286,
    "recalibratedMass" : 71.991286,
    "peaks" : [ {
      "intensity" : 87313.424339,
      "ce" : "35 eV",
      "spectrum" : 0,
      "mz" : 71.991286
    } ]
  } ],
  "losses" : [ {
    "source" : 0,
    "target" : 1,
    "molecularFormula" : "C7H18O2",
    "score" : -6.034885496883069,
    "scores" : {
      "StrangeElementLossScorer" : 0.0,
      "LossSizeScorer" : -1.154482835769235,
      "Loss RDBE" : -2.1972245773362196,
      "Free Radical" : 0.011626542158820332,
      "PureCarbonNitrogenLossScorer" : 0.0,
      "CommonLossEdgeScorer" : -2.694804625936435,
      "MS2-Isotopes" : 0.0,
      "PhosphorScorer" : 0.0,
      "AdductSwitchLossScorer" : 0.0,
      "MultimereLossScorer" : 0.0
    }
  }, {
    "source" : 1,
    "target" : 2,
    "molecularFormula" : "C4H3O2P",
    "score" : -3.26095618468979,
    "scores" : {
      "StrangeElementLossScorer" : 0.0,
      "LossSizeScorer" : -0.577778100912175,
      "Loss RDBE" : 0.0,
      "Free Radical" : 0.011626542158820332,
      "PureCarbonNitrogenLossScorer" : 0.0,
      "CommonLossEdgeScorer" : -2.694804625936435,
      "MS2-Isotopes" : 0.0,
      "PhosphorScorer" : 0.0,
      "AdductSwitchLossScorer" : 0.0,
      "MultimereLossScorer" : 0.0
    }
  }, {
    "source" : 2,
    "target" : 3,
    "molecularFormula" : "O",
    "score" : -2.983687469061116,
    "scores" : {
      "StrangeElementLossScorer" : 0.0,
      "LossSizeScorer" : -0.300509385283501,
      "Loss RDBE" : 0.0,
      "Free Radical" : 0.011626542158820332,
      "PureCarbonNitrogenLossScorer" : 0.0,
      "CommonLossEdgeScorer" : -2.694804625936435,
      "MS2-Isotopes" : 0.0,
      "PhosphorScorer" : 0.0,
      "AdductSwitchLossScorer" : 0.0,
      "MultimereLossScorer" : 0.0
    }
  }, {
    "source" : 1,
    "target" : 4,
    "molecularFormula" : "C5HO3P",
    "score" : -4.002606798216994,
    "scores" : {
      "StrangeElementLossScorer" : 0.0,
      "LossSizeScorer" : -1.319428714439379,
      "Loss RDBE" : 0.0,
      "Free Radical" : 0.011626542158820332,
      "PureCarbonNitrogenLossScorer" : 0.0,
      "CommonLossEdgeScorer" : -2.694804625936435,
      "MS2-Isotopes" : 0.0,
      "PhosphorScorer" : 0.0,
      "AdductSwitchLossScorer" : 0.0,
      "MultimereLossScorer" : 0.0
    }
  }, {
    "source" : 4,
    "target" : 5,
    "molecularFormula" : "H",
    "score" : -2.7895618549618817,
    "scores" : {
      "StrangeElementLossScorer" : 0.0,
      "LossSizeScorer" : -20.82758654451303,
      "Loss RDBE" : 0.0,
      "Free Radical" : -0.09373397349900595,
      "PureCarbonNitrogenLossScorer" : 0.0,
      "CommonLossEdgeScorer" : 18.131758663050153,
      "MS2-Isotopes" : 0.0,
      "PhosphorScorer" : 0.0,
      "AdductSwitchLossScorer" : 0.0,
      "MultimereLossScorer" : 0.0
    }
  }, {
    "source" : 2,
    "target" : 6,
    "molecularFormula" : "CO",
    "score" : 1.3683717677145704,
    "scores" : {
      "StrangeElementLossScorer" : 0.0,
      "LossSizeScorer" : 0.8780745204099523,
      "Loss RDBE" : 0.0,
      "Free Radical" : 0.011626542158820332,
      "PureCarbonNitrogenLossScorer" : 0.0,
      "CommonLossEdgeScorer" : 0.4786707051457979,
      "MS2-Isotopes" : 0.0,
      "PhosphorScorer" : 0.0,
      "AdductSwitchLossScorer" : 0.0,
      "MultimereLossScorer" : 0.0
    }
  } ]
}