{
  "molecularFormula" : "C16H19N3O4S",
  "root" : "C16H19N3O4S",
  "annotations" : {
    "recalibration" : {
      "merged" : "1.0000002926608134x + -2.9595513140634466E-5"
    },
    "nodeBoost" : 1.0,
    "numberOfUnconsideredCandidates" : 18,
    "lowestConsideredCandidateScore" : 6.469827657321139,
    "statistics" : {
      "explainedIntensity" : 0.9881874968150247,
      "explainedIntensityOfExplainablePeaks" : 0.9881874968150247,
      "ratioOfExplainedPeaks" : 0.875
    },
    "precursorIonType" : "[M - H]-"
  },
  "fragments" : [ {
    "id" : 0,
    "molecularFormula" : "C16H19N3O4S",
    "massDeviation" : "NaN ppm (NaN m/z)",
    "recalibratedMassDeviation" : "NaN ppm (NaN m/z)",
    "score" : 5.534094988399061,
    "scores" : {
      "Chemical Prior" : 1.0,
      "MS-Isotopes" : 6.143532900833161,
      "Mass Deviation" : 0.0,
      "CarbohydrogenCompound" : 0.0,
      "motif-search" : 0.0,
      "MS2-Isotopes" : 0.0,
      "PhosphorScorer" : 0.0,
      "BeautificationScorer" : -0.0,
      "IntrinsicallyChargedScorer" : 0.0,
      "StrangeElementRootScorer" : -1.6094379124341003
    },
    "molecularFormula" : "C16H19N3O4S",
    "relativeIntensity" : 0.0,
    "ion" : "[M - H]-",
    "mz" : 348.1023,
    "recalibratedMass" : 348.10237228038915,
    "peaks" : [ ],
    "isotopes" : {
      "score" : 6.143532900833161,
      "mz" : [ 348.1023, 349.106022, 350.1012229637998, 351.101364 ],
      "relInt" : [ 1.0, 0.15480121623732354, 0.058988461337166585, 0.01801512400870868 ]
    }
  }, {
    "id" : 1,
    "molecularFormula" : "C10H12N2OS",
    "massDeviation" : "-1.239025054178144 ppm (-2.5655190944462447E-4 m/z)",
    "recalibratedMassDeviation" : "-1.0892964859926235 ppm (-2.2554922060180616E-4 m/z)",
    "score" : 11.391281206918466,
    "scores" : {
      "TreeSizeScorer" : 0.5,
      "StrangeElementFragmentScorer" : -0.4054652081081694,
      "StrangeElementSmallFragmentScorer" : 0.0,
      "Common Fragments" : 0.0,
      "Mass Deviation" : -0.0907365354604277,
      "CarbohydrogenFragment" : 0.0,
      "MS2-Isotopes" : 0.0,
      "FragmentSizeScorer" : 0.0,
      "PhosphorScorer" : 0.0,
      "ClippedPeakIsNoiseScorer" : 11.387482950487064
    },
    "molecularFormula" : "C10H12N2OS",
    "relativeIntensity" : 1.0,
    "ion" : "[M - H]-",
    "mz" : 207.059501,
    "recalibratedMass" : 207.05953200268885,
    "peaks" : [ {
      "intensity" : 734782.157018,
      "ce" : "35 eV",
      "spectrum" : 0,
      "mz" : 207.059501
    } ]
  }, {
    "id" : 2,
    "molecularFormula" : "C10H10N2O",
    "massDeviation" : "-3.94916834948245 ppm (-6.834879094697044E-4 m/z)",
    "recalibratedMassDeviation" : "-3.827508871981641 ppm (-6.624322196842058E-4 m/z)",
    "score" : 2.0933239554118486,
    "scores" : {
      "TreeSizeScorer" : 0.5,
      "StrangeElementFragmentScorer" : 0.0,
      "StrangeElementSmallFragmentScorer" : 0.0,
      "Common Fragments" : 0.0,
      "Mass Deviation" : -0.3004549629993828,
      "CarbohydrogenFragment" : 0.0,
      "MS2-Isotopes" : 0.0,
      "FragmentSizeScorer" : 0.26928647000000017,
      "PhosphorScorer" : 0.0,
      "ClippedPeakIsNoiseScorer" : 1.624492448411231
    },
    "molecularFormula" : "C10H10N2O",
    "relativeIntensity" : 0.07186097808538171,
    "ion" : "[M - H]-",
    "mz" : 173.071353,
    "recalibratedMass" : 173.07137405568977,
    "peaks" : [ {
      "intensity" : 52802.164483,
      "ce" : "35 eV",
      "spectrum" : 0,
      "mz" : 173.071353
    } ]
  }, {
    "id" : 3,
    "molecularFormula" : "C3H3NOS",
    "massDeviation" : "2.397684640728669 ppm (2.397360905348478E-4 m/z)",
    "recalibratedMassDeviation" : "2.3943503653965004 ppm (2.3940270722278E-4 m/z)",
    "score" : 1.9924741960304324,
    "scores" : {
      "TreeSizeScorer" : 0.5,
      "StrangeElementFragmentScorer" : -0.4054652081081694,
      "StrangeElementSmallFragmentScorer" : 0.0,
      "Common Fragments" : 0.0,
      "Mass Deviation" : -0.10013007601573548,
      "CarbohydrogenFragment" : 0.0,
      "MS2-Isotopes" : 0.0,
      "FragmentSizeScorer" : 1.00013502,
      "PhosphorScorer" : 0.0,
      "ClippedPeakIsNoiseScorer" : 0.9979344601543371
    },
    "molecularFormula" : "C3H3NOS",
    "relativeIntensity" : 0.0213150661722129,
    "ion" : "[M - H]-",
    "mz" : 99.986498,
    "recalibratedMass" : 99.98649766661669,
    "peaks" : [ {
      "intensity" : 15661.930299,
      "ce" : "35 eV",
      "spectrum" : 0,
      "mz" : 99.986498
    } ]
  }, {
    "id" : 4,
    "molecularFormula" : "C3H3NS",
    "massDeviation" : "1.4210502624102535 ppm (1.1935609053637108E-4 m/z)",
    "recalibratedMassDeviation" : "1.361347808693429 ppm (1.143415872775222E-4 m/z)",
    "score" : 3.147804679353567,
    "scores" : {
      "TreeSizeScorer" : 0.5,
      "StrangeElementFragmentScorer" : 0.0,
      "StrangeElementSmallFragmentScorer" : 0.0,
      "Common Fragments" : 0.7584455729025272,
      "Mass Deviation" : -0.04666282798972321,
      "CarbohydrogenFragment" : 0.0,
      "MS2-Isotopes" : 0.0,
      "FragmentSizeScorer" : 1.16008537,
      "PhosphorScorer" : 0.0,
      "ClippedPeakIsNoiseScorer" : 0.7759365644407628
    },
    "molecularFormula" : "C3H3NS",
    "relativeIntensity" : 0.013095956933755908,
    "ion" : "[M - H]-",
    "mz" : 83.991463,
    "recalibratedMass" : 83.99145798549674,
    "peaks" : [ {
      "intensity" : 9622.675484,
      "ce" : "35 eV",
      "spectrum" : 0,
      "mz" : 83.991463
    } ]
  }, {
    "id" : 5,
    "molecularFormula" : "C2H5NS",
    "massDeviation" : "-0.18522454854908602 ppm (-1.3707909459981238E-5 m/z)",
    "recalibratedMassDeviation" : "-0.292465412940854 ppm (-2.1644479645033243E-5 m/z)",
    "score" : 6.34437182019818,
    "scores" : {
      "TreeSizeScorer" : 0.5,
      "StrangeElementFragmentScorer" : 0.693147,
      "StrangeElementSmallFragmentScorer" : 0.0,
      "Common Fragments" : 0.0,
      "Mass Deviation" : -0.008672224790155345,
      "CarbohydrogenFragment" : 0.0,
      "MS2-Isotopes" : 0.0,
      "FragmentSizeScorer" : 1.2599302,
      "PhosphorScorer" : 0.0,
      "ClippedPeakIsNoiseScorer" : 3.8999668449883362
    },
    "molecularFormula" : "C2H5NS",
    "relativeIntensity" : 0.6638404856720695,
    "ion" : "[M - H]-",
    "mz" : 74.00698,
    "recalibratedMass" : 74.00697206342981,
    "peaks" : [ {
      "intensity" : 487778.143978,
      "ce" : "35 eV",
      "spectrum" : 0,
      "mz" : 74.00698
    } ]
  }, {
    "id" : 6,
    "molecularFormula" : "C2H4NS",
    "massDeviation" : "1.0044500261547291 ppm (7.332409053617539E-5 m/z)",
    "recalibratedMassDeviation" : "0.8916887421541569 ppm (6.509259493725494E-5 m/z)",
    "score" : 3.4628264049968487,
    "scores" : {
      "TreeSizeScorer" : 0.5,
      "StrangeElementFragmentScorer" : 0.0,
      "StrangeElementSmallFragmentScorer" : 0.5,
      "Common Fragments" : 0.0,
      "Mass Deviation" : -0.02630660896682664,
      "CarbohydrogenFragment" : 0.0,
      "MS2-Isotopes" : 0.0,
      "FragmentSizeScorer" : 1.2700075800000001,
      "PhosphorScorer" : 0.0,
      "ClippedPeakIsNoiseScorer" : 1.219125433963675
    },
    "molecularFormula" : "C2H4NS",
    "relativeIntensity" : 0.03368165837265116,
    "ion" : "[M - H]-",
    "mz" : 72.999242,
    "recalibratedMass" : 72.9992337685044,
    "peaks" : [ {
      "intensity" : 24748.681591,
      "ce" : "35 eV",
      "spectrum" : 0,
      "mz" : 72.999242
    } ]
  }, {
    "id" : 7,
    "molecularFormula" : "C2H3NS",
    "massDeviation" : "-0.8007067613333559 ppm (-5.764390945728337E-5 m/z)",
    "recalibratedMassDeviation" : "-0.9191446047217776 ppm (-6.617039427680993E-5 m/z)",
    "score" : 4.881126660750791,
    "scores" : {
      "TreeSizeScorer" : 0.5,
      "StrangeElementFragmentScorer" : 0.693147,
      "StrangeElementSmallFragmentScorer" : 0.5,
      "Common Fragments" : 0.0,
      "Mass Deviation" : -0.02674790982551176,
      "CarbohydrogenFragment" : 0.0,
      "MS2-Isotopes" : 0.0,
      "FragmentSizeScorer" : 1.28008714,
      "PhosphorScorer" : 0.0,
      "ClippedPeakIsNoiseScorer" : 1.934640430576303
    },
    "molecularFormula" : "C2H3NS",
    "relativeIntensity" : 0.11882899374332667,
    "ion" : "[M - H]-",
    "mz" : 71.991286,
    "recalibratedMass" : 71.99127747351518,
    "peaks" : [ {
      "intensity" : 87313.424339,
      "ce" : "35 eV",
      "spectrum" : 0,
      "mz" : 71.991286
    } ]
  } ],
  "losses" : [ {
    "source" : 0,
    "target" : 1,
    "molecularFormula" : "C6H7NO3",
    "score" : -4.032905093862668,
    "scores" : {
      "StrangeElementLossScorer" : 0.0,
      "LossSizeScorer" : -1.3497270100850534,
      "Loss RDBE" : 0.0,
      "Free Radical" : 0.011626542158820332,
      "PureCarbonNitrogenLossScorer" : 0.0,
      "CommonLossEdgeScorer" : -2.694804625936435,
      "MS2-Isotopes" : 0.0,
      "PhosphorScorer" : 0.0,
      "AdductSwitchLossScorer" : 0.0,
      "MultimereLossScorer" : 0.0
    }
  }, {
    "source" : 1,
    "target" : 2,
    "molecularFormula" : "H2S",
    "score" : -0.9374872132900123,
    "scores" : {
      "StrangeElementLossScorer" : 0.6931471805599453,
      "LossSizeScorer" : 1.0525436899276572,
      "Loss RDBE" : 0.0,
      "Free Radical" : 0.011626542158820332,
      "PureCarbonNitrogenLossScorer" : 0.0,
      "CommonLossEdgeScorer" : -2.694804625936435,
      "MS2-Isotopes" : 0.0,
      "PhosphorScorer" : 0.0,
      "AdductSwitchLossScorer" : 0.0,
      "MultimereLossScorer" : 0.0
    }
  }, {
    "source" : 1,
    "target" : 3,
    "molecularFormula" : "C7H9N",
    "score" : -3.0617707906765075,
    "scores" : {
      "StrangeElementLossScorer" : 0.0,
      "LossSizeScorer" : -0.3785927068988926,
      "Loss RDBE" : 0.0,
      "Free Radical" : 0.011626542158820332,
      "PureCarbonNitrogenLossScorer" : 0.0,
      "CommonLossEdgeScorer" : -2.694804625936435,
      "MS2-Isotopes" : 0.0,
      "PhosphorScorer" : 0.0,
      "AdductSwitchLossScorer" : 0.0,
      "MultimereLossScorer" : 0.0
    }
  }, {
    "source" : 3,
    "target" : 4,
    "molecularFormula" : "O",
    "score" : -2.983687469061116,
    "scores" : {
      "StrangeElementLossScorer" : 0.0,
      "LossSizeScorer" : -0.300509385283501,
      "Loss RDBE" : 0.0,
      "Free Radical" : 0.011626542158820332,
      "PureCarbonNitrogenLossScorer" : 0.0,
      "CommonLossEdgeScorer" : -2.694804625936435,
      "MS2-Isotopes" : 0.0,
      "PhosphorScorer" : 0.0,
      "AdductSwitchLossScorer" : 0.0,
      "MultimereLossScorer" : 0.0
    }
  }, {
    "source" : 1,
    "target" : 5,
    "molecularFormula" : "C8H7NO",
    "score" : -3.8070963942829117,
    "scores" : {
      "StrangeElementLossScorer" : 0.0,
      "LossSizeScorer" : -1.1239183105052968,
      "Loss RDBE" : 0.0,
      "Free Radical" : 0.011626542158820332,
      "PureCarbonNitrogenLossScorer" : 0.0,
      "CommonLossEdgeScorer" : -2.694804625936435,
      "MS2-Isotopes" : 0.0,
      "PhosphorScorer" : 0.0,
      "AdductSwitchLossScorer" : 0.0,
      "MultimereLossScorer" : 0.0
    }
  }, {
    "source" : 5,
    "target" : 6,
    "molecularFormula" : "H",
    "score" : -2.7895618549618817,
    "scores" : {
      "StrangeElementLossScorer" : 0.0,
      "LossSizeScorer" : -20.82758654451303,
      "Loss RDBE" : 0.0,
      "Free Radical" : -0.09373397349900595,
      "PureCarbonNitrogenLossScorer" : 0.0,
      "CommonLossEdgeScorer" : 18.131758663050153,
      "MS2-Isotopes" : 0.0,
      "PhosphorScorer" : 0.0,
      "AdductSwitchLossScorer" : 0.0,
      "MultimereLossScorer" : 0.0
    }
  }, {
    "source" : 3,
    "target" : 7,
    "molecularFormula" : "CO",
    "score" : 1.3683717677145704,
    "scores" : {
      "StrangeElementLossScorer" : 0.0,
      "LossSizeScorer" : 0.8780745204099523,
      "Loss RDBE" : 0.0,
      "Free Radical" : 0.011626542158820332,
      "PureCarbonNitrogenLossScorer" : 0.0,
      "CommonLossEdgeScorer" : 0.4786707051457979,
      "MS2-Isotopes" : 0.0,
      "PhosphorScorer" : 0.0,
      "AdductSwitchLossScorer" : 0.0,
      "MultimereLossScorer" : 0.0
    }
  } ]
}