{
  "molecularFormula" : "C17H15N7S",
  "root" : "C17H15N7S",
  "annotations" : {
    "nodeBoost" : 3.0,
    "numberOfUnconsideredCandidates" : 18,
    "lowestConsideredCandidateScore" : 6.469827657321139,
    "statistics" : {
      "explainedIntensity" : 0.41958716246445443,
      "explainedIntensityOfExplainablePeaks" : 0.9002454359243811,
      "ratioOfExplainedPeaks" : 0.375
    },
    "precursorIonType" : "[M - H]-"
  },
  "fragments" : [ {
    "id" : 0,
    "molecularFormula" : "C17H15N7S",
    "massDeviation" : "NaN ppm (NaN m/z)",
    "recalibratedMassDeviation" : "NaN ppm (NaN m/z)",
    "score" : -2.83771460304056,
    "scores" : {
      "Chemical Prior" : 1.0,
      "MS-Isotopes" : 3.771723309393542,
      "Mass Deviation" : 0.0,
      "CarbohydrogenCompound" : 0.0,
      "motif-search" : 0.0,
      "MS2-Isotopes" : 0.0,
      "PhosphorScorer" : 0.0,
      "BeautificationScorer" : -6.000000000000002,
      "IntrinsicallyChargedScorer" : 0.0,
      "StrangeElementRootScorer" : -1.6094379124341003
    },
    "molecularFormula" : "C17H15N7S",
    "relativeIntensity" : 0.0,
    "ion" : "[M - H]-",
    "mz" : 348.1023,
    "recalibratedMass" : 348.1023,
    "peaks" : [ ],
    "isotopes" : {
      "score" : 3.771723309393542,
      "mz" : [ 348.1023, 349.106022, 350.1012229637998, 351.101364 ],
      "relInt" : [ 1.0, 0.15480121623732354, 0.058988461337166585, 0.01801512400870868 ]
    }
  }, {
    "id" : 1,
    "molecularFormula" : "C2H5NS",
    "massDeviation" : "-0.18522454854908602 ppm (-1.3707909459981238E-5 m/z)",
    "recalibratedMassDeviation" : "-0.18522454854908602 ppm (-1.3707909459981238E-5 m/z)",
    "score" : 8.347560415493612,
    "scores" : {
      "TreeSizeScorer" : 2.5,
      "StrangeElementFragmentScorer" : 0.693147,
      "StrangeElementSmallFragmentScorer" : 0.0,
      "Common Fragments" : 0.0,
      "Mass Deviation" : -0.005483629494723733,
      "CarbohydrogenFragment" : 0.0,
      "MS2-Isotopes" : 0.0,
      "FragmentSizeScorer" : 1.2599302,
      "PhosphorScorer" : 0.0,
      "ClippedPeakIsNoiseScorer" : 3.8999668449883362
    },
    "molecularFormula" : "C2H5NS",
    "relativeIntensity" : 0.6638404856720695,
    "ion" : "[M - H]-",
    "mz" : 74.00698,
    "recalibratedMass" : 74.00698,
    "peaks" : [ {
      "intensity" : 487778.143978,
      "ce" : "35 eV",
      "spectrum" : 0,
      "mz" : 74.00698
    } ]
  }, {
    "id" : 2,
    "molecularFormula" : "C2H4NS",
    "massDeviation" : "1.0044500261547291 ppm (7.332409053617539E-5 m/z)",
    "recalibratedMassDeviation" : "1.0044500261547291 ppm (7.332409053617539E-5 m/z)",
    "score" : 5.4594513100959325,
    "scores" : {
      "TreeSizeScorer" : 2.5,
      "StrangeElementFragmentScorer" : 0.0,
      "StrangeElementSmallFragmentScorer" : 0.5,
      "Common Fragments" : 0.0,
      "Mass Deviation" : -0.029681703867742496,
      "CarbohydrogenFragment" : 0.0,
      "MS2-Isotopes" : 0.0,
      "FragmentSizeScorer" : 1.2700075800000001,
      "PhosphorScorer" : 0.0,
      "ClippedPeakIsNoiseScorer" : 1.219125433963675
    },
    "molecularFormula" : "C2H4NS",
    "relativeIntensity" : 0.03368165837265116,
    "ion" : "[M - H]-",
    "mz" : 72.999242,
    "recalibratedMass" : 72.999242,
    "peaks" : [ {
      "intensity" : 24748.681591,
      "ce" : "35 eV",
      "spectrum" : 0,
      "mz" : 72.999242
    } ]
  }, {
    "id" : 3,
    "molecularFormula" : "C2H3NS",
    "massDeviation" : "-0.8007067613333559 ppm (-5.764390945728337E-5 m/z)",
    "recalibratedMassDeviation" : "-0.8007067613333559 ppm (-5.764390945728337E-5 m/z)",
    "score" : 6.884612689582333,
    "scores" : {
      "TreeSizeScorer" : 2.5,
      "StrangeElementFragmentScorer" : 0.693147,
      "StrangeElementSmallFragmentScorer" : 0.5,
      "Common Fragments" : 0.0,
      "Mass Deviation" : -0.023261880993969346,
      "CarbohydrogenFragment" : 0.0,
      "MS2-Isotopes" : 0.0,
      "FragmentSizeScorer" : 1.28008714,
      "PhosphorScorer" : 0.0,
      "ClippedPeakIsNoiseScorer" : 1.934640430576303
    },
    "molecularFormula" : "C2H3NS",
    "relativeIntensity" : 0.11882899374332667,
    "ion" : "[M - H]-",
    "mz" : 71.991286,
    "recalibratedMass" : 71.991286,
    "peaks" : [ {
      "intensity" : 87313.424339,
      "ce" : "35 eV",
      "spectrum" : 0,
      "mz" : 71.991286
    } ]
  } ],
  "losses" : [ {
    "source" : 0,
    "target" : 1,
    "molecularFormula" : "C15H10N6",
    "score" : -7.373856735097796,
    "scores" : {
      "StrangeElementLossScorer" : 0.0,
      "LossSizeScorer" : -4.690678651320182,
      "Loss RDBE" : 0.0,
      "Free Radical" : 0.011626542158820332,
      "PureCarbonNitrogenLossScorer" : 0.0,
      "CommonLossEdgeScorer" : -2.694804625936435,
      "MS2-Isotopes" : 0.0,
      "PhosphorScorer" : 0.0,
      "AdductSwitchLossScorer" : 0.0,
      "MultimereLossScorer" : 0.0
    }
  }, {
    "source" : 1,
    "target" : 2,
    "molecularFormula" : "H",
    "score" : -2.7895618549618817,
    "scores" : {
      "StrangeElementLossScorer" : 0.0,
      "LossSizeScorer" : -20.82758654451303,
      "Loss RDBE" : 0.0,
      "Free Radical" : -0.09373397349900595,
      "PureCarbonNitrogenLossScorer" : 0.0,
      "CommonLossEdgeScorer" : 18.131758663050153,
      "MS2-Isotopes" : 0.0,
      "PhosphorScorer" : 0.0,
      "AdductSwitchLossScorer" : 0.0,
      "MultimereLossScorer" : 0.0
    }
  }, {
    "source" : 1,
    "target" : 3,
    "molecularFormula" : "H2",
    "score" : -0.5919913909383627,
    "scores" : {
      "StrangeElementLossScorer" : 0.0,
      "LossSizeScorer" : -13.38235173586789,
      "Loss RDBE" : 0.0,
      "Free Radical" : 0.011626542158820332,
      "PureCarbonNitrogenLossScorer" : 0.0,
      "CommonLossEdgeScorer" : 12.778733802770706,
      "MS2-Isotopes" : 0.0,
      "PhosphorScorer" : 0.0,
      "AdductSwitchLossScorer" : 0.0,
      "MultimereLossScorer" : 0.0
    }
  } ]
}