{
  "molecularFormula" : "C18H21Cl2N3",
  "root" : "C18H21Cl2N3",
  "annotations" : {
    "nodeBoost" : 3.0,
    "numberOfUnconsideredCandidates" : 18,
    "lowestConsideredCandidateScore" : 6.469827657321139,
    "statistics" : {
      "explainedIntensity" : 0.5139787807503413,
      "explainedIntensityOfExplainablePeaks" : 1.0,
      "ratioOfExplainedPeaks" : 0.125
    },
    "precursorIonType" : "[M - H]-"
  },
  "fragments" : [ {
    "id" : 0,
    "molecularFormula" : "C18H21Cl2N3",
    "massDeviation" : "NaN ppm (NaN m/z)",
    "recalibratedMassDeviation" : "NaN ppm (NaN m/z)",
    "score" : -2.6094379124341023,
    "scores" : {
      "Chemical Prior" : 1.0,
      "MS-Isotopes" : 0.0,
      "Mass Deviation" : 0.0,
      "CarbohydrogenCompound" : 0.0,
      "motif-search" : 0.0,
      "MS2-Isotopes" : 0.0,
      "PhosphorScorer" : 0.0,
      "BeautificationScorer" : -2.0000000000000018,
      "IntrinsicallyChargedScorer" : 0.0,
      "StrangeElementRootScorer" : -1.6094379124341003
    },
    "molecularFormula" : "C18H21Cl2N3",
    "relativeIntensity" : 0.0,
    "ion" : "[M - H]-",
    "mz" : 348.1023,
    "recalibratedMass" : 348.1023,
    "peaks" : [ ],
    "isotopes" : {
      "score" : -45.12836646469967,
      "mz" : [ 348.1023, 349.106022 ],
      "relInt" : [ 1.0, 0.15480121623732354 ]
    }
  }, {
    "id" : 1,
    "molecularFormula" : "C9H16Cl2N",
    "massDeviation" : "3.8519366979573317 ppm (7.975800905626329E-4 m/z)",
    "recalibratedMassDeviation" : "3.8519366979573317 ppm (7.975800905626329E-4 m/z)",
    "score" : 13.530942187505602,
    "scores" : {
      "TreeSizeScorer" : 2.5,
      "StrangeElementFragmentScorer" : 0.0,
      "StrangeElementSmallFragmentScorer" : 0.0,
      "Common Fragments" : 0.0,
      "Mass Deviation" : -0.35654076298146253,
      "CarbohydrogenFragment" : 0.0,
      "MS2-Isotopes" : 0.0,
      "FragmentSizeScorer" : 0.0,
      "PhosphorScorer" : 0.0,
      "ClippedPeakIsNoiseScorer" : 11.387482950487064
    },
    "molecularFormula" : "C9H16Cl2N",
    "relativeIntensity" : 1.0,
    "ion" : "[M - H]-",
    "mz" : 207.059501,
    "recalibratedMass" : 207.059501,
    "peaks" : [ {
      "intensity" : 734782.157018,
      "ce" : "35 eV",
      "spectrum" : 0,
      "mz" : 207.059501
    } ]
  } ],
  "losses" : [ {
    "source" : 0,
    "target" : 1,
    "molecularFormula" : "C9H5N2",
    "score" : -6.335490186856713,
    "scores" : {
      "StrangeElementLossScorer" : 0.0,
      "LossSizeScorer" : -1.3497270100850534,
      "Loss RDBE" : 0.0,
      "Free Radical" : -2.2909585508352253,
      "PureCarbonNitrogenLossScorer" : 0.0,
      "CommonLossEdgeScorer" : -2.694804625936435,
      "MS2-Isotopes" : 0.0,
      "PhosphorScorer" : 0.0,
      "AdductSwitchLossScorer" : 0.0,
      "MultimereLossScorer" : 0.0
    }
  } ]
}