{
  "molecularFormula" : "C4H9Cl",
  "root" : "C4H9Cl",
  "annotations" : {
    "statistics" : {
      "explainedIntensity" : 0.10840342472439324,
      "explainedIntensityOfExplainablePeaks" : 1.0000000000000002,
      "ratioOfExplainedPeaks" : 0.20833333333333334
    },
    "precursorIonType" : "[M + H3N + H]+",
    "treeType" : "neutralized",
    "recalibration" : {
      "merged" : "1.0x"
    },
    "numberOfUnconsideredCandidates" : 0,
    "lowestConsideredCandidateScore" : -5.214608098422191,
    "nodeBoost" : 3.0
  },
  "fragments" : [ {
    "id" : 0,
    "molecularFormula" : "C4H9Cl",
    "massDeviation" : "NaN ppm (NaN m/z)",
    "recalibratedMassDeviation" : "NaN ppm (NaN m/z)",
    "molecularFormula" : "C4H9Cl",
    "relativeIntensity" : 0.0,
    "ion" : "[M + H]+",
    "mz" : 110.07118,
    "recalibratedMass" : 110.07118,
    "peaks" : [ ],
    "implicitAdduct" : "H3N",
    "score" : -0.6094379124341003,
    "scores" : {
      "Chemical Prior" : 1.0,
      "MS-Isotopes" : 0.0,
      "Mass Deviation" : 0.0,
      "CarbohydrogenCompound" : 0.0,
      "motif-search" : 0.0,
      "MS2-Isotopes" : 0.0,
      "PhosphorScorer" : 0.0,
      "BeautificationScorer" : -0.0,
      "IntrinsicallyChargedScorer" : 0.0,
      "StrangeElementRootScorer" : -1.6094379124341003
    }
  }, {
    "id" : 1,
    "molecularFormula" : "C4H2",
    "massDeviation" : "1.548692995938254 ppm (1.0538790947123289E-4 m/z)",
    "recalibratedMassDeviation" : "1.548692995938254 ppm (1.0538790947123289E-4 m/z)",
    "molecularFormula" : "C4H2",
    "relativeIntensity" : 8.493074429184252E-4,
    "ion" : "[M + H]+",
    "mz" : 68.049581,
    "recalibratedMass" : 68.049581,
    "peaks" : [ {
      "intensity" : 100945.705761,
      "ce" : "35 eV",
      "spectrum" : 0,
      "mz" : 68.049581
    } ],
    "implicitAdduct" : "H3N",
    "score" : 3.776571381526372,
    "scores" : {
      "TreeSizeScorer" : 2.5,
      "StrangeElementFragmentScorer" : 0.0,
      "StrangeElementSmallFragmentScorer" : 0.0,
      "Common Fragments" : 0.0,
      "Mass Deviation" : -0.04293280847362803,
      "CarbohydrogenFragment" : 0.0,
      "MS2-Isotopes" : 0.0,
      "FragmentSizeScorer" : 1.31950419,
      "PhosphorScorer" : 0.0,
      "ClippedPeakIsNoiseScorer" : 0.0
    }
  }, {
    "id" : 2,
    "molecularFormula" : "C4",
    "massDeviation" : "1.248629862457079 ppm (8.245190946354342E-5 m/z)",
    "recalibratedMassDeviation" : "1.248629862457079 ppm (8.245190946354342E-5 m/z)",
    "molecularFormula" : "C4",
    "relativeIntensity" : 0.06051236782077248,
    "ion" : "[M + H]+",
    "mz" : 66.033908,
    "recalibratedMass" : 66.033908,
    "peaks" : [ {
      "intensity" : 7192287.937507,
      "ce" : "35 eV",
      "spectrum" : 0,
      "mz" : 66.033908
    } ],
    "implicitAdduct" : "H3N",
    "score" : 8.506239850531252,
    "scores" : {
      "TreeSizeScorer" : 2.5,
      "StrangeElementFragmentScorer" : 0.0,
      "StrangeElementSmallFragmentScorer" : 0.0,
      "adductSubstitution" : 3.1728648757016797,
      "Common Fragments" : 0.0,
      "Mass Deviation" : -0.03343707779410099,
      "CarbohydrogenFragment" : 0.0,
      "MS2-Isotopes" : 0.0,
      "FragmentSizeScorer" : 1.33966092,
      "PhosphorScorer" : 0.0,
      "ClippedPeakIsNoiseScorer" : 1.5271511326236735
    }
  }, {
    "id" : 3,
    "molecularFormula" : "C3H2",
    "massDeviation" : "6.661711246886918 ppm (3.7338790946961353E-4 m/z)",
    "recalibratedMassDeviation" : "6.661711246886918 ppm (3.7338790946961353E-4 m/z)",
    "molecularFormula" : "C3H2",
    "relativeIntensity" : 0.062188298711728096,
    "ion" : "[M + H]+",
    "mz" : 56.049849,
    "recalibratedMass" : 56.049849,
    "peaks" : [ {
      "intensity" : 7391483.208907,
      "ce" : "35 eV",
      "spectrum" : 0,
      "mz" : 56.049849
    } ],
    "implicitAdduct" : "H3N",
    "score" : 5.321593627333243,
    "scores" : {
      "TreeSizeScorer" : 2.5,
      "StrangeElementFragmentScorer" : 0.0,
      "StrangeElementSmallFragmentScorer" : 0.0,
      "Common Fragments" : 0.0,
      "Mass Deviation" : -0.1602854300982229,
      "CarbohydrogenFragment" : 0.0,
      "MS2-Isotopes" : 0.0,
      "FragmentSizeScorer" : 1.43950151,
      "PhosphorScorer" : 0.0,
      "ClippedPeakIsNoiseScorer" : 1.542377547431466
    }
  }, {
    "id" : 4,
    "molecularFormula" : "Cl",
    "massDeviation" : "-2.1174086275227273 ppm (-1.1222809052924276E-4 m/z)",
    "recalibratedMassDeviation" : "-2.1174086275227273 ppm (-1.1222809052924276E-4 m/z)",
    "molecularFormula" : "Cl",
    "relativeIntensity" : 7.33774171639364E-4,
    "ion" : "[M + H]+",
    "mz" : 53.002566,
    "recalibratedMass" : 53.002566,
    "peaks" : [ {
      "intensity" : 87213.826092,
      "ce" : "35 eV",
      "spectrum" : 0,
      "mz" : 53.002566
    } ],
    "implicitAdduct" : "H3N",
    "score" : 4.424193147151259,
    "scores" : {
      "TreeSizeScorer" : 2.5,
      "StrangeElementFragmentScorer" : 0.0,
      "StrangeElementSmallFragmentScorer" : 0.5,
      "Common Fragments" : 0.0,
      "Mass Deviation" : -0.045781192848741444,
      "CarbohydrogenFragment" : 0.0,
      "MS2-Isotopes" : 0.0,
      "FragmentSizeScorer" : 1.4699743399999998,
      "PhosphorScorer" : 0.0,
      "ClippedPeakIsNoiseScorer" : 0.0
    }
  } ],
  "losses" : [ {
    "source" : 0,
    "target" : 1,
    "molecularFormula" : "ClH7",
    "score" : -4.573427125896298,
    "scores" : {
      "StrangeElementLossScorer" : 0.0,
      "LossSizeScorer" : 1.105483231435307,
      "Loss RDBE" : -2.995732273553991,
      "Free Radical" : 0.011626542158820332,
      "PureCarbonNitrogenLossScorer" : 0.0,
      "CommonLossEdgeScorer" : -2.694804625936435,
      "MS2-Isotopes" : 0.0,
      "PhosphorScorer" : 0.0,
      "AdductSwitchLossScorer" : 0.0,
      "MultimereLossScorer" : 0.0
    }
  }, {
    "source" : 1,
    "target" : 2,
    "molecularFormula" : "H2",
    "score" : -0.5920917213900143,
    "scores" : {
      "StrangeElementLossScorer" : 0.0,
      "LossSizeScorer" : -13.38245206631954,
      "Loss RDBE" : 0.0,
      "Free Radical" : 0.011626542158820332,
      "PureCarbonNitrogenLossScorer" : 0.0,
      "CommonLossEdgeScorer" : 12.778733802770706,
      "MS2-Isotopes" : 0.0,
      "PhosphorScorer" : 0.0,
      "AdductSwitchLossScorer" : 0.0,
      "MultimereLossScorer" : 0.0
    }
  }, {
    "source" : 0,
    "target" : 3,
    "molecularFormula" : "CH7Cl",
    "score" : -4.697004640628716,
    "scores" : {
      "StrangeElementLossScorer" : 0.0,
      "LossSizeScorer" : 0.9819057167028893,
      "Loss RDBE" : -2.995732273553991,
      "Free Radical" : 0.011626542158820332,
      "PureCarbonNitrogenLossScorer" : 0.0,
      "CommonLossEdgeScorer" : -2.694804625936435,
      "MS2-Isotopes" : 0.0,
      "PhosphorScorer" : 0.0,
      "AdductSwitchLossScorer" : 0.0,
      "MultimereLossScorer" : 0.0
    }
  }, {
    "source" : 0,
    "target" : 4,
    "molecularFormula" : "C4H9",
    "score" : -4.0577299719336235,
    "scores" : {
      "StrangeElementLossScorer" : 0.0,
      "LossSizeScorer" : 0.9280332048380373,
      "Loss RDBE" : 0.0,
      "Free Radical" : -2.2909585508352253,
      "PureCarbonNitrogenLossScorer" : 0.0,
      "CommonLossEdgeScorer" : -2.694804625936435,
      "MS2-Isotopes" : 0.0,
      "PhosphorScorer" : 0.0,
      "AdductSwitchLossScorer" : 0.0,
      "MultimereLossScorer" : 0.0
    }
  } ]
}