{
  "molecularFormula" : "C7H9O",
  "root" : "C7H9O",
  "annotations" : {
    "numberOfUnconsideredCandidates" : 0,
    "lowestConsideredCandidateScore" : -5.214608098422191,
    "statistics" : {
      "explainedIntensity" : 0.0,
      "explainedIntensityOfExplainablePeaks" : 0.0,
      "ratioOfExplainedPeaks" : 0.0
    },
    "nodeBoost" : 3.0,
    "precursorIonType" : "[M + H]+",
    "recalibration" : {
      "merged" : "1.0x"
    }
  },
  "fragments" : [ {
    "id" : 0,
    "molecularFormula" : "C7H9O",
    "massDeviation" : "NaN ppm (NaN m/z)",
    "recalibratedMassDeviation" : "NaN ppm (NaN m/z)",
    "molecularFormula" : "C7H9O",
    "relativeIntensity" : 0.0,
    "ion" : "[M + H]+",
    "mz" : 110.07118,
    "recalibratedMass" : 110.07118,
    "peaks" : [ ],
    "score" : 1.394829814011909,
    "scores" : {
      "Chemical Prior" : 1.0,
      "MS-Isotopes" : 0.0,
      "Mass Deviation" : 0.0,
      "CarbohydrogenCompound" : 5.0,
      "motif-search" : 0.0,
      "MS2-Isotopes" : 0.0,
      "PhosphorScorer" : 0.0,
      "BeautificationScorer" : -0.0,
      "IntrinsicallyChargedScorer" : -4.605170185988091,
      "StrangeElementRootScorer" : 0.0
    },
    "isotopes" : {
      "score" : 0.0,
      "mz" : [ 110.07118, 111.07337504602785, 112.07711586483956, 113.0698787997299 ],
      "relInt" : [ 1.0, 0.14131899817514249, 0.014716722279639263, 0.022779237923578763 ]
    }
  } ],
  "losses" : [ ]
}