{
  "molecularFormula" : "CH5B3NO3",
  "root" : "CH5B3NO3",
  "annotations" : {
    "numberOfUnconsideredCandidates" : 0,
    "lowestConsideredCandidateScore" : -5.214608098422191,
    "statistics" : {
      "explainedIntensity" : 0.0,
      "explainedIntensityOfExplainablePeaks" : 0.0,
      "ratioOfExplainedPeaks" : 0.0
    },
    "nodeBoost" : 3.0,
    "precursorIonType" : "[M + H]+",
    "recalibration" : {
      "merged" : "1.0x"
    }
  },
  "fragments" : [ {
    "id" : 0,
    "molecularFormula" : "CH5B3NO3",
    "massDeviation" : "NaN ppm (NaN m/z)",
    "recalibratedMassDeviation" : "NaN ppm (NaN m/z)",
    "molecularFormula" : "CH5B3NO3",
    "relativeIntensity" : 0.0,
    "ion" : "[M + H]+",
    "mz" : 110.07118,
    "recalibratedMass" : 110.07118,
    "peaks" : [ ],
    "score" : -5.214608098422191,
    "scores" : {
      "Chemical Prior" : 1.0,
      "MS-Isotopes" : 0.0,
      "Mass Deviation" : 0.0,
      "CarbohydrogenCompound" : 0.0,
      "motif-search" : 0.0,
      "MS2-Isotopes" : 0.0,
      "PhosphorScorer" : 0.0,
      "BeautificationScorer" : -0.0,
      "IntrinsicallyChargedScorer" : -4.605170185988091,
      "StrangeElementRootScorer" : -1.6094379124341003
    }
  } ],
  "losses" : [ ]
}