inchikey2D	inchi	molecularFormula	rank	score	name	smiles	xlogp	PubMedIds	links	tanimotoSimilarity	dbflags
UTBVIMLZIRIFFR	InChI=1S/C8H7NS2/c1-10-8-9-6-4-2-3-5-7(6)11-8/h2-5H,1H3	C8H7NS2	1	-11.56771337251335	Epitope ID:138945	CSC1=NC2=CC=CC=C2S1	2.94229865	3381542,3662509,6616091,11778869,15497849,15595654,15750776,16604538,17118260,18568896,20035615,20057105,20427476,20692014,20938917,21590714,22286078,23222885	NORMAN:(NS00007832); COCONUT:(CNP0071009); PubChem:(11989, 4216886); CHEBI:(1217); ZINC bio:(ZINC00156707); additional:(null); MeSH:(11989); KEGG:(C10910); PubChem class - safety and toxic:(null); Training Set:(null); PubMed:(null)	1.0	70017382
UTQUFVHEAIZCCN	InChI=1S/C8H7NS2/c1-10-7-4-2-3-5-8(7)11-6-9/h2-5H,1H3	C8H7NS2	2	-74.36580299073417	null	CSC1=CC=CC=C1SC#N	3.0		PubChem:(15545301)	0.3333333333333333	2
PBVWRZCQZJRSAX	InChI=1S/C8H7NS2/c1-10-6-2-3-8-7(4-6)9-5-11-8/h2-5H,1H3	C8H7NS2	3	-76.59509744335396	Benzothiazole, 5-(methylthio)- (9CI)	CSC1=CC2=C(C=C1)SC=N2	2.60492611		PubChem:(22352939)	0.8285714285714286	2
MQQXIAYSIKXKSL	InChI=1S/C8H7NS2/c1-10-7-2-4-8(5-3-7)11-6-9/h2-5H,1H3	C8H7NS2	4	-77.27416340035869	null	CSC1=CC=C(C=C1)SC#N	3.0		PubChem:(10261735)	0.32323232323232326	2
OTIQKQSVRZRATN	InChI=1S/C8H7NS2/c10-5-8-9-6-3-1-2-4-7(6)11-8/h1-4,10H,5H2	C8H7NS2	5	-84.75545406804392	2-Benzothiazolemethanethiol	C1=CC=C2C(=C1)N=C(S2)CS	2.31211543	22567563	PubChem:(11401138); PubMed:(null)	0.780952380952381	66
MOJXTJRNUMKDGP	InChI=1S/C8H7NS2/c1-10-6-2-3-7-8(4-6)11-5-9-7/h2-5H,1H3	C8H7NS2	6	-86.35540686302711	null	CSC1=CC2=C(C=C1)N=CS2	2.60492611		PubChem:(10821275)	0.8207547169811321	2
JTKOQZMANWURCN	InChI=1S/C8H7NS2/c1-10-6-3-2-4-7-8(6)9-5-11-7/h2-5H,1H3	C8H7NS2	7	-86.47819976658967	null	CSC1=CC=CC2=C1N=CS2	2.9000001		PubChem:(53973726)	0.7924528301886793	2
DTYDCADAGALLRR	InChI=1S/C8H7NS2/c1-10-7-4-2-3-6-8(7)11-5-9-6/h2-5H,1H3	C8H7NS2	8	-88.89895463297101	null	CSC1=CC=CC2=C1SC=N2	2.9000001		PubChem:(76849100)	0.8095238095238095	2
MQLFQSGJUPZXDM	InChI=1S/C8H7NS2/c1-10-8-5-4-7(11-8)3-2-6-9/h2-5H,1H3	C8H7NS2	9	-103.43329869507453	(E)-3-(5-methylsulfanylthiophen-2-yl)prop-2-enenitrile	CSC1=CC=C(S1)C=CC#N	2.5999999		PubChem:(21448195, 54085916)	0.37383177570093457	2
XZBWPIXUKCJUCW	InChI=1S/C8H7NS2/c1-10-8-6-4-2-3-5-7(6)11-9-8/h2-5H,1H3	C8H7NS2	10	-103.82715926376794	null	CSC1=NSC2=CC=CC=C21	3.20000005		PubChem:(10464939)	0.6	2
FWVVYGHCPIREAQ	InChI=1S/C8H7NS2/c9-6-10-7-11-8-4-2-1-3-5-8/h1-5H,7H2	C8H7NS2	11	-104.6451393363855	ACMC-20lhlb	C1=CC=C(C=C1)SCSC#N	3.20000005		PubChem:(57119132)	0.25	2
VODLMWLQKVHSAF	InChI=1S/C8H7NS2/c1-11-8-4-2-3-7(10)6(8)5-9/h2-4,10H,1H3	C8H7NS2	12	-106.53858975374317	null	CSC1=CC=CC(=C1C#N)S	2.29999995		PubChem:(104193763)	0.2818181818181818	2
KECHYAFVYLLNCH	InChI=1S/C8H7NS2/c1-5-2-3-6-7(4-5)11-8(10)9-6/h2-4H,1H3,(H,9,10)	C8H7NS2	13	-107.51068294716929	6-methyl-2-mercaptobenzothiazole	CC1=CC2=C(C=C1)NC(=S)S2	3.05715895	19502068	PubChem:(7060852, 86310068); PubMed:(null); KEGG Mine:(null)	0.6147540983606558	8589934658
IHKAGFVCXPFGRP	InChI=1S/C8H7NS2/c1-11-8-4-2-3-7(5-8)9-6-10/h2-5H,1H3	C8H7NS2	14	-107.74000463829542	ACMC-20anif	CSC1=CC=CC(=C1)N=C=S	3.47915339		COCONUT:(CNP0222224); PubChem class - safety and toxic:(null); PubChem:(142841); SuperNatural:(SN00063767); ZINC bio:(ZINC02168489)	0.43636363636363634	70262786
ILDUPWKUQLPLKK	InChI=1S/C8H7NS2/c1-5-2-3-7-6(4-5)9-8(10)11-7/h2-4H,1H3,(H,9,10)	C8H7NS2	15	-109.89100563803355	5-methyl-2-mercaptobenzothiazole	CC1=CC2=C(C=C1)SC(=S)N2	3.05715895		PubChem:(10313387, 23515219, 86315744); KEGG Mine:(null)	0.6147540983606558	8589934594
SIODOISHDGRELW	InChI=1S/C8H7NS2/c1-11-8-5-3-2-4-7(8)9-6-10/h2-5H,1H3	C8H7NS2	16	-109.8975880554279	ACMC-20aomj	CSC1=CC=CC=C1N=C=S	3.79999995		PubChem:(142840); PubChem class - safety and toxic:(null)	0.4594594594594595	67108866
IRNRNPNZAKHEAW	InChI=1S/C8H7NS2/c1-9-6-4-2-3-5-7(6)11-8(9)10/h2-5H,1H3	C8H7NS2	17	-111.18851817410119	3-Methylbenzothiazole-2-thione	CN1C2=CC=CC=C2SC1=S	2.75206423	16271004,20850304,21722674	NORMAN:(NS00021872); PubChem class - safety and toxic:(null); PubChem:(75264, 139159883); PubMed:(null); ZINC bio:(ZINC00039665)	0.6842105263157895	67379266
CEBAJHCAFXYWNT	InChI=1S/C8H7NS2/c1-11-8-4-2-7(3-5-8)9-6-10/h2-5H,1H3	C8H7NS2	18	-116.52146739205317	4-methylthiobenzenisothiocyanate	CSC1=CC=C(C=C1)N=C=S	3.47915339		PubChem:(519185); PubChem class - safety and toxic:(null)	0.42857142857142855	67108866
ZKIFNFGZHXZYHO	InChI=1S/C8H7NS2/c1-5-9-8-6(10)3-2-4-7(8)11-5/h2-4,10H,1H3	C8H7NS2	19	-117.54360014790419	2-methyl-1,3-benzothiazole-4-thiol	CC1=NC2=C(C=CC=C2S1)S	2.9000001		PubChem:(21505739)	0.7403846153846154	2
DSKIISBZERDWIC	InChI=1S/C8H7NS2/c1-10-7-5-6-3-2-4-9-8(6)11-7/h2-5H,1H3	C8H7NS2	20	-118.27853491655131	null	CSC1=CC2=C(S1)N=CC=C2	3.0		PubChem:(137389403)	0.6186440677966102	2
DQXVFHHVBSFVIT	InChI=1S/C8H7NS2/c1-5-9-7-3-2-6(10)4-8(7)11-5/h2-4,10H,1H3	C8H7NS2	21	-119.77378829108889	null	CC1=NC2=C(S1)C=C(C=C2)S	2.9000001		PubChem:(10888550)	0.7596153846153846	2
WZOBRKNXEQPAIE	InChI=1S/C8H7NS2/c1-5-3-8(10)7(4-9)6(2)11-5/h3H,1-2H3	C8H7NS2	22	-121.85282591489317	null	CC1=CC(=S)C(=C(S1)C)C#N	1.89999998		PubChem:(86120759)	0.23008849557522124	2
FHTFNPCZUYSYAY	InChI=1S/C8H7NS2/c10-5-9-6-11-8-4-2-1-3-7(8)9/h1-4,6H,5H2/p+1	C8H7NS2	23	-124.44540352711783	null	C1=CC=C2C(=C1)[N+](=CS2)CS	2.79999995		PubChem:(88793768)	0.6666666666666666	2
GCFOWRVTSFEBJN	InChI=1S/C8H7NS2/c1-10-8-4-6-2-3-9-5-7(6)11-8/h2-5H,1H3	C8H7NS2	24	-124.47341808895665	null	CSC1=CC2=C(S1)C=NC=C2	2.70000005		PubChem:(123277270)	0.576271186440678	2
LWDUHSNZKUDUKH	InChI=1S/C8H7NS2/c10-9-8-5-6-3-1-2-4-7(6)11-8/h1-5,9-10H	C8H7NS2	25	-130.0213068625637	null	C1=CC=C2C(=C1)C=C(S2)NS	3.70000005		PubChem:(88510776)	0.371900826446281	2
VQHCORHNNHFWDX	InChI=1S/C8H7NS2/c1-2-3-6-4-7-8(11-6)9-5-10-7/h2-5H,1H3	C8H7NS2	26	-131.54500480695634	null	CC=CC1=CC2=C(S1)N=CS2	3.4000001		PubChem:(90277964, 123997182)	0.5338983050847458	2
OVQXNMNWZRKHGS	InChI=1S/C8H7NS2/c1-6-2-3-7(11-6)8-9-4-5-10-8/h2-5H,1H3	C8H7NS2	27	-133.38064267337933	2-(5-methylthiophen-2-yl)-1,3-thiazole	CC1=CC=C(S1)C2=NC=CS2	2.70000005		PubChem:(21281999)	0.5478260869565217	2
PWYPAIMGTRHKLH	InChI=1S/C8H7NS2/c1-10-8-6-3-5-11-7(6)2-4-9-8/h2-5H,1H3	C8H7NS2	28	-133.5799266944779	null	CSC1=NC=CC2=C1C=CS2	2.70000005		PubChem:(70002726)	0.6050420168067226	2
CVYMKCJLRXOQBG	InChI=1S/C8H7NS2/c1-5-3-2-4-6-7(5)11-8(10)9-6/h2-4H,1H3,(H,9,10)	C8H7NS2	29	-134.5531585565678	7-methyl-3H-1,3-benzothiazole-2-thione	CC1=C2C(=CC=C1)NC(=S)S2	2.5999999		PubChem:(11849873); KEGG Mine:(null)	0.5853658536585366	8589934594
VWHIDKJZCZDFFQ	InChI=1S/C8H7NS2/c1-2-3-6-4-7-8(11-6)10-5-9-7/h2-5H,1H3	C8H7NS2	30	-135.0220264437042	null	CC=CC1=CC2=C(S1)SC=N2	3.4000001		PubChem:(90277934, 123307642)	0.576271186440678	2
RTEIHPYXEXVCQV	InChI=1S/C8H7NS2/c1-6-4-7(5-11-6)8-9-2-3-10-8/h2-5H,1H3	C8H7NS2	31	-135.2815289451966	null	CC1=CC(=CS1)C2=NC=CS2	2.70000005		PubChem:(131110815)	0.5169491525423728	2
GOEKHMPCCZSQJS	InChI=1S/C8H7NS2/c10-5-7-6-3-1-2-4-8(6)11-9-7/h1-4,10H,5H2	C8H7NS2	32	-135.37424624178732	null	C1=CC=C2C(=C1)C(=NS2)CS	2.4000001		PubChem:(91059057)	0.45	2
GKMAEAGCWZIZHR	InChI=1S/C8H7NS2/c1-5-3-2-4-6-7(5)11-8(9)10-6/h2-4,9H,1H3	C8H7NS2	33	-137.4952056197768	ACMC-20lpye	CC1=C2C(=CC=C1)SC(=N)S2	3.20000005		PubChem:(13230868)	0.3333333333333333	2
IUUMKUKIHJCXEF	InChI=1S/C8H7NS2/c1-2-3-8-9-6-4-10-5-7(6)11-8/h2,4-5H,1,3H2	C8H7NS2	34	-137.87959800634692	null	C=CCC1=NC2=CSC=C2S1	3.20000005		PubChem:(89314806)	0.5701754385964912	2
MKJTWWQIILUIHP	InChI=1S/C8H7NS2/c1-5-2-3-9-6-4-7(10)11-8(5)6/h2-4,10H,1H3	C8H7NS2	35	-139.75237793242027	null	CC1=C2C(=NC=C1)C=C(S2)S	2.79999995		PubChem:(136449752)	0.525	2
QWDAQECQDOSOFI	InChI=1S/C8H7NS2/c1-6-2-3-8(11-6)7-4-10-5-9-7/h2-5H,1H3	C8H7NS2	36	-140.25114693249236	4-(5-methylthiophen-2-yl)-1,3-thiazole	CC1=CC=C(S1)C2=CSC=N2	2.70000005		PubChem:(59982886)	0.5789473684210527	2
AHLMFPMCGLXTCU	InChI=1S/C8H7NS2/c1-5-2-3-6-7(4-5)11-8(9)10-6/h2-4,9H,1H3	C8H7NS2	37	-140.2629894969382	ACMC-20lpyf	CC1=CC2=C(C=C1)SC(=N)S2	3.20000005		PubChem:(13230869)	0.3333333333333333	2
JACGKHGTBZGVMW	InChI=1S/C8H7NS2/c1-5-3-2-4-6-7(5)9-8(10)11-6/h2-4H,1H3,(H,9,10)	C8H7NS2	38	-140.41308255393676	4-Methylbenzo[d]thiazole-2(3H)-thione	CC1=C2C(=CC=C1)SC(=S)N2	2.5999999	16604538,20035615,20938917	PubChem:(5138501, 10773980, 86306331); PubMed:(null); KEGG Mine:(null)	0.6186440677966102	8589934658
BRSNEVDRFLHONJ	InChI=1S/C8H7NS2/c1-6-5-9-8(11-6)7-3-2-4-10-7/h2-5H,1H3	C8H7NS2	39	-141.12349745154816	null	CC1=CN=C(S1)C2=CC=CS2	2.70000005		PubChem:(10035242)	0.5213675213675214	2
DOVZFSBPSHVNFY	InChI=1S/C8H7NS2/c1-10-7-2-4-9-6-3-5-11-8(6)7/h2-5H,1H3	C8H7NS2	40	-141.55331951767147	null	CSC1=C2C(=NC=C1)C=CS2	2.5		PubChem:(68100111)	0.6434782608695652	2
QJWKYHZZRWGGRT	InChI=1S/C8H7NS2/c1-10-7-3-2-4-8-6(7)5-9-11-8/h2-5H,1H3	C8H7NS2	41	-141.63519776863143	null	CSC1=CC=CC2=C1C=NS2	2.79999995		PubChem:(119090054)	0.5217391304347826	2
LEBSRYBLRBKVDB	InChI=1S/C8H7NS2/c1-6-4-9-8(11-6)7-2-3-10-5-7/h2-5H,1H3	C8H7NS2	42	-142.4176411875187	null	CC1=CN=C(S1)C2=CSC=C2	2.70000005		PubChem:(104469563)	0.5042735042735043	2
JDGYITNWFFEKDD	InChI=1S/C8H7NS2/c1-5-6(2)11-8(10-3)7(5)4-9/h1-2H2,3H3	C8H7NS2	43	-142.4227465101147	null	CSC1=C(C(=C)C(=C)S1)C#N	2.0999999		PubChem:(90703121)	0.3333333333333333	2
PMNBNDHDJUWBSR	InChI=1S/C8H7NS2/c1-6-2-7(3-11-6)8-4-10-5-9-8/h2-5H,1H3	C8H7NS2	44	-142.60329697934023	null	CC1=CC(=CS1)C2=CSC=N2	2.70000005		PubChem:(130738614)	0.5470085470085471	2
MYLLDWWILHIHJU	InChI=1S/C8H7NS2/c9-8-4-3-7(11-8)6-2-1-5-10-6/h1-5H,9H2	C8H7NS2	45	-143.11904643686694	null	C1=CSC(=C1)C2=CC=C(S2)N	2.5999999		PubChem:(12515478)	0.3504273504273504	2
DTKSFANXXBFTEX	InChI=1S/C8H7NS2/c9-8-2-1-7(11-8)6-3-4-10-5-6/h1-5H,9H2	C8H7NS2	46	-143.22079926705632	null	C1=CSC=C1C2=CC=C(S2)N	2.5999999		PubChem:(66521181)	0.3474576271186441	2
RBGVDBVMUSHWCJ	InChI=1S/C8H7NS2/c1-10-11-8-4-2-3-7(5-8)6-9/h2-5H,1H3	C8H7NS2	47	-143.61185215232967	null	CSSC1=CC=CC(=C1)C#N	2.20000005		PubChem:(123696840)	0.2358490566037736	2
HKZYAKOWMSKVIN	InChI=1S/C8H7NS2/c9-8-4-6(5-11-8)7-2-1-3-10-7/h1-5H,9H2	C8H7NS2	48	-145.5239870922533	null	C1=CSC(=C1)C2=CSC(=C2)N	2.5999999		PubChem:(82025642)	0.3305785123966942	2
PMNZLSVNNLWTNN	InChI=1S/C8H7NS2/c1-6-2-8(11-3-6)7-4-10-5-9-7/h2-5H,1H3	C8H7NS2	49	-145.578250203584	null	CC1=CSC(=C1)C2=CSC=N2	2.70000005		PubChem:(131105881)	0.5565217391304348	2
DHFRMESCYRTTJW	InChI=1S/C8H7NS2/c10-4-6-1-2-7-8(3-6)11-5-9-7/h1-3,5,10H,4H2	C8H7NS2	50	-148.0490492173972	null	C1=CC2=C(C=C1CS)SC=N2	2.21968174		PubChem:(57009904)	0.6229508196721312	2
YVICJYFRQUIGNH	InChI=1S/C8H7NS2/c1-6-7(2-4-10-6)8-9-3-5-11-8/h2-5H,1H3	C8H7NS2	51	-149.0815787781981	2-(2-methylthiophen-3-yl)-1,3-thiazole	CC1=C(C=CS1)C2=NC=CS2	2.70000005		PubChem:(59117152)	0.5041322314049587	2
MHNDQWQUCFFOIX	InChI=1S/C8H7NS2/c1-6-8(9-5-11-6)7-2-3-10-4-7/h2-5H,1H3	C8H7NS2	52	-150.21490422781025	null	CC1=C(N=CS1)C2=CSC=C2	2.70000005		PubChem:(130836144)	0.5333333333333333	2
QKWFTDKEHVYGJL	InChI=1S/C8H7NS2/c1-10-7-5-11-8-6(7)3-2-4-9-8/h2-5H,1H3	C8H7NS2	53	-150.58150002594837	null	CSC1=CSC2=C1C=CC=N2	2.70000005		PubChem:(124007895)	0.5867768595041323	2
PVCXIKUVQZVOFN	InChI=1S/C8H7NS2/c1-6-4-8(11-9-6)7-2-3-10-5-7/h2-5H,1H3	C8H7NS2	54	-150.93088246561368	null	CC1=NSC(=C1)C2=CSC=C2	2.70000005		PubChem:(85847477)	0.4322033898305085	2
IFJGWZGBHQKBDQ	InChI=1S/C8H7NS2/c10-4-6-1-2-8-7(3-6)9-5-11-8/h1-3,5,10H,4H2	C8H7NS2	55	-151.5947349165859	null	C1=CC2=C(C=C1CS)N=CS2	2.21968174		PubChem:(57941637)	0.6178861788617886	2
UFQHLBVKKIGZNV	InChI=1S/C8H7NS2/c1-6-7(2-3-11-6)8-4-10-5-9-8/h2-5H,1H3	C8H7NS2	56	-152.3156523445649	null	CC1=C(C=CS1)C2=CSC=N2	2.70000005		PubChem:(130738535)	0.5289256198347108	2
CEYRTKOTIZQQTK	InChI=1S/C8H7NS2/c1-6-9-5-8(11-6)7-3-2-4-10-7/h2-5H,1H3	C8H7NS2	57	-152.97028740368617	null	CC1=NC=C(S1)C2=CC=CS2	2.70000005		PubChem:(91489191)	0.5086206896551724	2
MWJDCWWYEKIHAU	InChI=1S/C8H7NS2/c1-10-7-3-2-6-5-9-11-8(6)4-7/h2-5H,1H3	C8H7NS2	58	-153.68589008763834	null	CSC1=CC2=C(C=C1)C=NS2	2.79999995		PubChem:(101605155)	0.5258620689655172	2
OECAOGZLTUBQGX	InChI=1S/C8H7NS2/c1-6-9-4-8(11-6)7-2-3-10-5-7/h2-5H,1H3	C8H7NS2	59	-154.12487610146377	null	CC1=NC=C(S1)C2=CSC=C2	2.70000005		PubChem:(125512810)	0.49572649572649574	2
RGMNKEIJMVJCFX	InChI=1S/C8H7NS2/c1-6-2-3-7(10-6)8-4-5-9-11-8/h2-5H,1H3	C8H7NS2	60	-155.70933797641067	null	CC1=CC=C(S1)C2=CC=NS2	2.79999995		PubChem:(129868150)	0.40869565217391307	2
BIKHAOXTPKIIRE	InChI=1S/C8H7NS2/c1-6-5-8(11-9-6)7-3-2-4-10-7/h2-5H,1H3	C8H7NS2	61	-155.72405732945677	null	CC1=NSC(=C1)C2=CC=CS2	2.79999995		PubChem:(85847469)	0.4322033898305085	2
HILMKDNBZMYHDJ	InChI=1S/C8H7NS2/c1-6-9-7(5-11-6)8-3-2-4-10-8/h2-5H,1H3	C8H7NS2	62	-156.73095781042286	Enamine_004997	CC1=NC(=CS1)C2=CC=CS2	2.70000005	21722674	PubChem:(735733); PubMed:(null)	0.584070796460177	66
RHJXUFKWPAHFNP	InChI=1S/C8H7NS2/c1-2-4-7(5-3-1)9-8-10-6-11-8/h1-5H,6H2	C8H7NS2	63	-156.94907958741658	N-phenyl-1,3-dithietan-2-imine	C1SC(=NC2=CC=CC=C2)S1	3.29999995		PubChem:(14867438)	0.33035714285714285	2
YJRKZRRNRRNFTP	InChI=1S/C8H7NS2/c1-6-2-3-7(11-6)8-4-9-5-10-8/h2-5H,1H3	C8H7NS2	64	-157.11725633395702	null	CC1=CC=C(S1)C2=CN=CS2	2.70000005		PubChem:(54511837)	0.5	2
JFNMEDQHLIJSKA	InChI=1S/C8H7NS2/c1-6-5-11-8(9-6)7-3-2-4-10-7/h2-5H,1H3	C8H7NS2	65	-157.42515828874767	4-methyl-2-(2-thienyl)-1,3-thiazole	CC1=CSC(=N1)C2=CC=CS2	2.70000005		PubChem:(5186862)	0.5752212389380531	2
AJUYZIQAJVYGMC	InChI=1S/C8H7NS2/c1-2-4-10-8-7(6-9)3-5-11-8/h2-3,5H,1,4H2	C8H7NS2	66	-157.4412427878398	null	C=CCSC1=C(C=CS1)C#N	2.79999995		PubChem:(129814695)	0.2807017543859649	2
IRNLGVXMKWEJMF	InChI=1S/C8H7NS2/c1-6-2-4-10-7(6)8-9-3-5-11-8/h2-5H,1H3	C8H7NS2	67	-157.87622413533973	null	CC1=C(SC=C1)C2=NC=CS2	2.70000005		PubChem:(91141855)	0.5	2
DCWFCMDPFWRWQM	InChI=1S/C8H7NS2/c1-6-4-10-5-7(6)8-9-2-3-11-8/h2-5H,1H3	C8H7NS2	68	-158.96239977642878	null	CC1=CSC=C1C2=NC=CS2	2.70000005		PubChem:(104468701)	0.48360655737704916	2
PFZSCDCXEMIFCQ	InChI=1S/C8H7NS2/c1-6-8(9-5-11-6)7-3-2-4-10-7/h2-5H,1H3	C8H7NS2	69	-159.8212649139633	null	CC1=C(N=CS1)C2=CC=CS2	2.70000005		PubChem:(84007986)	0.5378151260504201	2
UKNAQBQNMMHMEG	InChI=1S/C8H7NS2/c1-6-2-3-11-8(6)7-4-10-5-9-7/h2-5H,1H3	C8H7NS2	70	-161.3399440983715	null	CC1=C(SC=C1)C2=CSC=N2	2.70000005		PubChem:(130511828)	0.5333333333333333	2
LKQNJOJHXMEJQN	InChI=1S/C8H7NS2/c9-8-7(2-4-11-8)6-1-3-10-5-6/h1-5H,9H2	C8H7NS2	71	-162.08844604736407	null	C1=CSC=C1C2=C(SC=C2)N	2.5999999		PubChem:(12626666)	0.3277310924369748	2
CCQBUDQTJDYVHK	InChI=1S/C8H7NS2/c1-5-2-3-6(10)7-8(5)11-4-9-7/h2-4,10H,1H3	C8H7NS2	72	-162.35991774509597	null	CC1=C2C(=C(C=C1)S)N=CS2	2.9000001		PubChem:(123393037)	0.6101694915254238	2
GWTKSMRHXWSJAM	InChI=1S/C8H7NS2/c9-8-6(3-5-11-8)7-2-1-4-10-7/h1-5H,9H2	C8H7NS2	73	-162.58486863851556	null	C1=CSC(=C1)C2=C(SC=C2)N	2.5999999		PubChem:(12765256)	0.32231404958677684	2
SUPIBQMWUZCEHN	InChI=1S/C8H7NS2/c1-6-9-8(5-11-6)7-2-3-10-4-7/h2-5H,1H3	C8H7NS2	74	-162.75358822628786	null	CC1=NC(=CS1)C2=CSC=C2	2.70000005		PubChem:(68064534)	0.5701754385964912	2
PTBRHRBMZBWBJQ	InChI=1S/C8H7NS2/c1-6-4-11-8(9-6)7-2-3-10-5-7/h2-5H,1H3	C8H7NS2	75	-163.58734374280556	4-methyl-2-thiophen-3-yl-1,3-thiazole	CC1=CSC(=N1)C2=CSC=C2	2.70000005		PubChem:(20686659)	0.5575221238938053	2
KQKSPVOLAUJMMI	InChI=1S/C8H7NS2/c9-7-2-4-11-8(7)6-1-3-10-5-6/h1-5H,9H2	C8H7NS2	76	-163.97560518360606	null	C1=CSC=C1C2=C(C=CS2)N	2.29999995		PubChem:(12765255)	0.3416666666666667	2
WDJQMZMLKVQCNG	InChI=1S/C8H7NS2/c9-5-6-2-1-3-7(4-6)8(10)11/h1-4,8,10-11H	C8H7NS2	77	-164.75857635835453	null	C1=CC(=CC(=C1)C(S)S)C#N	2.18293667		PubChem:(123650380)	0.12173913043478261	2
AHZKGOUJNXQCFI	InChI=1S/C8H7NS2/c1-3-7(9-5-1)11-8-4-2-6-10-8/h1-6,9H	C8H7NS2	78	-165.0262815947528	1H-Pyrrole, 2-(2-thienylthio)-	C1=CNC(=C1)SC2=CC=CS2	3.0999999		PubChem:(59848814)	0.47580645161290325	2
CXXZOYANTDCIPY	InChI=1S/C8H7NS2/c1-2-4-9-7(3-1)8-10-5-6-11-8/h1-6,8H	C8H7NS2	79	-166.14110787082254	null	C1=CC=NC(=C1)C2SC=CS2	1.89999998		PubChem:(57054617)	0.4166666666666667	2
UFDGDRGRTCZUNH	InChI=1S/C8H7NS2/c1-5-2-3-6(10)8-7(5)9-4-11-8/h2-4,10H,1H3	C8H7NS2	80	-166.61866937113678	null	CC1=C2C(=C(C=C1)S)SC=N2	2.9000001		PubChem:(90298665)	0.6206896551724138	2
RWPOYIRVDFTSFP	InChI=1S/C8H7NS2/c1-6-4-8-9(2-3-11-8)7(6)5-10/h2-5H,1H3	C8H7NS2	81	-167.1822661657928	null	CC1=C(N2C=CSC2=C1)C=S	3.29999995		PubChem:(85961556)	0.4961832061068702	2
YGBZTQKBZRKHAW	InChI=1S/C8H7NS2/c10-6-9-7-11-8-4-2-1-3-5-8/h1-5H,7H2	C8H7NS2	82	-167.71400378777585	null	C1=CC=C(C=C1)SCN=C=S	3.9000001		PubChem:(13240489)	0.2743362831858407	2
ZXFSIUFLPDLVHE	InChI=1S/C8H7NS2/c9-8-5-11-4-7(8)6-1-2-10-3-6/h1-5H,9H2	C8H7NS2	83	-168.93821714830403	null	C1=CSC=C1C2=CSC=C2N	2.20000005		PubChem:(12765254)	0.3333333333333333	2
IEYBWQASGWKTEA	InChI=1S/C8H7NS2/c10-4-6-2-1-3-7-8(6)11-5-9-7/h1-3,5,10H,4H2	C8H7NS2	84	-169.36347039760025	null	C1=CC(=C2C(=C1)N=CS2)CS	2.5		PubChem:(87477251)	0.6033057851239669	2
WOEGCHROCUCVTF	InChI=1S/C8H7NS2/c9-5-1-2-6-10-8-4-3-7-11-8/h1-4,7H,6H2	C8H7NS2	85	-169.84393387504204	null	C1=CSC(=C1)SCC=CC#N	2.5		PubChem:(131237424)	0.2782608695652174	2
VFACATUEZYPQTE	InChI=1S/C8H7NS2/c1-2-7(10-4-1)6-8-9-3-5-11-8/h1-5H,6H2	C8H7NS2	86	-170.356023354415	null	C1=CSC(=C1)CC2=NC=CS2	2.5999999		PubChem:(67587470)	0.47863247863247865	2
ICPWTUGHIOZNQF	InChI=1S/C8H7NS2/c1-5-4-6-7(11-5)2-3-9-8(6)10/h2-4H,1H3,(H,9,10)	C8H7NS2	87	-171.57025775669237	null	CC1=CC2=C(S1)C=CNC2=S	2.0999999		PubChem:(137420123)	0.42857142857142855	2
ALVRMRYUXMLYKV	InChI=1S/C8H7NS2/c9-6-3-5-11-8(6)7-2-1-4-10-7/h1-5H,9H2	C8H7NS2	88	-173.6027360595396	null	C1=CSC(=C1)C2=C(C=CS2)N	2.29999995		PubChem:(12765253)	0.3416666666666667	2
YSZUIRFKJHYPHL	InChI=1S/C8H7NS2/c9-5-7-3-1-2-4-8(7)6-11-10/h1-4,10H,6H2	C8H7NS2	89	-173.965465917773	null	C1=CC=C(C(=C1)CSS)C#N	3.03567004		PubChem:(129166885)	0.13559322033898305	2
RTIUSQFOWNAQPV	InChI=1S/C8H7NS2/c9-5-7-2-1-3-8(4-7)6-11-10/h1-4,10H,6H2	C8H7NS2	90	-174.03703011325936	null	C1=CC(=CC(=C1)C#N)CSS	3.03567004		PubChem:(129166878)	0.125	2
IHMSKVUCBLUERJ	InChI=1S/C8H7NS2/c9-5-7-1-3-8(4-2-7)6-11-10/h1-4,10H,6H2	C8H7NS2	91	-174.05804236821442	Benzenemethanesulfenothioic acid, 4-cyano-	C1=CC(=CC=C1CSS)C#N	2.20000005		PubChem:(60151211)	0.1271186440677966	2
XAOSPDLUZSOPKV	InChI=1S/C8H7NS2/c1-6-8(11-5-9-6)7-3-2-4-10-7/h2-5H,1H3	C8H7NS2	92	-174.93247670303273	null	CC1=C(SC=N1)C2=CC=CS2	2.70000005		PubChem:(82125321)	0.5169491525423728	2
YAMYIESVJPNKAZ	InChI=1S/C8H7NS2/c1-2-4-9-7(3-1)8-5-10-6-11-8/h1-5H,6H2	C8H7NS2	93	-175.03917691228392	2-(1,3-dithiol-4-yl)pyridine	C1SC=C(S1)C2=CC=CC=N2	2.0		PubChem:(59086467, 59086468)	0.4098360655737705	2
BVRNJTXJKVNUTP	InChI=1S/C8H7NS2/c9-6-8(3-4-8)11-7-2-1-5-10-7/h1-2,5H,3-4H2	C8H7NS2	94	-177.90502946935464	null	C1CC1(C#N)SC2=CC=CS2	2.5999999		PubChem:(117034781)	0.27586206896551724	2
RDKXVDSORKHYLX	InChI=1S/C8H7NS2/c1-3-7(10-5-1)9-8-4-2-6-11-8/h1-6,9H	C8H7NS2	95	-178.98116031427514	null	C1=CSC(=C1)NC2=CC=CS2	3.5		PubChem:(53921402)	0.358974358974359	2
NTWSGPVQRKBCQN	InChI=1S/C8H7NS2/c1-6-3-2-4-7-8(6)11-9-5-10-7/h2-5H,1H3	C8H7NS2	96	-179.78706680752	1,4,2-Benzodithiazine, 8-methyl-	CC1=C2C(=CC=C1)SC=NS2	2.70000005		PubChem:(12950684)	0.25396825396825395	2
XDHAEKYAXIUVQM	InChI=1S/C8H7NS2/c1-6-3-2-4-7-8(6)10-5-9-11-7/h2-5H,1H3	C8H7NS2	97	-179.78706680752	1,4,2-Benzodithiazine, 5-methyl-	CC1=C2C(=CC=C1)SN=CS2	2.70000005		PubChem:(12950685)	0.25396825396825395	2
UEWFAQLLIMEXHD	InChI=1S/C8H7NS2/c9-8-10-7(11-8)6-4-2-1-3-5-6/h1-5,7,9H	C8H7NS2	98	-180.20324539163616	null	C1=CC=C(C=C1)C2SC(=N)S2	3.0999999		PubChem:(20265767)	0.21551724137931033	2
RMRZNWYTTLPVLE	InChI=1S/C8H7NS2/c9-7-5-10-4-6(7)8-2-1-3-11-8/h1-5H,9H2	C8H7NS2	99	-180.93514491318516	4-thiophen-2-ylthiophen-3-amine	C1=CSC(=C1)C2=CSC=C2N	2.29999995		PubChem:(12950680)	0.3333333333333333	2
UKHXCZCUPPNHCL	InChI=1S/C8H7NS2/c10-6-9(7-11)8-4-2-1-3-5-8/h1-7H	C8H7NS2	100	-181.36681504716944	null	C1=CC=C(C=C1)N(C=S)C=S	2.29999995		PubChem:(57484015)	0.25	2
WSUWENMITCZRJW	InChI=1S/C8H7NS2/c1-6-2-10-3-7(6)8-4-11-5-9-8/h2-5H,1H3	C8H7NS2	101	-182.23798399017983	null	CC1=CSC=C1C2=CSC=N2	2.70000005		PubChem:(130611959)	0.5	2
PSKGYNWRDUJSLO	InChI=1S/C8H8NS2/c1-3-7-6(2)11-8-9(7)4-5-10-8/h3-5H,1H2,2H3/q+1	C8H7NS2	102	-182.46276761748302	5-ethenyl-6-methyl-[1,3]thiazolo[2,3-b][1,3]thiazol-4-ium	CC1=C([N+]2=C(S1)SC=C2)C=C	4.0999999		PubChem:(6713411)	0.4838709677419355	2
QXUWYPKGLFTCJH	InChI=1S/C8H7NS2/c1-6-2-3-7-8(4-6)11-9-5-10-7/h2-5H,1H3	C8H7NS2	103	-182.55485068468147	1,4,2-Benzodithiazine, 7-methyl-	CC1=CC2=C(C=C1)SC=NS2	2.70000005		PubChem:(12950688)	0.25396825396825395	2
VOWUUEDCJKKOGK	InChI=1S/C8H7NS2/c1-6-2-3-7-8(4-6)10-5-9-11-7/h2-5H,1H3	C8H7NS2	104	-182.55485068468147	1,4,2-Benzodithiazine, 6-methyl-	CC1=CC2=C(C=C1)SN=CS2	2.70000005		PubChem:(12950690)	0.25396825396825395	2
RHJDOWRMOQVRAU	InChI=1S/C8H7NS2/c1-9-8(10)6-4-2-3-5-7(6)11-9/h2-5H,1H3	C8H7NS2	105	-182.70091086509865	2-methyl-1,2-benzothiazole-3-thione	CN1C(=S)C2=CC=CC=C2S1	2.0999999		PubChem:(292326); PubChem class - safety and toxic:(null)	0.448	67108866
CKEKIAJTWURGJX	InChI=1S/C8H7NS2/c1-2-4-8-7(3-1)5-6-9-11-10-8/h1-6,9H	C8H7NS2	106	-184.31354856664768	null	C1=CC=C2C(=C1)C=CNSS2	4.5		PubChem:(22614737)	0.35294117647058826	2
IAEVXIKMCDEPAN	InChI=1S/C8H7NS2/c9-4-7-3-6-5-10-2-1-8(6)11-7/h3H,1-2,5H2	C8H7NS2	107	-187.63255294922592	null	C1CSCC2=C1SC(=C2)C#N	2.20000005		PubChem:(81261872)	0.26229508196721313	2
CZJZNCZFLOXXRB	InChI=1S/C8H7NS2/c1-2-8(11-3-1)4-7-5-10-6-9-7/h1-3,5-6H,4H2	C8H7NS2	108	-190.8265402936053	null	C1=CSC(=C1)CC2=CSC=N2	2.5999999		PubChem:(67588913)	0.5	2
DLFGUMLRNPQXSE	InChI=1S/C8H7NS2/c1-2-4-8(5-3-1)11-9-6-7-10-11/h1-7H	C8H7NS2	109	-191.18826554818725	null	C1=CC=C(C=C1)S2=NC=CS2	3.29999995		PubChem:(57451716)	0.3944954128440367	2
TYRDTQOEGDAITA	InChI=1S/C8H7NS2/c1-2-4-8-7(3-1)10-5-9-6-11-8/h1-5H,6H2	C8H7NS2	110	-192.3426733171664	null	C1N=CSC2=CC=CC=C2S1	2.5		PubChem:(134811445)	0.3217391304347826	2
UWSVIEYEOLLVFQ	InChI=1S/C8H7NS2/c1-2-8-7(9-3-1)6-10-4-5-11-8/h1-6,9H	C8H7NS2	111	-193.16188331127282	null	C1=CNC2=CSC=CSC2=C1	2.4000001		PubChem:(54376309)	0.4344262295081967	2
HYYACEFZJWZWDF	InChI=1S/C8H7NS2/c1-2-7(10-3-1)4-8-5-9-6-11-8/h1-3,5-6H,4H2	C8H7NS2	112	-195.60391783671267	null	C1=CSC(=C1)CC2=CN=CS2	2.5999999		PubChem:(69177129)	0.4576271186440678	2
LLJAVQQCTWRXQO	InChI=1S/C8H7NS2/c10-7-4-3-6-2-1-5-9-8(6)11-7/h1-5,7,10H	C8H7NS2	113	-197.4233963413702	null	C1=CC2=C(N=C1)SC(C=C2)S	2.5		PubChem:(88764225)	0.3969465648854962	2
UVMKMCKOLDWUDN	InChI=1S/C8H7NS2/c10-5-8-9-6-3-1-2-4-7(6)11-8/h1-5,9-10H	C8H7NS2	114	-197.6036697244325	(E)-3H-1,3-benzothiazol-2-ylidenemethanethiol	C1=CC=C2C(=C1)NC(=CS)S2	2.5999999		PubChem:(23092692, 74016601)	0.43089430894308944	2
AGCAQIBYBZRLII	InChI=1S/C8H7NS2/c10-7-9-5-1-3-8-4-2-6-11-8/h1-4,6H,5H2	C8H7NS2	115	-198.66696119791027	null	C1=CSC(=C1)C=CCN=C=S	3.5999999		PubChem:(88248355)	0.24031007751937986	2
QYHGWKSZHSGWIU	InChI=1S/C8H7NS2/c10-11-9-6-5-7-3-1-2-4-8(7)9/h1-6,10H	C8H7NS2	116	-199.02609777640902	null	C1=CC=C2C(=C1)C=CN2SS	3.51524687		PubChem:(123399822)	0.42063492063492064	2
IZDSNUYKMBKUHS	InChI=1S/C8H7NS2/c10-11-8-5-9-7-4-2-1-3-6(7)8/h1-5,9-10H	C8H7NS2	117	-199.5823319274656	null	C1=CC=C2C(=C1)C(=CN2)SS	3.3334887		PubChem:(123908185)	0.4117647058823529	2
MVZFBKCSTRYAEW	InChI=1S/C8H7NS2/c1-5-6(2-9)7-3-10-4-8(7)11-5/h3-4H2,1H3	C8H7NS2	118	-199.81905483250858	null	CC1=C(C2=C(S1)CSC2)C#N	1.79999995		PubChem:(91325657)	0.25	2
ZPQIHHWZRWMQAL	InChI=1S/C8H7NS2/c1-2-4-7(5-3-1)8-9-11-6-10-8/h1-5H,6H2	C8H7NS2	119	-201.1104680913044	null	C1SC(=NS1)C2=CC=CC=C2	2.70000005		PubChem:(10035241)	0.25	2
VACMUHNRLDIVES	InChI=1S/C8H7NS2/c1-3-10-5-7(1)9-8-2-4-11-6-8/h1-6,9H	C8H7NS2	120	-201.62533132844823	3-Thiophenamine, N-3-thienyl-	C1=CSC=C1NC2=CSC=C2	2.79999995		PubChem:(15619534)	0.3275862068965517	2
GMPBPGCDZOWHAE	InChI=1S/C8H7NS2/c10-11-7-3-1-2-6-4-5-9-8(6)7/h1-5,9-10H	C8H7NS2	121	-204.77338296341546	null	C1=CC2=C(C(=C1)SS)NC=C2	3.3334887		PubChem:(91239755)	0.4318181818181818	2
VYMHBQQZUYHXSS	InChI=1S/C8H7NS2/c1-2-5-9-7(3-1)8-4-6-10-11-8/h1-6,8H	C8H7NS2	122	-206.1990408039281	2-(3H-dithiol-3-yl)pyridine	C1=CC=NC(=C1)C2C=CSS2	1.60000002		PubChem:(22053063)	0.3700787401574803	2
PVBMYPLXZMTVJQ	InChI=1S/C8H7NS2/c1-4-9-5-2-7(1)8-3-6-10-11-8/h1-6,8H	C8H7NS2	123	-207.64114276004372	null	C1=CSSC1C2=CC=NC=C2	1.5		PubChem:(88712019)	0.3228346456692913	2
HYTRWLAWRZRDMP	InChI=1S/C8H7NS2/c1-2-7-3-5-10-11-6-8(7)9-4-1/h1-6,9H	C8H7NS2	124	-208.51719044870973	null	C1=CNC2=CSSC=CC2=C1	3.20000005		PubChem:(69987042)	0.38095238095238093	2
NTRKGEXOTBGJDE	InChI=1S/C8H7NS2/c1-2-7(9-6-10)8-4-3-5-11-8/h2-5,7H,1H2	C8H7NS2	125	-213.13873064459685	null	C=CC(C1=CC=CS1)N=C=S	3.79999995		PubChem:(88248354)	0.3089430894308943	2
LMGHBKWEEVKVDE	InChI=1S/C8H7NS2/c1-6-9-7-4-2-3-5-8(7)11(6)10/h2-5H,1H3	C8H7NS2	126	-213.47133846262307	null	CC1=NC2=CC=CC=C2S1=S	4.0		PubChem:(129791745)	0.45901639344262296	2
QUOHYQWHHROQKK	InChI=1S/C8H7NS2/c1-9-7-5-3-2-4-6(7)8(10)11-9/h2-5H,1H3	C8H7NS2	127	-213.51243646601583	1-methyl-2,1-benzothiazole-3-thione	CN1C2=CC=CC=C2C(=S)S1	2.5999999		PubChem:(4588948)	0.456	2
CHJIXYXEMYANRA	InChI=1S/C8H7NS2/c10-11-7-1-2-8-6(5-7)3-4-9-8/h1-5,9-10H	C8H7NS2	128	-213.97108975468367	null	C1=CC2=C(C=CN2)C=C1SS	3.3334887		PubChem:(91377323)	0.41353383458646614	2
AVZQRWALIJXSHW	InChI=1S/C8H7NS2/c1-2-4-8(5-3-1)9-10-6-7-11-9/h1-7H	C8H7NS2	129	-214.52959624307493	null	C1=CC=C(C=C1)N2SC=CS2	2.70000005		PubChem:(90302713)	0.2773109243697479	2
USMCMIJSCMUSLT	InChI=1S/C8H7NS2/c10-8-5-6-3-1-2-4-7(6)9(8)11/h1-5,10-11H	C8H7NS2	130	-214.7794241878434	null	C1=CC=C2C(=C1)C=C(N2S)S	3.0999999		PubChem:(129653053)	0.44	2
JJMLSBXAQKGCFO	InChI=1S/C8H7NS2/c10-8-5-9-6-3-1-2-4-7(6)11-8/h1-5,8,10H	C8H7NS2	131	-218.3770834767863	2H-1,4-benzothiazine-2-thiol	C1=CC=C2C(=C1)N=CC(S2)S	2.0999999		PubChem:(22947542)	0.4344262295081967	2
DZLLBCZKMWNNTK	InChI=1S/C8H7NS2/c10-11-8-3-1-2-7-6(8)4-5-9-7/h1-5,9-10H	C8H7NS2	132	-218.62825251247853	null	C1=CC2=C(C=CN2)C(=C1)SS	3.3334887		PubChem:(123981850)	0.41044776119402987	2
MQPLBSQRLNUSRA	InChI=1S/C8H7NS2/c1-2-4-7(5-3-1)8-6-10-9-11-8/h1-6,9H	C8H7NS2	133	-219.31843785514292	null	C1=CC=C(C=C1)C2=CSNS2	2.0999999		PubChem:(91311218)	0.16260162601626016	2
WIURZRPGKFTBEZ	InChI=1S/C8H7NS2/c1-9-7(10)3-2-6-4-5-11-8(6)9/h2-5H,1H3	C8H7NS2	134	-219.42870963215074	7-methylthieno[2,3-b]pyridine-6-thione	CN1C(=S)C=CC2=C1SC=C2	2.0999999		PubChem:(19862498)	0.46923076923076923	2
AARWNNOEQJKOBQ	InChI=1S/C8H7NS2/c1-9-4-2-6-3-5-11-7(6)8(9)10/h2-5H,1H3	C8H7NS2	135	-219.54602613563276	null	CN1C=CC2=C(C1=S)SC=C2	2.0999999		PubChem:(121405862)	0.44274809160305345	2
DJYKRSXUSUXUMJ	InChI=1S/C8H7NS2/c1-6(8(10)11)7-4-2-3-5-9-7/h2-5H,1H2,(H,10,11)	C8H7NS2	136	-220.83686149144188	null	C=C(C1=CC=CC=N1)C(=S)S	2.0999999		PubChem:(87654651)	0.328125	2
KNVSGSFKAFXEPZ	InChI=1S/C8H8NS2/c1-5-3-6(2)8-7(4-5)9-11-10-8/h3-4H,1-2H3/q+1	C8H7NS2	137	-225.21555145127675	5,7-dimethyl-1,2,3-benzodithiazol-1-ium	CC1=CC2=NS[S+]=C2C(=C1)C	3.51969862		PubChem:(359777)	0.4344262295081967	2
AFYCKEZMKNGJAW	InChI=1S/C8H7NS2/c10-11-8-3-1-7(2-4-8)9-5-6-9/h1-6,10H	C8H7NS2	138	-225.49544675141158	null	C1=CC(=CC=C1N2C=C2)SS	2.4000001		PubChem:(123497400)	0.2868217054263566	2
NDKPWLZJPGRFJQ	InChI=1S/C8H7NS2/c9-3-6-4-11-8-5-10-2-1-7(6)8/h4H,1-2,5H2	C8H7NS2	139	-225.66454456135978	null	C1CSCC2=C1C(=CS2)C#N	1.79999995		PubChem:(114754475)	0.22580645161290322	2
IGWFHAFFBQEUIX	InChI=1S/C8H7NS2/c10-9-6-5-7-3-1-2-4-8(7)11-9/h1-6,10H	C8H7NS2	140	-226.43516402386678	2-sulfanyl-1,2-benzothiazine	C1=CC=C2C(=C1)C=CN(S2)S	3.0999999		PubChem:(22413851)	0.19548872180451127	2
LZMDCGRSJJFRKY	InChI=1S/C8H7NS2/c1-3-7(10-5-1)8-9-4-2-6-11-8/h1-6,8H	C8H7NS2	141	-235.7013384563834	2-thiophen-2-yl-2H-1,3-thiazine	C1=CSC(=C1)C2N=CC=CS2	1.70000005		PubChem:(18692961)	0.37398373983739835	2
IPPIMWWHMSXKKI	InChI=1S/C8H7NS2/c1-2-4-9-8(3-1)7-5-10-11-6-7/h1-5H,6H2	C8H7NS2	142	-240.2287415196988	2-(3H-dithiol-4-yl)pyridine	C1C(=CSS1)C2=CC=CC=N2	1.10000002		PubChem:(20472503)	0.35384615384615387	2
NAIDGFJPMWALQG	InChI=1S/C8H7NS2/c1-2-7-3-5-10-11-6-8(7)9-4-1/h1-4,6H,5H2	C8H7NS2	143	-242.69672797574563	null	C1C=C2C=CC=NC2=CSS1	0.600000024		PubChem:(88089506)	0.32061068702290074	2
ILQVVIOFLRCHAM	InChI=1S/C8H7NS2/c1-2-4-8-7(3-1)5-6-9-11-10-8/h1-4,6H,5H2	C8H7NS2	144	-245.05675396519442	null	C1C=NSSC2=CC=CC=C21	1.89999998		PubChem:(53922804)	0.2283464566929134	2
MAGKTYIWKWBCRE	InChI=1S/C8H7NS2/c9-4-6-5-11-8-7(6)2-1-3-10-8/h5H,1-3H2	C8H7NS2	145	-247.43603027661203	null	C1CC2=C(SC1)SC=C2C#N	2.5999999		PubChem:(114754470)	0.2459016393442623	2
XSGRYVBJAYHRBL	InChI=1S/C8H7NS2/c1-6-5-9-8(11-6)7-3-2-4-10-7/h2-4H,1,5H2	C8H7NS2	146	-248.922277300314	null	C=C1CN=C(S1)C2=CC=CS2	2.5		PubChem:(10397420)	0.33076923076923076	2
IJZGHDKTDHGVGZ	InChI=1S/C8H7NS2/c10-8-5-6-3-1-2-4-7(6)11-9-8/h1-5,9-10H	C8H7NS2	147	-249.4717388739738	null	C1=CC=C2C(=C1)C=C(NS2)S	2.79999995		PubChem:(88356535)	0.22137404580152673	2
BOYFKQMBUSHNEW	InChI=1S/C8H7NS2/c1-3-7(10-5-1)8-9-4-2-6-11-8/h1-5H,6H2	C8H7NS2	148	-254.10974587483278	null	C1C=CN=C(S1)C2=CC=CS2	2.4000001		PubChem:(53693620)	0.33076923076923076	2
FWZXGYYJQMZJBJ	InChI=1S/C8H7NS2/c1-2-4-7(5-3-1)8-9-6-10-11-8/h1-5H,6H2	C8H7NS2	149	-255.5828989333555	null	C1N=C(SS1)C2=CC=CC=C2	2.0999999		PubChem:(85781407)	0.248	2
FPXFLOZNXUIZTE	InChI=1S/C8H7NS2/c1-2-4-7(5-3-1)8-6-10-11-9-8/h1-6,9H	C8H7NS2	150	-256.93529367211886	null	C1=CC=C(C=C1)C2=CSSN2	2.5999999		PubChem:(90302714)	0.23015873015873015	2
AQWCHSYEHJCCNU	InChI=1S/C8H7NS2/c10-8-5-11-7-4-2-1-3-6(7)9-8/h1-4H,5H2,(H,9,10)	C8H7NS2	151	-258.7790812450638	4H-1,4-benzothiazine-3-thione	C1C(=S)NC2=CC=CC=C2S1	2.0	16604538,20035615,20427476,20850304,20938917,21722674	PubChem:(773981); PubMed:(null)	0.38405797101449274	66
UPQSXGQNKWFCQV	InChI=1S/C8H7NS2/c10-8-9-5-6-3-1-2-4-7(6)11-8/h1-4H,5H2,(H,9,10)	C8H7NS2	152	-261.176653173754	3,4-dihydro-1,3-benzothiazine-2-thione	C1C2=CC=CC=C2SC(=S)N1	2.20000005		PubChem:(3255582)	0.31654676258992803	2
CFQKBLDAMMCXOM	InChI=1S/C8H7NS2/c10-8-9-7-4-2-1-3-6(7)5-11-8/h1-4H,5H2,(H,9,10)	C8H7NS2	153	-268.29491807024147	4H-3,1-Benzothiazine-2-thiol	C1C2=CC=CC=C2NC(=S)S1	2.20000005	16604538,20035615,20850304,20938917,21722674	PubChem:(3966099); PubMed:(null)	0.3284671532846715	66
YWLASNQCODQVHJ	InChI=1S/C8H7NS2/c10-11-8-4-2-1-3-7(8)5-6-9-11/h1-6,9H	C8H7NS2	154	-274.10151096190447	null	C1=CC=C2C(=C1)C=CNS2=S	4.4000001		PubChem:(67293599)	0.1925925925925926	2
HLOKABOEBDBEGO	InChI=1S/C8H7NS2/c10-8-5-6-3-1-2-4-7(6)11-9-8/h1-4H,5H2,(H,9,10)	C8H7NS2	155	-276.3847581089967	4H-1,2-benzothiazine-3-thione	C1C2=CC=CC=C2SNC1=S	1.79999995		PubChem:(23049728)	0.21428571428571427	2
ZPTVFBMYIOHRNP	InChI=1S/C8H7NS2/c9-7-5-3-1-2-4-6(5)11-8(7)10/h1-4,7H,9H2	C8H7NS2	156	-288.2212453173833	null	C1=CC=C2C(=C1)C(C(=S)S2)N	1.70000005		PubChem:(89059473)	0.2753623188405797	2
PWMNMBINNGYNLU	InChI=1S/C8H7NS2/c10-11-8-5-9-7-4-2-1-3-6(7)8/h1-4,10H,5H2	C8H7NS2	157	-298.8761518903854	null	C1C(=C2C=CC=CC2=N1)SS	1.60000002		PubChem:(91149739)	0.2845528455284553	2
NSUFXRHHYRSOTQ	InChI=1S/C8H7NS2/c10-6-2-1-3-7-8(4-6)11-5-9-7/h1-6,10H	C8H7NS2	158	-319.6867538926518	null	C1=CC(C=C2C(=C1)N=CS2)S	2.0		PubChem:(130239344)	0.3951612903225806	2
OTRUHWIFXJERET	InChI=1S/C8H8NS2/c10-6-4-8(11)7-3-1-2-5-9-7/h2-6,9H,1H2/q+1	C8H7NS2	159	-321.2884071149108	null	C1C=CNC(=C1)C(=S)[CH+]C=S	1.89999998		PubChem:(136434655)	0.14285714285714285	2
OEGWWKZEPZKSMZ	InChI=1S/C8H7NS2/c1-4-6-7(5-2)11-8(10)9(6)3/h1-2,6-7H,3H3	C8H7NS2	160	-323.16816760959153	null	CN1C(C(SC1=S)C#C)C#C	1.29999995		PubChem:(88889787)	0.22695035460992907	2
QBEYBHLCNXJMEZ	InChI=1S/C8H7NS2/c10-8-9-7-4-2-1-3-6(7)5-11-8/h1-5,7H,(H,9,10)	C8H7NS2	161	-333.72055800449965	1,8a-dihydro-3,1-benzothiazine-2-thione	C1=CC2C(=CSC(=S)N2)C=C1	2.0		PubChem:(20296811)	0.19047619047619047	2
